gestion,codigo_departamento,area,edad,sexo,estadistico,observaciones,valor,cv
2025,1,rural,16,hombre,media,14,128.3641578609898,0.4978108517076126
2025,1,rural,16,hombre,mediana,14,50.0,0.3307492729533347
2025,1,rural,16,mujer,media,15,60.47535152991858,0.32400379817655817
2025,1,rural,16,mujer,mediana,15,50.0,0.3089479045043107
2025,1,rural,17,hombre,media,13,132.9871692001377,0.8058099860233773
2025,1,rural,17,hombre,mediana,13,5.0,3.062274952238787
2025,1,rural,17,mujer,media,16,54.24468986385977,0.23402649503099654
2025,1,rural,17,mujer,mediana,16,30.0,0.6245646480454101
2025,1,rural,18,hombre,media,12,56.78642959847082,0.2791783823515
2025,1,rural,18,hombre,mediana,12,70.0,0.4491540389085786
2025,1,rural,18,mujer,media,5,819.8339218451189,0.4698575861509624
2025,1,rural,18,mujer,mediana,5,1395.0,0.0
2025,1,rural,19,hombre,media,6,43.93197606484224,0.5113767086754946
2025,1,rural,19,hombre,mediana,6,30.0,0.2689782441239916
2025,1,rural,19,mujer,media,6,34.35873720760563,0.27880884960196817
2025,1,rural,19,mujer,mediana,6,40.0,0.31812361062342076
2025,1,rural,20,hombre,media,4,114.41618170455477,0.4253218887185661
2025,1,rural,20,hombre,mediana,4,60.0,1.6424384553743991
2025,1,rural,20,mujer,media,3,1.942404079603464,1.1133426511692521
2025,1,rural,20,mujer,mediana,3,0.0,
2025,1,rural,21,hombre,media,8,21.25814036534082,0.3027630431340483
2025,1,rural,21,hombre,mediana,8,20.0,0.730831613583421
2025,1,rural,21,mujer,media,5,116.48542184565997,0.3297911182179277
2025,1,rural,21,mujer,mediana,5,70.0,0.8010374419018409
2025,1,rural,22,hombre,media,5,23.06748756471905,0.5601973273318357
2025,1,rural,22,hombre,mediana,5,20.0,0.35372554232646103
2025,1,rural,22,mujer,media,7,111.00817977190982,0.7883358870308684
2025,1,rural,22,mujer,mediana,7,20.0,1.8449401125514975
2025,1,rural,23,hombre,media,4,170.75360875719852,0.5856540377976465
2025,1,rural,23,hombre,mediana,4,15.0,0.3441979137935238
2025,1,rural,23,mujer,media,5,116.81315099698116,0.2371550795636793
2025,1,rural,23,mujer,mediana,5,150.0,0.18103055106081928
2025,1,rural,24,hombre,media,5,290.4739019514621,0.48026099555708224
2025,1,rural,24,hombre,mediana,5,200.0,0.4406219226168134
2025,1,rural,24,mujer,media,9,87.0145049791911,0.4971672202144846
2025,1,rural,24,mujer,mediana,9,15.0,0.7324197951034238
2025,1,rural,25,hombre,media,9,271.3064191397125,0.7201777339499195
2025,1,rural,25,hombre,mediana,9,70.0,1.164280161351674
2025,1,rural,25,mujer,media,2,60.92949592714875,0.3220482346836786
2025,1,rural,25,mujer,mediana,2,80.0,0.0
2025,1,rural,26,hombre,media,10,162.49396327157274,0.29076211949444486
2025,1,rural,26,hombre,mediana,10,180.0,0.35239633074105825
2025,1,rural,26,mujer,media,2,60.3378301632402,0.7556157638068899
2025,1,rural,26,mujer,mediana,2,10.0,9.118443125049428
2025,1,rural,27,hombre,media,7,308.9905094038921,0.7800050422659062
2025,1,rural,27,hombre,mediana,7,100.0,0.34101324610921707
2025,1,rural,27,mujer,media,5,1054.1516357037317,0.5960653072543655
2025,1,rural,27,mujer,mediana,5,600.0,0.27691833674954996
2025,1,rural,28,hombre,media,9,727.2410463677535,0.6143553910541123
2025,1,rural,28,hombre,mediana,9,50.0,6.875682744665102
2025,1,rural,28,mujer,media,6,52.89020403053537,0.7695766389304959
2025,1,rural,28,mujer,mediana,6,10.0,1.107140692544219
2025,1,urbana,16,hombre,media,18,260.19309849879613,0.27752185503215787
2025,1,urbana,16,hombre,mediana,18,80.0,1.254568789997234
2025,1,urbana,16,mujer,media,19,191.95428357475154,0.6237422153651581
2025,1,urbana,16,mujer,mediana,19,20.0,1.5729191338723962
2025,1,urbana,17,hombre,media,6,413.61278354915396,0.48183827919737504
2025,1,urbana,17,hombre,mediana,6,220.0,1.576620380720677
2025,1,urbana,17,mujer,media,17,120.8744447510023,0.2304908029776616
2025,1,urbana,17,mujer,mediana,17,100.0,0.10412807578693178
2025,1,urbana,18,hombre,media,17,89.6276393583873,0.16098214810775494
2025,1,urbana,18,hombre,mediana,17,60.0,0.31919070043755177
2025,1,urbana,18,mujer,media,12,120.39555821478514,0.3580834522665604
2025,1,urbana,18,mujer,mediana,12,60.0,0.8248422247619432
2025,1,urbana,19,hombre,media,15,673.0923443648655,0.8426525180428345
2025,1,urbana,19,hombre,mediana,15,30.0,2.1348580854225405
2025,1,urbana,19,mujer,media,18,324.4440347673375,0.4847661635582637
2025,1,urbana,19,mujer,mediana,18,80.0,0.5300775625973083
2025,1,urbana,20,hombre,media,9,55.91599539431625,0.35951014722737634
2025,1,urbana,20,hombre,mediana,9,40.0,0.4201046580424387
2025,1,urbana,20,mujer,media,20,171.67141553458555,0.21493453081092606
2025,1,urbana,20,mujer,mediana,20,180.0,0.1916673398212548
2025,1,urbana,21,hombre,media,10,194.36473067076068,0.38670403155955263
2025,1,urbana,21,hombre,mediana,10,50.0,1.268560171200376
2025,1,urbana,21,mujer,media,9,89.94941590545082,0.24579181681864884
2025,1,urbana,21,mujer,mediana,9,50.0,1.0885193742160217
2025,1,urbana,22,hombre,media,16,258.8340142953385,0.5351064539080703
2025,1,urbana,22,hombre,mediana,16,150.0,0.2783436256449669
2025,1,urbana,22,mujer,media,13,595.661015868559,0.5008341669713925
2025,1,urbana,22,mujer,mediana,13,70.0,0.8681265798241562
2025,1,urbana,23,hombre,media,16,128.43131271289718,0.3433132413815028
2025,1,urbana,23,hombre,mediana,16,45.0,1.093634480766259
2025,1,urbana,23,mujer,media,13,1701.7590422633941,0.542496697770626
2025,1,urbana,23,mujer,mediana,13,100.0,6.529399400920641
2025,1,urbana,24,hombre,media,15,128.75852507489736,0.36318512026762634
2025,1,urbana,24,hombre,mediana,15,60.0,0.5323075756677513
2025,1,urbana,24,mujer,media,12,149.9632040761103,0.2850522094379436
2025,1,urbana,24,mujer,mediana,12,100.0,0.45961374906245
2025,1,urbana,25,hombre,media,20,462.65081914854517,0.5034823362934352
2025,1,urbana,25,hombre,mediana,20,70.0,0.2949175011212379
2025,1,urbana,25,mujer,media,12,112.78403031458546,0.36323547942235557
2025,1,urbana,25,mujer,mediana,12,40.0,1.139545475260097
2025,1,urbana,26,hombre,media,9,169.74394239570873,0.23128185522731265
2025,1,urbana,26,hombre,mediana,9,150.0,0.4005040187647096
2025,1,urbana,26,mujer,media,12,305.31138395477467,0.688427545706521
2025,1,urbana,26,mujer,mediana,12,80.0,0.2299767929719458
2025,1,urbana,27,hombre,media,11,186.31609533580936,0.5876276525251268
2025,1,urbana,27,hombre,mediana,11,30.0,0.6989961122866581
2025,1,urbana,27,mujer,media,14,429.3726727205062,0.6765931574309761
2025,1,urbana,27,mujer,mediana,14,100.0,0.37683254010221207
2025,1,urbana,28,hombre,media,11,194.6939886208568,0.43308354624906514
2025,1,urbana,28,hombre,mediana,11,100.0,0.4045832778289147
2025,1,urbana,28,mujer,media,18,411.2009195148125,0.34215205751389843
2025,1,urbana,28,mujer,mediana,18,150.0,0.981558271608531
2025,2,rural,16,hombre,media,11,85.46570548590716,0.28606931440269784
2025,2,rural,16,hombre,mediana,11,10.0,4.117921135949527
2025,2,rural,16,mujer,media,8,44.36397361775536,0.6710269638873471
2025,2,rural,16,mujer,mediana,8,0.0,
2025,2,rural,17,hombre,media,18,57.943304284952255,0.4404744180203649
2025,2,rural,17,hombre,mediana,18,20.0,0.6333787266666326
2025,2,rural,17,mujer,media,6,372.3897584639471,0.5058684331972263
2025,2,rural,17,mujer,mediana,6,150.0,2.476593832521281
2025,2,rural,18,hombre,media,9,154.36234532505554,0.8657201133511329
2025,2,rural,18,hombre,mediana,9,20.0,0.28451042941738863
2025,2,rural,18,mujer,media,9,124.91045246135779,0.5116070031115838
2025,2,rural,18,mujer,mediana,9,60.0,0.6102038832864295
2025,2,rural,19,hombre,media,8,36.42173786613327,0.5098595109765857
2025,2,rural,19,hombre,mediana,8,4.0,4.949633054736452
2025,2,rural,19,mujer,media,6,13.914498193020538,0.5614070525243364
2025,2,rural,19,mujer,mediana,6,0.0,
2025,2,rural,20,hombre,media,7,253.53218864218067,0.7344612501310362
2025,2,rural,20,hombre,mediana,7,30.0,4.219817678478614
2025,2,rural,20,mujer,media,10,2724.9326547439427,0.7869789459847173
2025,2,rural,20,mujer,mediana,10,60.0,25.583698112431552
2025,2,rural,21,hombre,media,4,147.36748776171737,0.44652327891227
2025,2,rural,21,hombre,mediana,4,80.0,2.0303595836311894
2025,2,rural,21,mujer,media,6,139.73892255578525,0.240746559286384
2025,2,rural,21,mujer,mediana,6,170.0,0.172422358123276
2025,2,rural,22,hombre,media,5,406.08772103537365,0.7006876947688337
2025,2,rural,22,hombre,mediana,5,50.0,11.886176679282327
2025,2,rural,22,mujer,media,7,295.89158618158774,0.6813959251181172
2025,2,rural,22,mujer,mediana,7,20.0,7.097336703970039
2025,2,rural,23,hombre,media,4,46.73588288019121,0.7146941369312306
2025,2,rural,23,hombre,mediana,4,50.0,0.4351211411044739
2025,2,rural,23,mujer,media,6,208.67866431475815,0.7444005968056037
2025,2,rural,23,mujer,mediana,6,35.0,0.18848245719573228
2025,2,rural,24,hombre,media,6,96.71434429723354,0.6425502363612913
2025,2,rural,24,hombre,mediana,6,50.0,0.23977660466522688
2025,2,rural,24,mujer,media,2,3.7035226351392225,0.8904563684561316
2025,2,rural,24,mujer,mediana,2,0.0,
2025,2,rural,25,hombre,media,9,59.651276482289404,0.35524762623581246
2025,2,rural,25,hombre,mediana,9,50.0,0.12518236303138328
2025,2,rural,25,mujer,media,9,145.44945136582996,0.2653040924099704
2025,2,rural,25,mujer,mediana,9,20.0,1.2642266388115522
2025,2,rural,26,hombre,media,5,281.1039139081421,0.6660417878878834
2025,2,rural,26,hombre,mediana,5,50.0,8.041011176569663
2025,2,rural,26,mujer,media,7,181.985448739366,0.4028797704884543
2025,2,rural,26,mujer,mediana,7,150.0,0.952411698958501
2025,2,rural,27,hombre,media,6,168.75236624452663,0.4128168795939493
2025,2,rural,27,hombre,mediana,6,100.0,0.427591342923847
2025,2,rural,27,mujer,media,5,276.6043533029859,0.44231606496805703
2025,2,rural,27,mujer,mediana,5,180.0,1.6744414785463344
2025,2,rural,28,hombre,media,6,432.85248458574887,0.8210040076383003
2025,2,rural,28,hombre,mediana,6,0.0,
2025,2,rural,28,mujer,media,3,40.76250214392472,0.2567848128567748
2025,2,rural,28,mujer,mediana,3,30.0,0.3502069881440613
2025,2,urbana,16,hombre,media,90,272.5612505659163,0.3300384196893962
2025,2,urbana,16,hombre,mediana,90,40.0,0.2618720676403992
2025,2,urbana,16,mujer,media,81,177.65550741895382,0.3447635759795697
2025,2,urbana,16,mujer,mediana,81,50.0,0.32342973629524624
2025,2,urbana,17,hombre,media,82,170.22125666251003,0.17763569374976182
2025,2,urbana,17,hombre,mediana,82,50.0,0.477442751209461
2025,2,urbana,17,mujer,media,87,264.9426251215117,0.3304874590882247
2025,2,urbana,17,mujer,mediana,87,50.0,0.3668685828792518
2025,2,urbana,18,hombre,media,81,184.7186696379455,0.23067967193309574
2025,2,urbana,18,hombre,mediana,81,30.0,0.6925572598671451
2025,2,urbana,18,mujer,media,78,168.56618994750727,0.31919831335110005
2025,2,urbana,18,mujer,mediana,78,60.0,0.19742183355224133
2025,2,urbana,19,hombre,media,52,432.29580248685056,0.6762948628364807
2025,2,urbana,19,hombre,mediana,52,50.0,0.5535620207374676
2025,2,urbana,19,mujer,media,60,416.18480329341037,0.5983064220505777
2025,2,urbana,19,mujer,mediana,60,80.0,0.2555548253015535
2025,2,urbana,20,hombre,media,66,607.8877566666305,0.489321788419432
2025,2,urbana,20,hombre,mediana,66,30.0,0.704678422953986
2025,2,urbana,20,mujer,media,81,573.0290670920682,0.4484097766278024
2025,2,urbana,20,mujer,mediana,81,70.0,0.47359167414445125
2025,2,urbana,21,hombre,media,66,384.5716605440018,0.45072585214734834
2025,2,urbana,21,hombre,mediana,66,60.0,0.3642991156170241
2025,2,urbana,21,mujer,media,70,517.8220166944838,0.4556918668167286
2025,2,urbana,21,mujer,mediana,70,60.0,0.25462072212907716
2025,2,urbana,22,hombre,media,58,238.56742230941293,0.37432621856337656
2025,2,urbana,22,hombre,mediana,58,50.0,0.4196460766666055
2025,2,urbana,22,mujer,media,75,1463.014802530033,0.6549593756504971
2025,2,urbana,22,mujer,mediana,75,90.0,0.5229390513718738
2025,2,urbana,23,hombre,media,63,264.8786916410779,0.3092567604508266
2025,2,urbana,23,hombre,mediana,63,50.0,0.33741230006662876
2025,2,urbana,23,mujer,media,79,344.1959626760612,0.5832560772497092
2025,2,urbana,23,mujer,mediana,79,70.0,0.3061941646210364
2025,2,urbana,24,hombre,media,60,369.38773123443946,0.35379230587191746
2025,2,urbana,24,hombre,mediana,60,100.0,0.37828930547775796
2025,2,urbana,24,mujer,media,63,233.8880034117391,0.29633304062153937
2025,2,urbana,24,mujer,mediana,63,60.0,0.38176710184796064
2025,2,urbana,25,hombre,media,110,425.1800980923605,0.3013852287074613
2025,2,urbana,25,hombre,mediana,110,66.0,0.22635061366049597
2025,2,urbana,25,mujer,media,88,96.33924126455597,0.16249729227278514
2025,2,urbana,25,mujer,mediana,88,50.0,0.20744442348666095
2025,2,urbana,26,hombre,media,66,286.5926924366178,0.402739739675925
2025,2,urbana,26,hombre,mediana,66,60.0,0.23278222740702978
2025,2,urbana,26,mujer,media,72,517.1112002370071,0.472216985546484
2025,2,urbana,26,mujer,mediana,72,80.0,0.34080512420794024
2025,2,urbana,27,hombre,media,65,874.5245051114415,0.7833991076877868
2025,2,urbana,27,hombre,mediana,65,80.0,0.303635479755646
2025,2,urbana,27,mujer,media,72,366.8949777984027,0.3815904834567684
2025,2,urbana,27,mujer,mediana,72,70.0,0.7730257739651049
2025,2,urbana,28,hombre,media,72,166.270535251871,0.19533695502481158
2025,2,urbana,28,hombre,mediana,72,50.0,0.3532937493099905
2025,2,urbana,28,mujer,media,74,314.4370574063537,0.2865504187092829
2025,2,urbana,28,mujer,mediana,74,80.0,0.27711051613195103
2025,3,rural,16,hombre,media,9,34.54241434413356,0.42045446752474197
2025,3,rural,16,hombre,mediana,9,40.0,0.5872232925631683
2025,3,rural,16,mujer,media,9,29.933588826071407,0.4376384269563151
2025,3,rural,16,mujer,mediana,9,25.0,0.32181932113761585
2025,3,rural,17,hombre,media,9,69.40060788889441,0.5694183782771026
2025,3,rural,17,hombre,mediana,9,40.0,0.13028628985847043
2025,3,rural,17,mujer,media,13,36.01827033450705,0.5118387916544102
2025,3,rural,17,mujer,mediana,13,15.0,1.0905602444635638
2025,3,rural,18,hombre,media,4,22.830348193577912,0.38374528360643306
2025,3,rural,18,hombre,mediana,4,30.0,0.7134671742719696
2025,3,rural,18,mujer,media,16,421.2793023757021,0.6533937448048327
2025,3,rural,18,mujer,mediana,16,20.0,0.5666939424234687
2025,3,rural,19,hombre,media,7,62.413186114895275,0.391715526949963
2025,3,rural,19,hombre,mediana,7,60.0,0.19754329540189364
2025,3,rural,19,mujer,media,6,444.5763327255946,0.4274416264329871
2025,3,rural,19,mujer,mediana,6,200.0,1.7810668575334005
2025,3,rural,20,hombre,media,5,34.909386909753984,0.33408583949192644
2025,3,rural,20,hombre,mediana,5,40.0,0.5625953471201848
2025,3,rural,20,mujer,media,3,82.79211516952883,0.6841328400816983
2025,3,rural,20,mujer,mediana,3,50.0,2.287098336740663
2025,3,rural,21,hombre,media,1,300.0,0.0
2025,3,rural,21,hombre,mediana,1,300.0,0.0
2025,3,rural,21,mujer,media,1,80.0,0.0
2025,3,rural,21,mujer,mediana,1,80.0,0.0
2025,3,rural,22,hombre,media,3,0.0,
2025,3,rural,22,hombre,mediana,3,0.0,
2025,3,rural,22,mujer,media,6,124.49668284712848,0.343564245846742
2025,3,rural,22,mujer,mediana,6,100.0,0.849063965424718
2025,3,rural,23,hombre,media,7,32.66084554090058,0.16370492918518575
2025,3,rural,23,hombre,mediana,7,30.0,0.06579726874343596
2025,3,rural,23,mujer,media,3,60.132246280810975,0.4581522715383363
2025,3,rural,23,mujer,mediana,3,100.0,0.0
2025,3,rural,24,hombre,media,6,132.8399228496872,0.3574300890352442
2025,3,rural,24,hombre,mediana,6,80.0,0.3004717763060096
2025,3,rural,24,mujer,media,4,28.746742297862824,0.28591819911867006
2025,3,rural,24,mujer,mediana,4,40.0,0.0
2025,3,rural,25,hombre,media,7,155.95465477156495,0.3700703856137504
2025,3,rural,25,hombre,mediana,7,100.0,0.26240649629792434
2025,3,rural,25,mujer,media,8,61.24571293363961,0.37395142287853095
2025,3,rural,25,mujer,mediana,8,90.0,0.33626113827808696
2025,3,rural,26,hombre,media,2,40.22471910112359,0.1897780625665128
2025,3,rural,26,hombre,mediana,2,50.0,0.0
2025,3,rural,26,mujer,media,5,23.70517918384339,0.43107002684642304
2025,3,rural,26,mujer,mediana,5,6.0,1.4842776343297528
2025,3,rural,27,hombre,media,3,180.61677024445078,0.464503591857421
2025,3,rural,27,hombre,mediana,3,300.0,0.0
2025,3,rural,27,mujer,media,3,68.53208191087441,0.6887599409241709
2025,3,rural,27,mujer,mediana,3,40.0,2.46134431670344
2025,3,rural,28,hombre,media,4,88.73262317569585,0.4200661453442831
2025,3,rural,28,hombre,mediana,4,100.0,0.25755174719519724
2025,3,rural,28,mujer,media,4,1572.1448705976397,0.8566012371333094
2025,3,rural,28,mujer,mediana,4,50.0,0.26759918555052
2025,3,urbana,16,hombre,media,40,297.0561954459555,0.33433471622549893
2025,3,urbana,16,hombre,mediana,40,60.0,1.1468016209649379
2025,3,urbana,16,mujer,media,56,253.32865682348452,0.31894025891699374
2025,3,urbana,16,mujer,mediana,56,65.0,0.4918044330677452
2025,3,urbana,17,hombre,media,58,209.8743236789418,0.2619296348416872
2025,3,urbana,17,hombre,mediana,58,60.0,0.4880014514913752
2025,3,urbana,17,mujer,media,44,140.70630805088453,0.2337617961591327
2025,3,urbana,17,mujer,mediana,44,70.0,0.7623624994826375
2025,3,urbana,18,hombre,media,44,339.95821463678476,0.41514519950345835
2025,3,urbana,18,hombre,mediana,44,50.0,0.5923824206998143
2025,3,urbana,18,mujer,media,51,612.5363617993231,0.517369836814681
2025,3,urbana,18,mujer,mediana,51,80.0,0.5012934714940788
2025,3,urbana,19,hombre,media,31,234.9764900795433,0.4967961240575815
2025,3,urbana,19,hombre,mediana,31,60.0,0.3102557572794845
2025,3,urbana,19,mujer,media,38,883.0381279933442,0.4168001166819906
2025,3,urbana,19,mujer,mediana,38,100.0,0.8324037074996337
2025,3,urbana,20,hombre,media,39,136.50736340925917,0.259062553236414
2025,3,urbana,20,hombre,mediana,39,60.0,0.2941562968706872
2025,3,urbana,20,mujer,media,58,931.5350499855958,0.5518409194162611
2025,3,urbana,20,mujer,mediana,58,90.0,0.5765796195139371
2025,3,urbana,21,hombre,media,39,583.836412299929,0.5981414126443952
2025,3,urbana,21,hombre,mediana,39,30.0,1.1405480648789408
2025,3,urbana,21,mujer,media,48,314.39933661450067,0.2573662684398986
2025,3,urbana,21,mujer,mediana,48,50.0,0.8466900528169695
2025,3,urbana,22,hombre,media,43,114.21163396697945,0.32451162077720136
2025,3,urbana,22,hombre,mediana,43,50.0,0.35101021339211913
2025,3,urbana,22,mujer,media,44,420.26760170058753,0.30391245964567976
2025,3,urbana,22,mujer,mediana,44,70.0,0.8187357784019068
2025,3,urbana,23,hombre,media,50,621.585511305634,0.6585887977476743
2025,3,urbana,23,hombre,mediana,50,100.0,0.28523166224685276
2025,3,urbana,23,mujer,media,48,247.28180776388797,0.25943196297149534
2025,3,urbana,23,mujer,mediana,48,60.0,0.7994401636630343
2025,3,urbana,24,hombre,media,40,277.2561840710076,0.4518203388558799
2025,3,urbana,24,hombre,mediana,40,50.0,0.5054681357965974
2025,3,urbana,24,mujer,media,37,493.350147615917,0.5325636990098669
2025,3,urbana,24,mujer,mediana,37,30.0,2.023617529384473
2025,3,urbana,25,hombre,media,64,611.8684905085674,0.7401824785168961
2025,3,urbana,25,hombre,mediana,64,40.0,0.4246100889996736
2025,3,urbana,25,mujer,media,45,275.6183145597774,0.31157367752339427
2025,3,urbana,25,mujer,mediana,45,100.0,0.4447257530188405
2025,3,urbana,26,hombre,media,44,158.0277372570409,0.16390265522175668
2025,3,urbana,26,hombre,mediana,44,100.0,0.21371555343427123
2025,3,urbana,26,mujer,media,50,233.01534019873526,0.21443047457949846
2025,3,urbana,26,mujer,mediana,50,100.0,0.3738845651248808
2025,3,urbana,27,hombre,media,46,366.7574425472093,0.5995834531968919
2025,3,urbana,27,hombre,mediana,46,80.0,0.31421690367832267
2025,3,urbana,27,mujer,media,32,455.993527551993,0.37420287477801756
2025,3,urbana,27,mujer,mediana,32,160.0,0.28494976470548716
2025,3,urbana,28,hombre,media,35,571.3307014790881,0.69794354418477
2025,3,urbana,28,hombre,mediana,35,20.0,0.9311118855042138
2025,3,urbana,28,mujer,media,49,426.8500188484276,0.3308914506187866
2025,3,urbana,28,mujer,mediana,49,80.0,0.7991195811708638
2025,4,rural,16,hombre,media,10,26.318169368668823,0.6802399463352163
2025,4,rural,16,hombre,mediana,10,0.0,
2025,4,rural,16,mujer,media,11,33.30916365407617,0.5776324901991178
2025,4,rural,16,mujer,mediana,11,0.0,
2025,4,rural,17,hombre,media,6,162.7540211624594,0.6624590443679064
2025,4,rural,17,hombre,mediana,6,100.0,0.1985772168341359
2025,4,rural,17,mujer,media,6,76.37651237228278,0.2265911330772246
2025,4,rural,17,mujer,mediana,6,100.0,0.0
2025,4,rural,18,hombre,media,5,26.94996826445817,0.6467094817245652
2025,4,rural,18,hombre,mediana,5,10.0,2.5511687701403476
2025,4,rural,18,mujer,media,6,30.302993524756562,0.24041527485993913
2025,4,rural,18,mujer,mediana,6,40.0,0.04109424360974659
2025,4,rural,19,hombre,media,5,19.851858444317827,0.2538603232272569
2025,4,rural,19,hombre,mediana,5,25.0,0.5884931313094948
2025,4,rural,20,hombre,media,5,25.649777505479154,0.2614911771460755
2025,4,rural,20,hombre,mediana,5,20.0,0.0
2025,4,rural,20,mujer,media,1,0.0,
2025,4,rural,20,mujer,mediana,1,0.0,
2025,4,rural,21,hombre,media,2,0.0,
2025,4,rural,21,hombre,mediana,2,0.0,
2025,4,rural,21,mujer,media,6,145.13362310686873,0.40928952522998396
2025,4,rural,21,mujer,mediana,6,100.0,0.0
2025,4,rural,22,hombre,media,3,360.4805215694824,0.23610371761087984
2025,4,rural,22,hombre,mediana,3,450.0,0.0
2025,4,rural,22,mujer,media,4,14.744703563056559,1.2105741511685424
2025,4,rural,22,mujer,mediana,4,0.0,
2025,4,rural,23,hombre,media,1,40.0,0.0
2025,4,rural,23,hombre,mediana,1,40.0,0.0
2025,4,rural,23,mujer,media,2,72.18613861386137,1.0739248415628722
2025,4,rural,23,mujer,mediana,2,0.0,
2025,4,rural,24,hombre,media,6,36.92600394017875,0.4185169088414925
2025,4,rural,24,hombre,mediana,6,0.0,
2025,4,rural,24,mujer,media,6,12.121639756903484,0.5861369947426304
2025,4,rural,24,mujer,mediana,6,9.0,0.4478856086976292
2025,4,rural,25,hombre,media,2,347.1119849320952,0.3508034194940113
2025,4,rural,25,hombre,mediana,2,500.0,0.0
2025,4,rural,25,mujer,media,7,253.93591544501027,0.4743842037893506
2025,4,rural,25,mujer,mediana,7,110.0,1.740768478003647
2025,4,rural,26,hombre,media,5,51.4352993283369,0.4778710821118009
2025,4,rural,26,hombre,mediana,5,7.0,6.981758681891756
2025,4,rural,26,mujer,media,7,114.08678697079857,0.8401943907916881
2025,4,rural,26,mujer,mediana,7,0.0,
2025,4,rural,27,hombre,media,5,277.9479628502161,0.5052932695300423
2025,4,rural,27,hombre,mediana,5,200.0,1.4588873919285288
2025,4,rural,27,mujer,media,5,85.52341298722209,0.17163348575108103
2025,4,rural,27,mujer,mediana,5,100.0,0.17278731845982062
2025,4,rural,28,hombre,media,6,129.48545271713988,0.22612607676920388
2025,4,rural,28,hombre,mediana,6,115.0,0.22022683328642173
2025,4,urbana,16,hombre,media,19,790.8495789179382,0.712124911768688
2025,4,urbana,16,hombre,mediana,19,0.0,
2025,4,urbana,16,mujer,media,22,118.8790477764722,0.36872413542578714
2025,4,urbana,16,mujer,mediana,22,50.0,0.6841862104889949
2025,4,urbana,17,hombre,media,15,56.32294179247031,0.3889976747980967
2025,4,urbana,17,hombre,mediana,15,35.0,0.824621778286498
2025,4,urbana,17,mujer,media,16,91.98959495212631,0.3027912069799689
2025,4,urbana,17,mujer,mediana,16,100.0,0.5474285116165901
2025,4,urbana,18,hombre,media,15,133.47119808845002,0.3759031711838744
2025,4,urbana,18,hombre,mediana,15,100.0,0.6196841214395133
2025,4,urbana,18,mujer,media,17,200.5263971632456,0.5345052630507138
2025,4,urbana,18,mujer,mediana,17,50.0,0.34253111703357164
2025,4,urbana,19,hombre,media,9,465.3678608022824,0.5170820107598564
2025,4,urbana,19,hombre,mediana,9,70.0,2.444827523375697
2025,4,urbana,19,mujer,media,12,387.01472088699495,0.39210896331857087
2025,4,urbana,19,mujer,mediana,12,200.0,0.5080319448992427
2025,4,urbana,20,hombre,media,15,81.10081312034247,0.30334218929823475
2025,4,urbana,20,hombre,mediana,15,50.0,0.35587258126518473
2025,4,urbana,20,mujer,media,23,351.1936738512388,0.6874903409688674
2025,4,urbana,20,mujer,mediana,23,100.0,0.46505876743408586
2025,4,urbana,21,hombre,media,7,244.210474047924,0.43320522320158816
2025,4,urbana,21,hombre,mediana,7,60.0,2.931523383782687
2025,4,urbana,21,mujer,media,16,276.4776466145918,0.5543726656408408
2025,4,urbana,21,mujer,mediana,16,120.0,0.3974597671470012
2025,4,urbana,22,hombre,media,18,106.20856832928474,0.4760408194060872
2025,4,urbana,22,hombre,mediana,18,0.0,
2025,4,urbana,22,mujer,media,17,268.0841679320975,0.5885431824425597
2025,4,urbana,22,mujer,mediana,17,100.0,0.8595556141809441
2025,4,urbana,23,hombre,media,18,707.7826390693348,0.7174421906428354
2025,4,urbana,23,hombre,mediana,18,120.0,0.33084122284686024
2025,4,urbana,23,mujer,media,8,291.3668022221585,0.6625169951592621
2025,4,urbana,23,mujer,mediana,8,50.0,1.9968637251351418
2025,4,urbana,24,hombre,media,15,743.307931946205,0.8044978793287066
2025,4,urbana,24,hombre,mediana,15,100.0,0.5541109418661961
2025,4,urbana,24,mujer,media,10,770.5310835671183,0.48214488305460795
2025,4,urbana,24,mujer,mediana,10,220.0,1.151939347288441
2025,4,urbana,25,hombre,media,23,776.2005992972998,0.5594531232363451
2025,4,urbana,25,hombre,mediana,23,100.0,1.043483542924801
2025,4,urbana,25,mujer,media,18,375.1576261361024,0.7915525797804465
2025,4,urbana,25,mujer,mediana,18,0.0,
2025,4,urbana,26,hombre,media,18,94.04419754754073,0.39629391216736864
2025,4,urbana,26,hombre,mediana,18,40.0,1.1770111992876746
2025,4,urbana,26,mujer,media,16,319.6074912891666,0.32177890997350184
2025,4,urbana,26,mujer,mediana,16,150.0,0.979268237488611
2025,4,urbana,27,hombre,media,10,58.36302466428317,0.5765185244955202
2025,4,urbana,27,hombre,mediana,10,10.0,1.4138634507034467
2025,4,urbana,27,mujer,media,11,1851.4401180091368,0.7897660349716826
2025,4,urbana,27,mujer,mediana,11,50.0,1.3746701939630497
2025,4,urbana,28,hombre,media,11,108.20458948541018,0.4035154798351833
2025,4,urbana,28,hombre,mediana,11,50.0,1.2238622741368106
2025,4,urbana,28,mujer,media,16,210.77866590156648,0.5958232421456643
2025,4,urbana,28,mujer,mediana,16,60.0,0.7150377614551409
2025,5,rural,16,hombre,media,7,27.47953743893625,0.4265241903686655
2025,5,rural,16,hombre,mediana,7,20.0,1.0699336016396266
2025,5,rural,16,mujer,media,11,26.659911318920507,0.4393342015535472
2025,5,rural,16,mujer,mediana,11,8.0,1.4158229452398314
2025,5,rural,17,hombre,media,8,56.25594268011074,0.45426005293412286
2025,5,rural,17,hombre,mediana,8,10.0,5.4982563435754495
2025,5,rural,17,mujer,media,6,35.23756207980833,0.5216652886805376
2025,5,rural,17,mujer,mediana,6,20.0,1.5334825945916117
2025,5,rural,18,hombre,media,9,231.85328397602404,0.6252272290647949
2025,5,rural,18,hombre,mediana,9,50.0,1.422505908787394
2025,5,rural,18,mujer,media,12,39.334657815496605,0.26115751548180777
2025,5,rural,18,mujer,mediana,12,30.0,0.4032662493683365
2025,5,rural,19,hombre,media,5,1330.0586060355167,0.9276255882931816
2025,5,rural,19,hombre,mediana,5,250.0,0.19704788911103918
2025,5,rural,19,mujer,media,7,181.63617299257308,0.727226101443107
2025,5,rural,19,mujer,mediana,7,20.0,13.180703232554515
2025,5,rural,20,hombre,media,5,122.50965714498089,0.35322530450144557
2025,5,rural,20,hombre,mediana,5,150.0,0.5149712933077979
2025,5,rural,20,mujer,media,7,222.3759544849245,0.3616523598398023
2025,5,rural,20,mujer,mediana,7,125.0,0.43291872686863214
2025,5,rural,21,hombre,media,2,2579.0488338623204,0.12906486878771314
2025,5,rural,21,hombre,mediana,2,2200.0,0.30260418121776816
2025,5,rural,21,mujer,media,6,120.42880335997353,0.44781810256920584
2025,5,rural,21,mujer,mediana,6,10.0,3.195994180602069
2025,5,rural,22,hombre,media,3,42.88350242255574,1.0004663780645333
2025,5,rural,22,hombre,mediana,3,0.0,
2025,5,rural,22,mujer,media,4,250.9764878274971,0.36068597332622004
2025,5,rural,22,mujer,mediana,4,260.0,0.7883958312042683
2025,5,rural,23,hombre,media,3,156.5552001292231,0.499415219404014
2025,5,rural,23,hombre,mediana,3,100.0,0.0
2025,5,rural,23,mujer,media,12,85.94004278884015,0.4677425896216067
2025,5,rural,23,mujer,mediana,12,0.0,
2025,5,rural,24,hombre,media,4,32.73973737667421,0.9519264758105861
2025,5,rural,24,hombre,mediana,4,0.0,
2025,5,rural,24,mujer,media,3,21.442848699257816,0.5762655157249317
2025,5,rural,24,mujer,mediana,3,40.0,0.0
2025,5,rural,25,hombre,media,8,209.5729552756815,0.4561806755931406
2025,5,rural,25,hombre,mediana,8,60.0,3.1504593207319758
2025,5,rural,25,mujer,media,8,147.4168162106659,0.5098050739671536
2025,5,rural,25,mujer,mediana,8,30.0,4.3114202675933235
2025,5,rural,26,hombre,media,10,261.8580610409761,0.8566178722039224
2025,5,rural,26,hombre,mediana,10,50.0,0.7088907425906439
2025,5,rural,26,mujer,media,6,60.9152418981371,0.20383182221811866
2025,5,rural,26,mujer,mediana,6,95.0,0.28591214124476966
2025,5,rural,27,hombre,media,4,142.30723927386666,0.7666693778649408
2025,5,rural,27,hombre,mediana,4,50.0,0.6415065344472691
2025,5,rural,27,mujer,media,6,7.1192489533497625,1.0829729277480171
2025,5,rural,27,mujer,mediana,6,0.0,
2025,5,rural,28,hombre,media,9,19.73547243977661,0.8606952883145719
2025,5,rural,28,hombre,mediana,9,0.0,
2025,5,rural,28,mujer,media,11,1984.500148370171,0.927852610238291
2025,5,rural,28,mujer,mediana,11,100.0,0.5220386590209034
2025,5,urbana,16,hombre,media,18,460.90317481078654,0.684052390352246
2025,5,urbana,16,hombre,mediana,18,70.0,0.7619242935998787
2025,5,urbana,16,mujer,media,11,336.8044307792955,0.5199142406372554
2025,5,urbana,16,mujer,mediana,11,100.0,0.30521954246915417
2025,5,urbana,17,hombre,media,12,723.0983523547047,0.9267310394681242
2025,5,urbana,17,hombre,mediana,12,0.0,
2025,5,urbana,17,mujer,media,21,145.65321929493186,0.32304872734407114
2025,5,urbana,17,mujer,mediana,21,50.0,0.7844869832523009
2025,5,urbana,18,hombre,media,15,508.0525221541644,0.8135238043737826
2025,5,urbana,18,hombre,mediana,15,100.0,0.2523142713631705
2025,5,urbana,18,mujer,media,15,185.89415233355098,0.5111781934976686
2025,5,urbana,18,mujer,mediana,15,50.0,0.4875731170804686
2025,5,urbana,19,hombre,media,14,324.33713841176905,0.3933514518697423
2025,5,urbana,19,hombre,mediana,14,100.0,0.7964093647574033
2025,5,urbana,19,mujer,media,12,450.4466676164477,0.5879617187700985
2025,5,urbana,19,mujer,mediana,12,180.0,0.4142405168316303
2025,5,urbana,20,hombre,media,15,102.04236374317871,0.3748440109579439
2025,5,urbana,20,hombre,mediana,15,40.0,0.640566973740093
2025,5,urbana,20,mujer,media,13,360.16160459969416,0.3664030636020785
2025,5,urbana,20,mujer,mediana,13,200.0,0.7225944195081537
2025,5,urbana,21,hombre,media,13,227.7017151417179,0.466183679803387
2025,5,urbana,21,hombre,mediana,13,100.0,1.1265341056885976
2025,5,urbana,21,mujer,media,16,97.24841261253897,0.36900650637755533
2025,5,urbana,21,mujer,mediana,16,30.0,1.5876661989986627
2025,5,urbana,22,hombre,media,14,1016.03134902327,0.36559399559731126
2025,5,urbana,22,hombre,mediana,14,500.0,0.5071438837352558
2025,5,urbana,22,mujer,media,11,239.8557129045605,0.4899608231541574
2025,5,urbana,22,mujer,mediana,11,100.0,0.4733578043934288
2025,5,urbana,23,hombre,media,14,178.08736222440035,0.27415512328982095
2025,5,urbana,23,hombre,mediana,14,100.0,0.7320671032893807
2025,5,urbana,23,mujer,media,14,841.3160717384424,0.5319816941996713
2025,5,urbana,23,mujer,mediana,14,180.0,0.7519696830638212
2025,5,urbana,24,hombre,media,14,352.81131998354573,0.6053162544818877
2025,5,urbana,24,hombre,mediana,14,100.0,0.9913130590137003
2025,5,urbana,24,mujer,media,8,108.55573117512515,0.5502421327075011
2025,5,urbana,24,mujer,mediana,8,50.0,1.0991653947095819
2025,5,urbana,25,hombre,media,17,814.6861713700364,0.44240147762435217
2025,5,urbana,25,hombre,mediana,17,90.0,2.456673969427829
2025,5,urbana,25,mujer,media,17,380.09741205000734,0.48672829822108404
2025,5,urbana,25,mujer,mediana,17,50.0,2.4725055779737533
2025,5,urbana,26,hombre,media,12,338.0496559622528,0.5876100466447616
2025,5,urbana,26,hombre,mediana,12,100.0,0.5134682180496113
2025,5,urbana,26,mujer,media,13,632.4849894308757,0.5728181446920062
2025,5,urbana,26,mujer,mediana,13,300.0,0.5235561674357037
2025,5,urbana,27,hombre,media,19,745.7608508939263,0.3335759494743974
2025,5,urbana,27,hombre,mediana,19,200.0,0.776664641456184
2025,5,urbana,27,mujer,media,11,4386.056336062343,0.8804447352034712
2025,5,urbana,27,mujer,mediana,11,300.0,0.5694519932433758
2025,5,urbana,28,hombre,media,7,221.38906227123735,0.8060348535828151
2025,5,urbana,28,hombre,mediana,7,10.0,1.7864868862981755
2025,5,urbana,28,mujer,media,9,401.53281705884075,0.5416166663900585
2025,5,urbana,28,mujer,mediana,9,200.0,0.9443027785232908
2025,6,rural,16,hombre,media,5,3858.2716716035225,0.8747737795409161
2025,6,rural,16,hombre,mediana,5,100.0,1.1806185790805446
2025,6,rural,16,mujer,media,5,15.888604133019644,0.7299121992068757
2025,6,rural,16,mujer,mediana,5,0.0,
2025,6,rural,17,hombre,media,8,476.6280833328831,0.9775535539844399
2025,6,rural,17,hombre,mediana,8,0.0,
2025,6,rural,17,mujer,media,6,247.9390625262465,0.40507867687757343
2025,6,rural,17,mujer,mediana,6,150.0,1.1068571297314675
2025,6,rural,18,hombre,media,6,115.59241460705316,0.6724951784746035
2025,6,rural,18,hombre,mediana,6,20.0,2.3167660168155018
2025,6,rural,18,mujer,media,2,96.87296398682379,0.47045284961279427
2025,6,rural,18,mujer,mediana,2,50.0,1.8229664783215542
2025,6,rural,19,hombre,media,9,115.60780788614959,0.6313509575864608
2025,6,rural,19,hombre,mediana,9,10.0,4.6384905870274045
2025,6,rural,19,mujer,media,4,8.576030674982324,1.0954972830120921
2025,6,rural,19,mujer,mediana,4,0.0,
2025,6,rural,20,hombre,media,9,1004.9210455258478,0.7370365089780015
2025,6,rural,20,hombre,mediana,9,50.0,1.8135937069819947
2025,6,rural,20,mujer,media,7,94.0708781168322,0.40263314118789123
2025,6,rural,20,mujer,mediana,7,50.0,1.4472780554921079
2025,6,rural,21,hombre,media,3,0.0,
2025,6,rural,21,hombre,mediana,3,0.0,
2025,6,rural,21,mujer,media,2,134.749961811457,0.3869148240476064
2025,6,rural,21,mujer,mediana,2,200.0,0.0
2025,6,rural,22,hombre,media,6,110.55404469150085,0.5517427340833573
2025,6,rural,22,hombre,mediana,6,20.0,4.467764211365348
2025,6,rural,22,mujer,media,2,0.0,
2025,6,rural,22,mujer,mediana,2,0.0,
2025,6,rural,23,hombre,media,3,268.1357856983706,0.4662104006425913
2025,6,rural,23,hombre,mediana,3,100.0,2.187634611348434
2025,6,rural,23,mujer,media,4,234.51770717249906,0.49177910586400186
2025,6,rural,23,mujer,mediana,4,120.0,2.1279362069146797
2025,6,rural,24,hombre,media,4,3.0100586224147428,0.8134710805996559
2025,6,rural,24,hombre,mediana,4,0.0,
2025,6,rural,24,mujer,media,8,333.5393938133077,0.7445702610600954
2025,6,rural,24,mujer,mediana,8,0.0,
2025,6,rural,25,hombre,media,5,49.954867989835904,0.8274256311905336
2025,6,rural,25,hombre,mediana,5,0.0,
2025,6,rural,25,mujer,media,7,148.8114919535756,0.6234396635107184
2025,6,rural,25,mujer,mediana,7,15.0,1.2282996420602488
2025,6,rural,26,hombre,media,5,290.1362125641263,0.4541030528920895
2025,6,rural,26,hombre,mediana,5,150.0,1.9187890783704291
2025,6,rural,26,mujer,media,6,237.6010476617673,0.46925496754942225
2025,6,rural,26,mujer,mediana,6,20.0,9.94544707315082
2025,6,rural,27,hombre,media,6,76.36725972319493,0.6902638217999052
2025,6,rural,27,hombre,mediana,6,0.0,
2025,6,rural,27,mujer,media,5,229.09001411000563,0.28291616571280903
2025,6,rural,27,mujer,mediana,5,200.0,0.6423458600281114
2025,6,rural,28,hombre,media,8,20.114485039722926,0.6819566340660633
2025,6,rural,28,hombre,mediana,8,0.0,
2025,6,rural,28,mujer,media,4,42.094343320265814,0.6191094593959032
2025,6,rural,28,mujer,mediana,4,0.0,
2025,6,urbana,16,hombre,media,15,695.7057675395389,0.4566992889485403
2025,6,urbana,16,hombre,mediana,15,100.0,3.0400954688224653
2025,6,urbana,16,mujer,media,14,251.2321787786899,0.39983531620296336
2025,6,urbana,16,mujer,mediana,14,30.0,3.8267649709771514
2025,6,urbana,17,hombre,media,22,173.50198780020364,0.40973455646463663
2025,6,urbana,17,hombre,mediana,22,50.0,0.5505929754891135
2025,6,urbana,17,mujer,media,17,830.7255168126791,0.39483933623597045
2025,6,urbana,17,mujer,mediana,17,300.0,0.9690724811179736
2025,6,urbana,18,hombre,media,17,187.7448997131657,0.4277260485951528
2025,6,urbana,18,hombre,mediana,17,50.0,0.4952792437759156
2025,6,urbana,18,mujer,media,13,45.594240522331646,0.37370605700009996
2025,6,urbana,18,mujer,mediana,13,0.0,
2025,6,urbana,19,hombre,media,17,398.05217098500265,0.4875551581039403
2025,6,urbana,19,hombre,mediana,17,50.0,2.6384623242154133
2025,6,urbana,19,mujer,media,14,1874.7188104228856,0.5965220315975209
2025,6,urbana,19,mujer,mediana,14,500.0,4.513596195946366
2025,6,urbana,20,hombre,media,21,206.04600948706963,0.3019135357175252
2025,6,urbana,20,hombre,mediana,21,120.0,0.3771376674951571
2025,6,urbana,20,mujer,media,19,681.2091533022709,0.4909217692140859
2025,6,urbana,20,mujer,mediana,19,200.0,0.3124330155677694
2025,6,urbana,21,hombre,media,14,201.83773318253063,0.3654422671561198
2025,6,urbana,21,hombre,mediana,14,200.0,0.2730244294111502
2025,6,urbana,21,mujer,media,17,149.41221619833328,0.3678269052330973
2025,6,urbana,21,mujer,mediana,17,100.0,0.5967139138748084
2025,6,urbana,22,hombre,media,12,829.1579325808975,0.579206675802645
2025,6,urbana,22,hombre,mediana,12,450.0,0.14097506208939586
2025,6,urbana,22,mujer,media,13,890.0981931034551,0.4698725531951577
2025,6,urbana,22,mujer,mediana,13,200.0,2.0235608893240333
2025,6,urbana,23,hombre,media,12,1784.9037761642803,0.8430204287593315
2025,6,urbana,23,hombre,mediana,12,50.0,2.816537690593997
2025,6,urbana,23,mujer,media,20,338.7798669904739,0.2874391867786243
2025,6,urbana,23,mujer,mediana,20,150.0,0.5696495771833243
2025,6,urbana,24,hombre,media,12,663.0670512749927,0.30747736781723284
2025,6,urbana,24,hombre,mediana,12,500.0,0.5664201962258287
2025,6,urbana,24,mujer,media,16,149.98885539868692,0.3347045129527503
2025,6,urbana,24,mujer,mediana,16,60.0,1.1909370798405952
2025,6,urbana,25,hombre,media,17,1070.179937145271,0.41854620235993495
2025,6,urbana,25,hombre,mediana,17,500.0,0.8036077457956365
2025,6,urbana,25,mujer,media,7,631.7068677832073,0.7398550584785848
2025,6,urbana,25,mujer,mediana,7,150.0,0.5236533394968271
2025,6,urbana,26,hombre,media,19,98.16961391398279,0.20386570080842334
2025,6,urbana,26,hombre,mediana,19,80.0,0.45204233741783695
2025,6,urbana,26,mujer,media,15,550.1475588795747,0.5424632322106844
2025,6,urbana,26,mujer,mediana,15,100.0,0.2894611092592615
2025,6,urbana,27,hombre,media,14,202.01273594618178,0.41706578973474767
2025,6,urbana,27,hombre,mediana,14,120.0,0.19182317052373637
2025,6,urbana,27,mujer,media,16,399.0546540952565,0.6742184252495053
2025,6,urbana,27,mujer,mediana,16,100.0,0.5349466715105816
2025,6,urbana,28,hombre,media,12,202.72687249452804,0.27987403476321077
2025,6,urbana,28,hombre,mediana,12,150.0,0.4098462609398691
2025,6,urbana,28,mujer,media,12,241.3289464214056,0.4056117894680136
2025,6,urbana,28,mujer,mediana,12,150.0,0.32642059944598245
2025,7,rural,16,hombre,media,12,72.62037479453893,0.4279665962227589
2025,7,rural,16,hombre,mediana,12,12.0,5.257371105348339
2025,7,rural,16,mujer,media,7,142.38744727897793,0.39480285792242564
2025,7,rural,16,mujer,mediana,7,20.0,4.48049958096548
2025,7,rural,17,hombre,media,5,396.71305648391217,0.8133589150318747
2025,7,rural,17,hombre,mediana,5,120.0,1.1968700905251144
2025,7,rural,17,mujer,media,12,141.23663635994984,0.4721895154891556
2025,7,rural,17,mujer,mediana,12,60.0,0.7614609956220899
2025,7,rural,18,hombre,media,5,797.3326606579394,0.4164082475626625
2025,7,rural,18,hombre,mediana,5,600.0,0.9877476539942874
2025,7,rural,18,mujer,media,7,236.06510647140811,0.6342547618417294
2025,7,rural,18,mujer,mediana,7,150.0,0.6765195615494859
2025,7,rural,19,hombre,media,8,263.68648635352093,0.4576117333874941
2025,7,rural,19,hombre,mediana,8,100.0,0.5955663694574699
2025,7,rural,19,mujer,media,3,1136.6108137709632,0.39525912085118936
2025,7,rural,19,mujer,mediana,3,700.0,1.0985683037364609
2025,7,rural,20,hombre,media,6,112.94563490462673,0.7706792998711226
2025,7,rural,20,hombre,mediana,6,30.0,1.1186994935787766
2025,7,rural,20,mujer,media,8,454.91649297788945,0.8220767947541454
2025,7,rural,20,mujer,mediana,8,0.0,
2025,7,rural,21,hombre,media,4,85.56893200338234,0.5653493372018203
2025,7,rural,21,hombre,mediana,4,40.0,0.5102732807677759
2025,7,rural,21,mujer,media,2,168.98167873881553,0.10795652700922258
2025,7,rural,21,mujer,mediana,2,150.0,0.24323566886440948
2025,7,rural,22,hombre,media,6,612.2150689716591,0.3339794714401685
2025,7,rural,22,hombre,mediana,6,410.0,0.09467451516981537
2025,7,rural,22,mujer,media,10,253.93194505595173,0.27325873574927734
2025,7,rural,22,mujer,mediana,10,150.0,0.8488968031832271
2025,7,rural,23,hombre,media,7,232.84631493359143,0.36079831681231767
2025,7,rural,23,hombre,mediana,7,230.0,0.3773024400988884
2025,7,rural,23,mujer,media,1,0.0,
2025,7,rural,23,mujer,mediana,1,0.0,
2025,7,rural,24,hombre,media,4,113.40318802755257,0.9205234243674613
2025,7,rural,24,hombre,mediana,4,0.0,
2025,7,rural,24,mujer,media,2,0.0,
2025,7,rural,24,mujer,mediana,2,0.0,
2025,7,rural,25,hombre,media,2,274.1235603703132,0.7575763438956764
2025,7,rural,25,hombre,mediana,2,50.0,8.306780985640303
2025,7,rural,25,mujer,media,4,438.67950798267793,0.42775957648856683
2025,7,rural,25,mujer,mediana,4,700.0,0.49223847496977213
2025,7,rural,26,hombre,media,3,165.7836274884531,0.5197026732501167
2025,7,rural,26,hombre,mediana,3,160.0,0.371851591029595
2025,7,rural,26,mujer,media,8,1126.6272114072328,0.5367665412492075
2025,7,rural,26,mujer,mediana,8,150.0,0.7278040572333196
2025,7,rural,27,hombre,media,5,57.21657979677188,0.6301798043174963
2025,7,rural,27,hombre,mediana,5,20.0,3.218959308843624
2025,7,rural,27,mujer,media,6,75.69921028028769,0.3794259130385004
2025,7,rural,27,mujer,mediana,6,100.0,0.34387781382711
2025,7,rural,28,hombre,media,8,929.3075451069692,0.5820482764801024
2025,7,rural,28,hombre,mediana,8,300.0,0.2690414642695765
2025,7,rural,28,mujer,media,5,1519.4571259964325,0.8332152345190471
2025,7,rural,28,mujer,mediana,5,200.0,2.173816597624273
2025,7,urbana,16,hombre,media,67,428.62662401095866,0.28023865989300234
2025,7,urbana,16,hombre,mediana,67,100.0,0.43773760923792826
2025,7,urbana,16,mujer,media,50,530.9953989693901,0.43738481414026675
2025,7,urbana,16,mujer,mediana,50,95.0,0.43148609773497076
2025,7,urbana,17,hombre,media,55,299.3652084304159,0.19418876579055644
2025,7,urbana,17,hombre,mediana,55,150.0,0.2548524646723816
2025,7,urbana,17,mujer,media,63,431.24652177663074,0.4704317236635457
2025,7,urbana,17,mujer,mediana,63,100.0,0.22165713101781898
2025,7,urbana,18,hombre,media,62,816.3182320073188,0.4431557447950187
2025,7,urbana,18,hombre,mediana,62,100.0,0.47788074049527823
2025,7,urbana,18,mujer,media,61,917.8338513862288,0.35664390408159763
2025,7,urbana,18,mujer,mediana,61,200.0,0.39983803272192325
2025,7,urbana,19,hombre,media,45,746.0380858473386,0.49607849269118576
2025,7,urbana,19,hombre,mediana,45,100.0,0.5994125005090234
2025,7,urbana,19,mujer,media,46,371.56407514342106,0.33091394790059336
2025,7,urbana,19,mujer,mediana,46,90.0,0.6655400082444719
2025,7,urbana,20,hombre,media,48,490.9410993547771,0.3480481791571173
2025,7,urbana,20,hombre,mediana,48,60.0,0.5713979599849411
2025,7,urbana,20,mujer,media,55,250.03555046081865,0.2604456784381718
2025,7,urbana,20,mujer,mediana,55,100.0,0.24690500347061242
2025,7,urbana,21,hombre,media,33,352.5357675413437,0.2922700493789305
2025,7,urbana,21,hombre,mediana,33,100.0,0.689811112328469
2025,7,urbana,21,mujer,media,59,520.6771316426018,0.3546046539015008
2025,7,urbana,21,mujer,mediana,59,100.0,0.36430139891977587
2025,7,urbana,22,hombre,media,49,403.8427053038272,0.21250216556664064
2025,7,urbana,22,hombre,mediana,49,150.0,0.33855656423049285
2025,7,urbana,22,mujer,media,62,402.09287975816153,0.28961147031246043
2025,7,urbana,22,mujer,mediana,62,170.0,0.40077406269585725
2025,7,urbana,23,hombre,media,53,537.6428562698131,0.28855118480714115
2025,7,urbana,23,hombre,mediana,53,150.0,0.39350228231712026
2025,7,urbana,23,mujer,media,64,708.5136518052195,0.5300120386704832
2025,7,urbana,23,mujer,mediana,64,100.0,0.4600794938268068
2025,7,urbana,24,hombre,media,37,241.88633983844116,0.24261217514673764
2025,7,urbana,24,hombre,mediana,37,150.0,0.35983555843586745
2025,7,urbana,24,mujer,media,41,878.6147309517268,0.268006973055738
2025,7,urbana,24,mujer,mediana,41,220.0,0.7279022327491055
2025,7,urbana,25,hombre,media,63,566.6487189658598,0.36769631270203385
2025,7,urbana,25,hombre,mediana,63,100.0,0.519251970941559
2025,7,urbana,25,mujer,media,64,614.5504569416657,0.2199992681946877
2025,7,urbana,25,mujer,mediana,64,200.0,0.48586356100373945
2025,7,urbana,26,hombre,media,40,737.7450301560251,0.4180130920386037
2025,7,urbana,26,hombre,mediana,40,200.0,0.9602664456406855
2025,7,urbana,26,mujer,media,53,791.0156090066139,0.5436499007555331
2025,7,urbana,26,mujer,mediana,53,120.0,0.37839610376792016
2025,7,urbana,27,hombre,media,51,317.8841788822092,0.19323484139612726
2025,7,urbana,27,hombre,mediana,51,200.0,0.4304325134544702
2025,7,urbana,27,mujer,media,49,549.1592207184884,0.231045769403051
2025,7,urbana,27,mujer,mediana,49,150.0,0.4523715125500788
2025,7,urbana,28,hombre,media,37,836.3967435258648,0.4459202044831146
2025,7,urbana,28,hombre,mediana,37,90.0,1.0021754871784938
2025,7,urbana,28,mujer,media,58,619.514328734248,0.22788172129534795
2025,7,urbana,28,mujer,mediana,58,250.0,0.21300742755911986
2025,8,rural,16,hombre,media,4,178.01820223929937,0.39466904113584356
2025,8,rural,16,hombre,mediana,4,0.0,
2025,8,rural,16,mujer,media,2,526.8652738077619,0.687286717726899
2025,8,rural,16,mujer,mediana,2,1025.0,0.0
2025,8,rural,17,hombre,media,8,22.173900026682325,0.8810664708740609
2025,8,rural,17,hombre,mediana,8,0.0,
2025,8,rural,17,mujer,media,7,75.04259273583422,0.551536343606817
2025,8,rural,17,mujer,mediana,7,0.0,
2025,8,rural,18,hombre,media,4,14.772396147969156,0.20714175553756053
2025,8,rural,18,hombre,mediana,4,20.0,0.3198636616891879
2025,8,rural,18,mujer,media,6,108.93409057786998,0.4942709317472078
2025,8,rural,18,mujer,mediana,6,0.0,
2025,8,rural,19,hombre,media,6,102.88779791910487,0.7085962356778842
2025,8,rural,19,hombre,mediana,6,20.0,1.9687972850825388
2025,8,rural,19,mujer,media,5,72.53672763358016,0.41348283629962923
2025,8,rural,19,mujer,mediana,5,0.0,
2025,8,rural,20,hombre,media,1,0.0,
2025,8,rural,20,hombre,mediana,1,0.0,
2025,8,rural,21,hombre,media,1,0.0,
2025,8,rural,21,hombre,mediana,1,0.0,
2025,8,rural,21,mujer,media,6,478.6330784293194,0.5379223605614252
2025,8,rural,21,mujer,mediana,6,100.0,0.49933743044464324
2025,8,rural,22,hombre,media,4,61.43283054575322,0.620385096484501
2025,8,rural,22,hombre,mediana,4,0.0,
2025,8,rural,22,mujer,media,6,41.8024774340531,0.5046177979491893
2025,8,rural,22,mujer,mediana,6,0.0,
2025,8,rural,23,hombre,media,5,22.291662832431676,1.0134585510761376
2025,8,rural,23,hombre,mediana,5,0.0,
2025,8,rural,23,mujer,media,5,63.956484065464046,0.7507867246098618
2025,8,rural,23,mujer,mediana,5,0.0,
2025,8,rural,24,hombre,media,3,49.06527914246301,0.7048525128053595
2025,8,rural,24,hombre,mediana,3,0.0,
2025,8,rural,24,mujer,media,6,1299.2715673681942,0.5886067024044501
2025,8,rural,24,mujer,mediana,6,200.0,2.1582510123370913
2025,8,rural,25,hombre,media,7,18.483239976260542,0.5152115902468909
2025,8,rural,25,hombre,mediana,7,0.0,
2025,8,rural,25,mujer,media,3,15.327532142349815,1.0317309323516477
2025,8,rural,25,mujer,mediana,3,0.0,
2025,8,rural,26,hombre,media,5,113.31174343591145,0.4943404031609459
2025,8,rural,26,hombre,mediana,5,200.0,0.14027495863307074
2025,8,rural,26,mujer,media,5,137.10003578950895,0.3337809503364368
2025,8,rural,26,mujer,mediana,5,80.0,1.7834835919615208
2025,8,rural,27,hombre,media,2,1362.4612202688731,0.6825232678386761
2025,8,rural,27,hombre,mediana,2,2500.0,0.0
2025,8,rural,27,mujer,media,5,96.11895211363182,0.629352819382578
2025,8,rural,27,mujer,mediana,5,0.0,
2025,8,rural,28,hombre,media,7,50.532512626157526,0.5004470167711713
2025,8,rural,28,hombre,mediana,7,0.0,
2025,8,rural,28,mujer,media,5,18.772112865406797,0.39081624924444275
2025,8,rural,28,mujer,mediana,5,0.0,
2025,8,urbana,16,hombre,media,18,58.215381152204905,0.5382588087613152
2025,8,urbana,16,hombre,mediana,18,0.0,
2025,8,urbana,16,mujer,media,21,116.57547905296325,0.41477813923898277
2025,8,urbana,16,mujer,mediana,21,20.0,1.5907396257475648
2025,8,urbana,17,hombre,media,14,812.422757761516,0.7781339569831699
2025,8,urbana,17,hombre,mediana,14,0.0,
2025,8,urbana,17,mujer,media,20,119.93328207634693,0.4479656112829849
2025,8,urbana,17,mujer,mediana,20,20.0,4.944031986623229
2025,8,urbana,18,hombre,media,19,606.0202354932452,0.7604423287079877
2025,8,urbana,18,hombre,mediana,19,50.0,0.4543975375457222
2025,8,urbana,18,mujer,media,18,104.29940012915458,0.6202335402875111
2025,8,urbana,18,mujer,mediana,18,30.0,1.1744864708036906
2025,8,urbana,19,hombre,media,13,102.20433534028395,0.5606888527219894
2025,8,urbana,19,hombre,mediana,13,15.0,1.2172755513075277
2025,8,urbana,19,mujer,media,13,41.45186811446254,0.49488699960110916
2025,8,urbana,19,mujer,mediana,13,0.0,
2025,8,urbana,20,hombre,media,12,79.00290367109719,0.38996183592827594
2025,8,urbana,20,hombre,mediana,12,70.0,0.9261231324657843
2025,8,urbana,20,mujer,media,10,81.96203610559489,0.29190553372564154
2025,8,urbana,20,mujer,mediana,10,30.0,1.513158273407149
2025,8,urbana,21,hombre,media,9,59.56786074841137,0.8330839222059433
2025,8,urbana,21,hombre,mediana,9,0.0,
2025,8,urbana,21,mujer,media,13,190.744295379106,0.4747695137619943
2025,8,urbana,21,mujer,mediana,13,50.0,1.1728928695439427
2025,8,urbana,22,hombre,media,14,664.8675864656939,0.6623108605972441
2025,8,urbana,22,hombre,mediana,14,0.0,
2025,8,urbana,22,mujer,media,9,267.4405615080942,0.5367876838162426
2025,8,urbana,22,mujer,mediana,9,100.0,1.8341080974104185
2025,8,urbana,23,hombre,media,8,474.00630262026823,0.5637995962846806
2025,8,urbana,23,hombre,mediana,8,280.0,0.5023030175404664
2025,8,urbana,23,mujer,media,11,293.2492891841003,0.5772001742750168
2025,8,urbana,23,mujer,mediana,11,100.0,0.5983464770442113
2025,8,urbana,24,hombre,media,15,47.690520653654836,0.3036316388014859
2025,8,urbana,24,hombre,mediana,15,22.0,1.2289180271290405
2025,8,urbana,24,mujer,media,16,142.19524902105968,0.5876485735977038
2025,8,urbana,24,mujer,mediana,16,10.0,2.7138040014895735
2025,8,urbana,25,hombre,media,16,95.27945946982511,0.3912572269092244
2025,8,urbana,25,hombre,mediana,16,0.0,
2025,8,urbana,25,mujer,media,9,345.2639734702131,0.6029068816845616
2025,8,urbana,25,mujer,mediana,9,50.0,1.33702224237552
2025,8,urbana,26,hombre,media,11,154.23689786472693,0.4765093843299847
2025,8,urbana,26,hombre,mediana,11,50.0,1.0555458394295054
2025,8,urbana,26,mujer,media,17,59.01265357344212,0.25176078330225765
2025,8,urbana,26,mujer,mediana,17,30.0,0.8598196637039054
2025,8,urbana,27,hombre,media,13,107.6790778101463,0.46858618977863636
2025,8,urbana,27,hombre,mediana,13,70.0,0.3597325081502985
2025,8,urbana,27,mujer,media,18,82.45375223934852,0.36522011690378475
2025,8,urbana,27,mujer,mediana,18,50.0,0.5857218068809618
2025,8,urbana,28,hombre,media,8,131.93462999594132,0.47633201942771225
2025,8,urbana,28,hombre,mediana,8,75.0,0.560376601758895
2025,8,urbana,28,mujer,media,14,635.7961550775746,0.932387705648198
2025,8,urbana,28,mujer,mediana,14,30.0,0.07706153008252765
2025,9,rural,16,hombre,media,12,105.71729380726214,0.7294922062330249
2025,9,rural,16,hombre,mediana,12,0.0,
2025,9,rural,16,mujer,media,11,114.78180225553339,0.3929665239728822
2025,9,rural,16,mujer,mediana,11,200.0,0.0
2025,9,rural,17,hombre,media,10,36.23093783284491,0.6152878842762841
2025,9,rural,17,hombre,mediana,10,0.0,
2025,9,rural,17,mujer,media,10,245.64278313475978,0.8912305855776653
2025,9,rural,17,mujer,mediana,10,0.0,
2025,9,rural,18,hombre,media,7,21.782632616949908,0.8359937638739752
2025,9,rural,18,hombre,mediana,7,0.0,
2025,9,rural,18,mujer,media,5,90.28493143329761,0.1101888729177233
2025,9,rural,18,mujer,mediana,5,100.0,0.0
2025,9,rural,19,hombre,media,13,13.26440827241013,0.6676133053937177
2025,9,rural,19,hombre,mediana,13,0.0,
2025,9,rural,19,mujer,media,14,120.5596173850324,0.5605368202483806
2025,9,rural,19,mujer,mediana,14,20.0,1.8071328160115105
2025,9,rural,20,hombre,media,8,26.510239652658473,0.5508182516964708
2025,9,rural,20,hombre,mediana,8,0.0,
2025,9,rural,20,mujer,media,10,347.4207269739838,0.5504935971939412
2025,9,rural,20,mujer,mediana,10,150.0,0.4446193193382202
2025,9,rural,21,hombre,media,6,414.89731008465316,1.0432475546970141
2025,9,rural,21,hombre,mediana,6,0.0,
2025,9,rural,21,mujer,media,5,172.03764309980545,1.0199576808326212
2025,9,rural,21,mujer,mediana,5,0.0,
2025,9,rural,22,hombre,media,11,76.86580774591451,0.31531767604817645
2025,9,rural,22,hombre,mediana,11,50.0,1.2182398067601317
2025,9,rural,22,mujer,media,6,291.10165659132855,0.9797189679072394
2025,9,rural,22,mujer,mediana,6,5.0,9.758547293937639
2025,9,rural,23,hombre,media,11,80.25504692191409,0.18415871731919758
2025,9,rural,23,hombre,mediana,11,100.0,0.10927362807562044
2025,9,rural,23,mujer,media,10,256.43491312731675,0.9480668853003222
2025,9,rural,23,mujer,mediana,10,30.0,0.10566384477011312
2025,9,rural,24,hombre,media,6,111.78035891434678,0.6650061913581494
2025,9,rural,24,hombre,mediana,6,100.0,0.36765542775193594
2025,9,rural,24,mujer,media,7,79.5601051143427,0.42102782728295857
2025,9,rural,24,mujer,mediana,7,100.0,0.5511273360633606
2025,9,rural,25,hombre,media,12,29.13104474766383,0.6114857702198584
2025,9,rural,25,hombre,mediana,12,0.0,
2025,9,rural,25,mujer,media,11,340.22619107681265,0.8213807169225972
2025,9,rural,25,mujer,mediana,11,50.0,0.04825989187152142
2025,9,rural,26,hombre,media,2,41.52981849611063,0.9058161568571539
2025,9,rural,26,hombre,mediana,2,0.0,
2025,9,rural,26,mujer,media,6,44.648887299944896,0.49122607245591593
2025,9,rural,26,mujer,mediana,6,0.0,
2025,9,rural,27,hombre,media,8,705.704972642421,0.4082825485413301
2025,9,rural,27,hombre,mediana,8,1200.0,0.10533016445067822
2025,9,rural,27,mujer,media,8,95.41594791957635,0.32166294873416507
2025,9,rural,27,mujer,mediana,8,100.0,0.588028448106339
2025,9,rural,28,hombre,media,2,936.286329386437,0.6308112350334629
2025,9,rural,28,hombre,mediana,2,250.0,4.724959486281649
2025,9,rural,28,mujer,media,7,124.43216790837614,0.7628717417259232
2025,9,rural,28,mujer,mediana,7,0.0,
2025,9,urbana,16,hombre,media,8,97.8269236359359,0.6216738652671208
2025,9,urbana,16,hombre,mediana,8,20.0,1.6241693611169516
2025,9,urbana,16,mujer,media,11,8.221408686247443,0.8459234591236916
2025,9,urbana,16,mujer,mediana,11,0.0,
2025,9,urbana,17,hombre,media,14,1881.5405948589907,0.7396564407142963
2025,9,urbana,17,hombre,mediana,14,20.0,128.05965859688166
2025,9,urbana,17,mujer,media,9,198.93808996369881,0.638919505379959
2025,9,urbana,17,mujer,mediana,9,0.0,
2025,9,urbana,18,hombre,media,14,50.49301025425748,0.27363000384367697
2025,9,urbana,18,hombre,mediana,14,50.0,0.5953889377382854
2025,9,urbana,18,mujer,media,16,59.72874801035743,0.5413237690515655
2025,9,urbana,18,mujer,mediana,16,0.0,
2025,9,urbana,19,hombre,media,18,2984.274872279643,0.9238490933604806
2025,9,urbana,19,hombre,mediana,18,20.0,0.8544331486358562
2025,9,urbana,19,mujer,media,10,65.59673783534281,0.6549195805506248
2025,9,urbana,19,mujer,mediana,10,0.0,
2025,9,urbana,20,hombre,media,10,46.21224195746976,0.5042905358682146
2025,9,urbana,20,hombre,mediana,10,12.0,2.071299848030723
2025,9,urbana,20,mujer,media,10,2942.6019628687723,0.417248614640967
2025,9,urbana,20,mujer,mediana,10,550.0,3.7646370507828926
2025,9,urbana,21,hombre,media,5,481.46321672257704,0.6586473552200969
2025,9,urbana,21,hombre,mediana,5,180.0,0.332913800102055
2025,9,urbana,21,mujer,media,9,180.32536439893806,0.3370047199717554
2025,9,urbana,21,mujer,mediana,9,100.0,1.205213984610774
2025,9,urbana,22,hombre,media,7,203.6419805081263,0.638995092402541
2025,9,urbana,22,hombre,mediana,7,0.0,
2025,9,urbana,22,mujer,media,11,113.64010603344106,0.7018823590926935
2025,9,urbana,22,mujer,mediana,11,10.0,2.872173047663099
2025,9,urbana,23,hombre,media,11,55.38549839256105,0.34673429310106213
2025,9,urbana,23,hombre,mediana,11,40.0,0.7514262135912606
2025,9,urbana,23,mujer,media,12,1083.9510644699985,0.8911291268568444
2025,9,urbana,23,mujer,mediana,12,90.0,0.5257550363946317
2025,9,urbana,24,hombre,media,11,733.4896512349206,0.423715095540518
2025,9,urbana,24,hombre,mediana,11,200.0,0.3795849292108073
2025,9,urbana,24,mujer,media,11,61.77098643562607,0.7665664628871696
2025,9,urbana,24,mujer,mediana,11,0.0,
2025,9,urbana,25,hombre,media,11,3058.6749469449937,0.7970563223250439
2025,9,urbana,25,hombre,mediana,11,100.0,3.1438165085973417
2025,9,urbana,25,mujer,media,9,144.0390219318868,0.5139575330944245
2025,9,urbana,25,mujer,mediana,9,0.0,
2025,9,urbana,26,hombre,media,9,695.4873148405767,0.7107487668697249
2025,9,urbana,26,hombre,mediana,9,100.0,0.06417153758245625
2025,9,urbana,26,mujer,media,9,25.203834054907013,0.822351348551053
2025,9,urbana,26,mujer,mediana,9,0.0,
2025,9,urbana,27,hombre,media,7,467.10732669909055,0.21008572804996187
2025,9,urbana,27,hombre,mediana,7,200.0,0.7451643276557932
2025,9,urbana,27,mujer,media,10,110.8030686099899,0.4199938432799754
2025,9,urbana,27,mujer,mediana,10,0.0,
2025,9,urbana,28,hombre,media,7,89.94648003696896,0.4665647876345494
2025,9,urbana,28,hombre,mediana,7,50.0,0.7733851292507452
2025,9,urbana,28,mujer,media,10,1009.4321411137196,0.9217174872423584
2025,9,urbana,28,mujer,mediana,10,0.0,
