gestion,codigo_departamento,area,edad,sexo,nivel_educativo,observaciones,valor,cv
2025,1,rural,16,hombre,secundaria_incompleta,1,2598.0,0.0
2025,1,rural,16,mujer,secundaria_incompleta,1,1299.0,0.0
2025,1,rural,17,hombre,secundaria_incompleta,1,866.0,0.0
2025,1,rural,20,mujer,secundaria_completa,1,173.1999969482422,0.0
2025,1,rural,24,hombre,secundaria_incompleta,1,3117.599853515625,0.0
2025,1,rural,25,hombre,secundaria_incompleta,1,2598.0,0.0
2025,1,rural,26,hombre,secundaria_incompleta,2,370.0,5.634611819101843
2025,1,rural,27,hombre,secundaria_completa,1,2500.0,0.0
2025,1,urbana,16,hombre,primaria_completa,1,2208.300048828125,0.0
2025,1,urbana,16,hombre,secundaria_incompleta,2,649.5,0.0
2025,1,urbana,16,mujer,secundaria_incompleta,7,649.5,0.02892364103438612
2025,1,urbana,17,hombre,secundaria_incompleta,6,1948.5,0.20674441334255678
2025,1,urbana,17,mujer,secundaria_incompleta,7,649.5,0.6682832014724643
2025,1,urbana,18,hombre,secundaria_completa,4,900.0,0.7089749286279542
2025,1,urbana,18,hombre,secundaria_incompleta,5,2078.39990234375,0.3113240825635622
2025,1,urbana,18,mujer,secundaria_completa,3,600.0,0.8170718298719485
2025,1,urbana,18,mujer,secundaria_incompleta,5,346.3999938964844,0.29765355811200817
2025,1,urbana,19,hombre,otros,1,1300.0,0.0
2025,1,urbana,19,hombre,secundaria_completa,5,1385.5999755859375,0.0
2025,1,urbana,19,hombre,secundaria_incompleta,5,1500.0,0.38130011403363584
2025,1,urbana,19,hombre,superior,1,1200.0,0.0
2025,1,urbana,19,mujer,secundaria_completa,5,952.5999755859375,0.3171658395235695
2025,1,urbana,19,mujer,secundaria_incompleta,3,866.0,0.2517359902612044
2025,1,urbana,19,mujer,superior,4,900.0,0.15032443954487584
2025,1,urbana,20,hombre,otros,1,2400.0,0.0
2025,1,urbana,20,hombre,secundaria_completa,4,1299.0,0.6763264721219004
2025,1,urbana,20,hombre,secundaria_incompleta,1,6495.0,0.0
2025,1,urbana,20,hombre,superior,7,1558.7999267578125,0.2764600153154784
2025,1,urbana,20,mujer,secundaria_completa,1,1000.0,0.0
2025,1,urbana,20,mujer,secundaria_incompleta,3,600.0,0.622427930839415
2025,1,urbana,20,mujer,superior,7,649.5,0.0787167659229248
2025,1,urbana,21,hombre,secundaria_completa,1,4000.0,0.0
2025,1,urbana,21,hombre,secundaria_incompleta,1,5152.69970703125,0.0
2025,1,urbana,21,hombre,superior,5,900.0,0.4220772957682895
2025,1,urbana,21,mujer,secundaria_completa,1,866.0,0.0
2025,1,urbana,21,mujer,secundaria_incompleta,1,900.0,0.0
2025,1,urbana,21,mujer,superior,10,433.0,0.31674536335379727
2025,1,urbana,22,hombre,primaria_completa,1,3117.599853515625,0.0
2025,1,urbana,22,hombre,secundaria_completa,5,1500.0,0.4074966998074533
2025,1,urbana,22,hombre,superior,7,844.3499755859375,0.15049761077634569
2025,1,urbana,22,mujer,secundaria_completa,2,700.0,0.24940267061259955
2025,1,urbana,22,mujer,superior,10,1039.199951171875,0.25408052251816216
2025,1,urbana,23,hombre,secundaria_completa,2,3464.0,0.0
2025,1,urbana,23,hombre,secundaria_incompleta,1,3247.5,0.0
2025,1,urbana,23,hombre,superior,8,1818.5999755859375,0.19894118732097457
2025,1,urbana,23,mujer,primaria_completa,1,52.5,0.0
2025,1,urbana,23,mujer,secundaria_completa,2,2165.0,0.0
2025,1,urbana,23,mujer,superior,11,1200.0,0.3656794684165412
2025,1,urbana,24,hombre,otros,1,1082.5,0.0
2025,1,urbana,24,hombre,primaria_incompleta,1,519.5999755859375,0.0
2025,1,urbana,24,hombre,secundaria_completa,2,2200.0,0.0
2025,1,urbana,24,hombre,superior,8,1732.0,0.20629406289524785
2025,1,urbana,24,mujer,primaria_completa,1,433.0,0.0
2025,1,urbana,24,mujer,primaria_incompleta,1,649.5,0.0
2025,1,urbana,24,mujer,secundaria_incompleta,1,346.3999938964844,0.0
2025,1,urbana,24,mujer,superior,14,1200.0,0.3173491972716035
2025,1,urbana,25,hombre,otros,1,2598.0,0.0
2025,1,urbana,25,hombre,primaria_completa,1,2598.0,0.0
2025,1,urbana,25,hombre,secundaria_completa,5,3000.0,0.49292165536763505
2025,1,urbana,25,hombre,secundaria_incompleta,1,1500.0,0.0
2025,1,urbana,25,hombre,superior,11,2338.199951171875,0.08621949050671489
2025,1,urbana,25,mujer,otros,1,649.5,0.0
2025,1,urbana,25,mujer,superior,14,1000.0,0.477519803305322
2025,1,urbana,26,hombre,primaria_incompleta,2,3377.39990234375,0.0
2025,1,urbana,26,hombre,secundaria_completa,5,2500.0,0.14960422828102957
2025,1,urbana,26,hombre,secundaria_incompleta,1,2000.0,0.0
2025,1,urbana,26,hombre,superior,10,2700.0,0.24040522073284037
2025,1,urbana,26,mujer,secundaria_completa,1,476.29998779296875,0.0
2025,1,urbana,26,mujer,secundaria_incompleta,1,23.33333396911621,0.0
2025,1,urbana,26,mujer,superior,17,1500.0,0.3082913855333293
2025,1,urbana,27,hombre,otros,2,4330.0,0.0
2025,1,urbana,27,hombre,primaria_completa,1,3897.0,0.0
2025,1,urbana,27,hombre,primaria_incompleta,1,2598.0,0.0
2025,1,urbana,27,hombre,secundaria_completa,5,2000.0,0.48782196524778676
2025,1,urbana,27,hombre,secundaria_incompleta,1,2598.0,0.0
2025,1,urbana,27,hombre,superior,8,3000.0,0.0661536636372998
2025,1,urbana,27,mujer,secundaria_incompleta,2,2000.0,0.0
2025,1,urbana,27,mujer,superior,10,1732.0,0.20110774002595824
2025,1,urbana,28,hombre,otros,1,4330.0,0.0
2025,1,urbana,28,hombre,secundaria_completa,3,3247.5,0.24218378950670605
2025,1,urbana,28,hombre,secundaria_incompleta,1,3000.0,0.0
2025,1,urbana,28,hombre,superior,12,2600.0,0.2868639389321192
2025,1,urbana,28,mujer,secundaria_completa,5,1732.0,0.15882887598387344
2025,1,urbana,28,mujer,secundaria_incompleta,1,2165.0,0.0
2025,1,urbana,28,mujer,superior,14,1299.0,0.25285675799364143
2025,2,rural,16,hombre,secundaria_incompleta,1,346.3999938964844,0.0
2025,2,rural,16,mujer,secundaria_incompleta,1,606.2000122070312,0.0
2025,2,rural,17,hombre,secundaria_incompleta,1,606.2000122070312,0.0
2025,2,rural,17,mujer,primaria_completa,1,1407.25,0.0
2025,2,rural,18,hombre,secundaria_incompleta,1,2000.0,0.0
2025,2,rural,18,mujer,secundaria_completa,1,1500.0,0.0
2025,2,rural,19,hombre,secundaria_completa,4,2598.0,0.10418785843347654
2025,2,rural,19,hombre,secundaria_incompleta,1,433.0,0.0
2025,2,rural,19,mujer,secundaria_completa,3,1299.0,0.2598142885266366
2025,2,rural,19,mujer,secundaria_incompleta,1,3000.0,0.0
2025,2,rural,20,hombre,secundaria_completa,5,2598.0,0.2960480689939943
2025,2,rural,20,mujer,otros,1,1000.0,0.0
2025,2,rural,20,mujer,secundaria_completa,3,866.0,2.0886710236062083
2025,2,rural,20,mujer,secundaria_incompleta,1,533.3333740234375,0.0
2025,2,rural,21,hombre,secundaria_completa,3,1039.199951171875,0.26682419547691644
2025,2,rural,21,hombre,secundaria_incompleta,1,1833.3333740234375,0.0
2025,2,rural,21,mujer,secundaria_completa,5,2165.0,0.02600929695590485
2025,2,rural,21,mujer,secundaria_incompleta,3,909.2999877929688,1.1972819923845142
2025,2,rural,21,mujer,superior,1,3897.0,0.0
2025,2,rural,22,hombre,primaria_completa,1,1732.0,0.0
2025,2,rural,22,hombre,secundaria_completa,2,4330.0,0.0
2025,2,rural,22,hombre,secundaria_incompleta,1,2066.666748046875,0.0
2025,2,rural,22,hombre,superior,3,6062.0,0.0
2025,2,rural,22,mujer,secundaria_completa,1,1060.8499755859375,0.0
2025,2,rural,22,mujer,secundaria_incompleta,1,866.0,0.0
2025,2,rural,22,mujer,superior,2,1000.0,0.20389151892674753
2025,2,rural,23,hombre,primaria_incompleta,1,2000.0,0.0
2025,2,rural,23,hombre,secundaria_completa,6,3500.0,0.22629644883141942
2025,2,rural,23,hombre,secundaria_incompleta,2,2920.83349609375,0.0
2025,2,rural,23,hombre,superior,2,2598.0,0.0
2025,2,rural,23,mujer,secundaria_completa,1,166.6666717529297,0.0
2025,2,rural,23,mujer,superior,1,1732.0,0.0
2025,2,rural,24,hombre,secundaria_completa,3,2598.0,0.0
2025,2,rural,24,hombre,secundaria_incompleta,3,2598.0,0.23418594255474356
2025,2,rural,24,hombre,superior,5,3810.39990234375,0.08871350754396827
2025,2,rural,24,mujer,primaria_completa,1,583.3333740234375,0.0
2025,2,rural,24,mujer,secundaria_completa,4,866.0,0.17878503777948052
2025,2,rural,24,mujer,secundaria_incompleta,1,300.0,0.0
2025,2,rural,24,mujer,superior,1,3464.0,0.0
2025,2,rural,25,hombre,primaria_completa,1,6495.0,0.0
2025,2,rural,25,hombre,secundaria_completa,3,4330.0,0.0
2025,2,rural,25,hombre,secundaria_incompleta,1,3031.0,0.0
2025,2,rural,25,hombre,superior,3,2500.0,0.038417949901469906
2025,2,rural,25,mujer,primaria_incompleta,1,3637.199951171875,0.0
2025,2,rural,25,mujer,secundaria_completa,9,1666.666748046875,0.07291791516080155
2025,2,rural,25,mujer,secundaria_incompleta,1,1833.3333740234375,0.0
2025,2,rural,25,mujer,superior,5,2500.0,0.38942903675180107
2025,2,rural,26,hombre,secundaria_completa,9,2165.0,0.1590514709329883
2025,2,rural,26,hombre,secundaria_incompleta,1,3897.0,0.0
2025,2,rural,26,hombre,superior,6,3000.0,0.3709950327939307
2025,2,rural,26,mujer,secundaria_completa,2,375.0,2.526975082941414
2025,2,rural,26,mujer,secundaria_incompleta,1,2381.5,0.0
2025,2,rural,26,mujer,superior,2,866.0,0.0
2025,2,rural,27,hombre,secundaria_completa,5,4286.69970703125,0.33508265737788956
2025,2,rural,27,hombre,secundaria_incompleta,2,3464.0,0.05986416724716465
2025,2,rural,27,hombre,superior,2,3200.0,0.06391875643230252
2025,2,rural,27,mujer,primaria_completa,1,1732.0,0.0
2025,2,rural,27,mujer,secundaria_completa,5,2598.0,0.6186142605193504
2025,2,rural,27,mujer,superior,3,2814.5,0.0403618386674174
2025,2,rural,28,hombre,otros,1,3031.0,0.0
2025,2,rural,28,hombre,secundaria_completa,5,1166.666748046875,0.8303732126715158
2025,2,rural,28,hombre,superior,1,3897.0,0.0
2025,2,rural,28,mujer,otros,1,866.0,0.0
2025,2,rural,28,mujer,secundaria_completa,4,1082.5,0.3484730876393939
2025,2,rural,28,mujer,secundaria_incompleta,3,5196.0,0.0
2025,2,urbana,16,hombre,secundaria_incompleta,14,1299.0,0.22053817897034636
2025,2,urbana,16,mujer,secundaria_incompleta,7,649.5,0.2083805522809129
2025,2,urbana,17,hombre,secundaria_incompleta,12,866.0,0.3781119119152426
2025,2,urbana,17,mujer,secundaria_incompleta,12,866.0,0.29409104331916247
2025,2,urbana,18,hombre,secundaria_completa,13,1800.0,0.16044379191502348
2025,2,urbana,18,hombre,secundaria_incompleta,7,1039.199951171875,0.5418487963886472
2025,2,urbana,18,hombre,superior,1,519.5999755859375,0.0
2025,2,urbana,18,mujer,secundaria_completa,13,1732.0,0.28475478571545876
2025,2,urbana,18,mujer,secundaria_incompleta,3,866.0,0.1305183534789052
2025,2,urbana,18,mujer,superior,2,3897.0,0.0
2025,2,urbana,19,hombre,secundaria_completa,30,2000.0,0.10608453831329355
2025,2,urbana,19,hombre,secundaria_incompleta,2,433.0,4.21627139036698
2025,2,urbana,19,hombre,superior,4,2000.0,0.6641170267974912
2025,2,urbana,19,mujer,secundaria_completa,15,1500.0,0.13209740248503976
2025,2,urbana,19,mujer,secundaria_incompleta,3,2598.0,0.273759459646757
2025,2,urbana,19,mujer,superior,9,1558.7999267578125,0.08743607998917831
2025,2,urbana,20,hombre,secundaria_completa,17,2000.0,0.23192790252617393
2025,2,urbana,20,hombre,secundaria_incompleta,1,2598.0,0.0
2025,2,urbana,20,hombre,superior,13,2100.0,0.13474720638794666
2025,2,urbana,20,mujer,otros,1,500.0,0.0
2025,2,urbana,20,mujer,primaria_incompleta,1,194.84999084472656,0.0
2025,2,urbana,20,mujer,secundaria_completa,14,1299.0,0.1357101478934523
2025,2,urbana,20,mujer,secundaria_incompleta,2,2000.0,0.0
2025,2,urbana,20,mujer,superior,19,1385.5999755859375,0.14730889924297802
2025,2,urbana,21,hombre,otros,2,3637.199951171875,0.0
2025,2,urbana,21,hombre,secundaria_completa,23,2000.0,0.09875588256453767
2025,2,urbana,21,hombre,secundaria_incompleta,4,1948.5,0.1280900708249916
2025,2,urbana,21,hombre,superior,20,1299.0,0.3130488857967911
2025,2,urbana,21,mujer,otros,1,1500.0,0.0
2025,2,urbana,21,mujer,secundaria_completa,7,1732.0,0.1640185140621121
2025,2,urbana,21,mujer,secundaria_incompleta,1,238.14999389648438,0.0
2025,2,urbana,21,mujer,superior,11,2500.0,0.2004620754765053
2025,2,urbana,22,hombre,secundaria_completa,14,2598.0,0.2657229508577138
2025,2,urbana,22,hombre,secundaria_incompleta,1,1299.0,0.0
2025,2,urbana,22,hombre,superior,22,2000.0,0.16740209193192165
2025,2,urbana,22,mujer,otros,1,600.0,0.0
2025,2,urbana,22,mujer,primaria_completa,1,1948.5,0.0
2025,2,urbana,22,mujer,secundaria_completa,9,1500.0,0.20463732458143916
2025,2,urbana,22,mujer,secundaria_incompleta,2,10392.0,0.0
2025,2,urbana,22,mujer,superior,34,2000.0,0.1456792692536693
2025,2,urbana,23,hombre,otros,2,8660.0,0.0
2025,2,urbana,23,hombre,secundaria_completa,22,2570.0,0.07820148911058754
2025,2,urbana,23,hombre,secundaria_incompleta,2,3500.0,0.0
2025,2,urbana,23,hombre,superior,42,2000.0,0.12701203685932902
2025,2,urbana,23,mujer,otros,2,433.0,0.35419035739578547
2025,2,urbana,23,mujer,secundaria_completa,17,1732.0,0.15173135758561807
2025,2,urbana,23,mujer,secundaria_incompleta,4,900.0,0.9757322114364121
2025,2,urbana,23,mujer,superior,33,2100.0,0.134539044684991
2025,2,urbana,24,hombre,otros,3,2500.0,0.3291740063781144
2025,2,urbana,24,hombre,secundaria_completa,17,2598.0,0.09458287714118305
2025,2,urbana,24,hombre,secundaria_incompleta,1,3200.0,0.0
2025,2,urbana,24,hombre,superior,31,2750.0,0.0870911153508811
2025,2,urbana,24,mujer,otros,1,1299.0,0.0
2025,2,urbana,24,mujer,secundaria_completa,6,1500.0,0.47898923547631556
2025,2,urbana,24,mujer,superior,27,1800.0,0.21656340933135562
2025,2,urbana,25,hombre,otros,2,2922.75,0.0
2025,2,urbana,25,hombre,secundaria_completa,21,2800.0,0.08126828377496058
2025,2,urbana,25,hombre,secundaria_incompleta,5,2857.800048828125,0.02358813766417934
2025,2,urbana,25,hombre,superior,50,2598.0,0.0937747681630798
2025,2,urbana,25,mujer,otros,1,216.5,0.0
2025,2,urbana,25,mujer,primaria_incompleta,2,1200.0,0.0
2025,2,urbana,25,mujer,secundaria_completa,11,1558.7999267578125,0.2892253598415427
2025,2,urbana,25,mujer,secundaria_incompleta,2,100.0,14.287915543144901
2025,2,urbana,25,mujer,superior,38,1407.25,0.22142146136618476
2025,2,urbana,26,hombre,otros,3,2165.0,0.013454946707013568
2025,2,urbana,26,hombre,secundaria_completa,17,3200.0,0.07469482299778925
2025,2,urbana,26,hombre,secundaria_incompleta,7,2700.0,0.0795996039822333
2025,2,urbana,26,hombre,superior,42,2500.0,0.1282101273309709
2025,2,urbana,26,mujer,otros,1,3031.0,0.0
2025,2,urbana,26,mujer,primaria_completa,1,649.5,0.0
2025,2,urbana,26,mujer,secundaria_completa,10,1082.5,0.129060002259445
2025,2,urbana,26,mujer,secundaria_incompleta,1,2400.0,0.0
2025,2,urbana,26,mujer,superior,49,2000.0,0.17535515186263378
2025,2,urbana,27,hombre,otros,2,3464.0,0.23467019629241784
2025,2,urbana,27,hombre,primaria_completa,1,2800.0,0.0
2025,2,urbana,27,hombre,primaria_incompleta,1,3500.0,0.0
2025,2,urbana,27,hombre,secundaria_completa,19,2857.800048828125,0.058994634286834005
2025,2,urbana,27,hombre,secundaria_incompleta,2,6062.0,0.0
2025,2,urbana,27,hombre,superior,44,2800.0,0.10978523473499877
2025,2,urbana,27,mujer,otros,1,1000.0,0.0
2025,2,urbana,27,mujer,primaria_completa,1,3290.800048828125,0.0
2025,2,urbana,27,mujer,primaria_incompleta,1,1732.0,0.0
2025,2,urbana,27,mujer,secundaria_completa,14,1991.7999267578125,0.2557624938436014
2025,2,urbana,27,mujer,secundaria_incompleta,3,866.0,1.238118754387478
2025,2,urbana,27,mujer,superior,41,2165.0,0.14752426344793942
2025,2,urbana,28,hombre,otros,3,1400.0,2.1978221212003306
2025,2,urbana,28,hombre,secundaria_completa,19,3117.599853515625,0.1287565651854265
2025,2,urbana,28,hombre,secundaria_incompleta,7,2598.0,0.37616808831059967
2025,2,urbana,28,hombre,superior,48,3000.0,0.07369512500331045
2025,2,urbana,28,mujer,otros,1,1732.0,0.0
2025,2,urbana,28,mujer,primaria_completa,2,3031.0,0.0
2025,2,urbana,28,mujer,primaria_incompleta,1,2165.0,0.0
2025,2,urbana,28,mujer,secundaria_completa,12,2300.0,0.24940985576730845
2025,2,urbana,28,mujer,secundaria_incompleta,2,1082.5,0.2415694592909422
2025,2,urbana,28,mujer,superior,44,2300.0,0.137237098830151
2025,3,rural,16,hombre,primaria_completa,1,1515.5,0.0
2025,3,rural,16,hombre,secundaria_incompleta,1,1000.0,0.0
2025,3,rural,16,mujer,secundaria_incompleta,2,519.5999755859375,0.20272573175128583
2025,3,rural,17,hombre,primaria_completa,1,7794.0,0.0
2025,3,rural,17,hombre,secundaria_incompleta,2,3117.599853515625,0.0
2025,3,rural,17,mujer,secundaria_incompleta,2,433.0,1.0381361430341434
2025,3,rural,18,hombre,primaria_completa,1,326.66668701171875,0.0
2025,3,rural,18,hombre,secundaria_incompleta,4,1385.5999755859375,0.2567095579711477
2025,3,rural,18,mujer,primaria_completa,1,1074.166748046875,0.0
2025,3,rural,18,mujer,secundaria_completa,1,259.79998779296875,0.0
2025,3,rural,18,mujer,secundaria_incompleta,1,75.0,0.0
2025,3,rural,19,hombre,secundaria_incompleta,3,2165.0,0.36311923916606903
2025,3,rural,19,mujer,secundaria_completa,1,1299.0,0.0
2025,3,rural,19,mujer,secundaria_incompleta,1,800.0,0.0
2025,3,rural,20,hombre,secundaria_completa,3,692.7999877929688,3.0258400640204837
2025,3,rural,20,mujer,secundaria_completa,1,1533.3333740234375,0.0
2025,3,rural,21,hombre,primaria_completa,1,2338.199951171875,0.0
2025,3,rural,21,hombre,secundaria_completa,2,1732.0,0.5521113287790393
2025,3,rural,21,hombre,secundaria_incompleta,1,2500.0,0.0
2025,3,rural,22,hombre,otros,1,3117.599853515625,0.0
2025,3,rural,22,hombre,secundaria_completa,2,650.0,2.189215818891406
2025,3,rural,22,hombre,superior,1,1200.0,0.0
2025,3,rural,22,mujer,superior,1,2078.39990234375,0.0
2025,3,rural,23,hombre,primaria_completa,1,9090.0,0.0
2025,3,rural,23,hombre,secundaria_completa,1,2598.0,0.0
2025,3,rural,23,hombre,secundaria_incompleta,2,1948.5,0.23080360977339826
2025,3,rural,23,mujer,secundaria_incompleta,1,1800.0,0.0
2025,3,rural,23,mujer,superior,1,3000.0,0.0
2025,3,rural,24,hombre,secundaria_incompleta,2,2598.0,0.0
2025,3,rural,24,hombre,superior,1,4000.0,0.0
2025,3,rural,24,mujer,secundaria_completa,1,2424.800048828125,0.0
2025,3,rural,24,mujer,superior,1,606.2000122070312,0.0
2025,3,rural,25,hombre,otros,1,1030.0,0.0
2025,3,rural,25,hombre,secundaria_completa,2,2598.0,0.0
2025,3,rural,25,hombre,superior,4,3247.5,0.09278530866268449
2025,3,rural,25,mujer,primaria_completa,1,606.2000122070312,0.0
2025,3,rural,25,mujer,secundaria_completa,2,779.3999633789062,1.4381615292187628
2025,3,rural,25,mujer,superior,1,2750.0,0.0
2025,3,rural,26,hombre,secundaria_completa,2,3000.0,0.0
2025,3,rural,26,hombre,secundaria_incompleta,3,3464.0,1.4516476555914875
2025,3,rural,26,mujer,primaria_incompleta,1,1558.7999267578125,0.0
2025,3,rural,26,mujer,superior,1,4330.0,0.0
2025,3,rural,27,hombre,primaria_incompleta,1,3247.5,0.0
2025,3,rural,27,hombre,secundaria_completa,3,1495.8333740234375,0.3533683737452542
2025,3,rural,27,hombre,secundaria_incompleta,2,3637.199951171875,0.0
2025,3,rural,27,hombre,superior,3,3247.5,0.15030645782470362
2025,3,rural,27,mujer,primaria_incompleta,2,2078.39990234375,0.0
2025,3,rural,27,mujer,superior,1,1039.199951171875,0.0
2025,3,rural,28,hombre,secundaria_completa,2,2424.800048828125,0.0
2025,3,rural,28,hombre,superior,2,1800.0,0.0
2025,3,rural,28,mujer,secundaria_incompleta,1,4330.0,0.0
2025,3,rural,28,mujer,superior,2,3300.0,0.0
2025,3,urbana,16,hombre,secundaria_incompleta,14,1082.5,0.19074537432314226
2025,3,urbana,16,mujer,secundaria_incompleta,9,779.3999633789062,0.26209775453534895
2025,3,urbana,17,hombre,otros,1,2598.0,0.0
2025,3,urbana,17,hombre,secundaria_completa,1,2598.0,0.0
2025,3,urbana,17,hombre,secundaria_incompleta,25,779.3999633789062,0.4644471714283451
2025,3,urbana,17,mujer,secundaria_completa,1,1000.0,0.0
2025,3,urbana,17,mujer,secundaria_incompleta,11,800.0,0.21797737614877355
2025,3,urbana,18,hombre,otros,2,2598.0,0.1094116054188914
2025,3,urbana,18,hombre,primaria_completa,1,649.5,0.0
2025,3,urbana,18,hombre,primaria_incompleta,1,2000.0,0.0
2025,3,urbana,18,hombre,secundaria_completa,8,1700.0,0.1402474196127099
2025,3,urbana,18,hombre,secundaria_incompleta,6,1200.0,0.23942812620315057
2025,3,urbana,18,mujer,otros,1,2300.0,0.0
2025,3,urbana,18,mujer,secundaria_completa,11,1200.0,0.2593112218105383
2025,3,urbana,18,mujer,secundaria_incompleta,4,866.0,0.0
2025,3,urbana,19,hombre,otros,1,866.0,0.0
2025,3,urbana,19,hombre,primaria_completa,1,2381.5,0.0
2025,3,urbana,19,hombre,secundaria_completa,14,1299.0,0.3621620110606144
2025,3,urbana,19,hombre,secundaria_incompleta,7,1039.199951171875,0.96733402380803
2025,3,urbana,19,hombre,superior,4,1169.0999755859375,0.07952065986665464
2025,3,urbana,19,mujer,otros,4,1400.0,0.6542179310946085
2025,3,urbana,19,mujer,secundaria_completa,19,1299.0,0.27742768595125
2025,3,urbana,19,mujer,secundaria_incompleta,5,1385.5999755859375,0.5160374892563018
2025,3,urbana,19,mujer,superior,8,1082.5,0.5023950056276715
2025,3,urbana,20,hombre,otros,4,2200.0,0.3736254118066137
2025,3,urbana,20,hombre,primaria_completa,1,4763.0,0.0
2025,3,urbana,20,hombre,secundaria_completa,12,2424.800048828125,0.32928406146019756
2025,3,urbana,20,hombre,superior,8,2598.0,0.22248112089283162
2025,3,urbana,20,mujer,otros,1,2000.0,0.0
2025,3,urbana,20,mujer,secundaria_completa,12,1200.0,0.375941767508777
2025,3,urbana,20,mujer,secundaria_incompleta,2,433.0,3.1413154324088497
2025,3,urbana,20,mujer,superior,12,900.0,0.5239263894308661
2025,3,urbana,21,hombre,otros,2,1500.0,0.8633967642535294
2025,3,urbana,21,hombre,secundaria_completa,11,2400.0,0.11922273771206496
2025,3,urbana,21,hombre,secundaria_incompleta,3,2800.0,1.054746935399947
2025,3,urbana,21,hombre,superior,15,1500.0,0.41926858864745425
2025,3,urbana,21,mujer,otros,5,1623.75,0.24913423541189758
2025,3,urbana,21,mujer,primaria_incompleta,1,866.0,0.0
2025,3,urbana,21,mujer,secundaria_completa,2,1300.0,0.05178082558334879
2025,3,urbana,21,mujer,secundaria_incompleta,1,2500.0,0.0
2025,3,urbana,21,mujer,superior,9,1299.0,0.20626849705986205
2025,3,urbana,22,hombre,otros,5,2250.0,0.19910141747652443
2025,3,urbana,22,hombre,primaria_completa,1,606.2000122070312,0.0
2025,3,urbana,22,hombre,secundaria_completa,8,3333.33349609375,0.25684713937277465
2025,3,urbana,22,hombre,secundaria_incompleta,7,2424.800048828125,0.2598628296844055
2025,3,urbana,22,hombre,superior,29,1948.5,0.1394156483631217
2025,3,urbana,22,mujer,otros,3,2000.0,0.39392596573328764
2025,3,urbana,22,mujer,secundaria_completa,7,1500.0,0.06193503890542444
2025,3,urbana,22,mujer,superior,21,1212.4000244140625,0.1653089776663558
2025,3,urbana,23,hombre,otros,3,2598.0,0.5048987877494558
2025,3,urbana,23,hombre,secundaria_completa,12,2200.0,0.30407739605734263
2025,3,urbana,23,hombre,secundaria_incompleta,3,3247.5,0.3125007038848488
2025,3,urbana,23,hombre,superior,26,1732.0,0.1995309024092784
2025,3,urbana,23,mujer,otros,4,2400.0,0.6658947076771723
2025,3,urbana,23,mujer,primaria_incompleta,1,4546.5,0.0
2025,3,urbana,23,mujer,secundaria_completa,4,1515.5,0.09495320258499247
2025,3,urbana,23,mujer,secundaria_incompleta,2,3897.0,0.0
2025,3,urbana,23,mujer,superior,20,2000.0,0.1819988442252446
2025,3,urbana,24,hombre,otros,2,2165.0,0.4258741388289776
2025,3,urbana,24,hombre,secundaria_completa,15,2600.0,0.07828015416777584
2025,3,urbana,24,hombre,secundaria_incompleta,1,2078.39990234375,0.0
2025,3,urbana,24,hombre,superior,22,2200.0,0.16270318471695175
2025,3,urbana,24,mujer,otros,2,2200.0,0.0
2025,3,urbana,24,mujer,primaria_completa,1,2000.0,0.0
2025,3,urbana,24,mujer,secundaria_completa,8,1000.0,0.5026997769276355
2025,3,urbana,24,mujer,secundaria_incompleta,1,2500.0,0.0
2025,3,urbana,24,mujer,superior,26,1500.0,0.23945366958129913
2025,3,urbana,25,hombre,otros,3,4000.0,0.2893599858879069
2025,3,urbana,25,hombre,secundaria_completa,10,2700.0,0.12453079417402076
2025,3,urbana,25,hombre,secundaria_incompleta,5,3377.39990234375,0.48227011716981405
2025,3,urbana,25,hombre,superior,31,2000.0,0.1658064070769312
2025,3,urbana,25,mujer,ninguno,2,1082.5,0.0
2025,3,urbana,25,mujer,otros,1,1039.199951171875,0.0
2025,3,urbana,25,mujer,primaria_completa,1,2200.0,0.0
2025,3,urbana,25,mujer,secundaria_completa,4,1800.0,0.06673547040005103
2025,3,urbana,25,mujer,secundaria_incompleta,4,2814.5,0.2679694801143783
2025,3,urbana,25,mujer,superior,27,2000.0,0.18521986996537698
2025,3,urbana,26,hombre,otros,1,2400.0,0.0
2025,3,urbana,26,hombre,secundaria_completa,10,2598.0,0.07038275128596005
2025,3,urbana,26,hombre,secundaria_incompleta,5,3897.0,0.3998510405864163
2025,3,urbana,26,hombre,superior,38,2700.0,0.13491929456880408
2025,3,urbana,26,mujer,otros,2,1200.0,0.90556530634556
2025,3,urbana,26,mujer,primaria_incompleta,3,1385.5999755859375,0.40506978454141346
2025,3,urbana,26,mujer,secundaria_completa,9,1575.0,0.21436208864919562
2025,3,urbana,26,mujer,superior,32,2000.0,0.14515191498944763
2025,3,urbana,27,hombre,otros,4,2598.0,0.09798994932600862
2025,3,urbana,27,hombre,primaria_incompleta,2,8660.0,0.0
2025,3,urbana,27,hombre,secundaria_completa,4,2750.0,0.41505539481081366
2025,3,urbana,27,hombre,secundaria_incompleta,4,3897.0,0.114858073697336
2025,3,urbana,27,hombre,superior,40,2500.0,0.11580060252201264
2025,3,urbana,27,mujer,otros,4,1515.5,0.28642552012991657
2025,3,urbana,27,mujer,primaria_incompleta,1,1300.0,0.0
2025,3,urbana,27,mujer,secundaria_completa,3,1500.0,0.7111406386354111
2025,3,urbana,27,mujer,superior,24,2400.0,0.14887721040893084
2025,3,urbana,28,hombre,otros,1,2381.5,0.0
2025,3,urbana,28,hombre,primaria_completa,2,3000.0,0.08889702009638618
2025,3,urbana,28,hombre,primaria_incompleta,1,3117.599853515625,0.0
2025,3,urbana,28,hombre,secundaria_completa,12,3377.39990234375,0.15120084723430616
2025,3,urbana,28,hombre,secundaria_incompleta,4,3117.599853515625,0.139443826411292
2025,3,urbana,28,hombre,superior,42,2598.0,0.09520724905328953
2025,3,urbana,28,mujer,otros,2,2078.39990234375,0.33840589540415666
2025,3,urbana,28,mujer,primaria_completa,2,550.0,0.613219290319493
2025,3,urbana,28,mujer,primaria_incompleta,3,2000.0,0.4508138652387614
2025,3,urbana,28,mujer,secundaria_completa,5,3247.5,0.39517309868412653
2025,3,urbana,28,mujer,secundaria_incompleta,2,1948.5,1.6482048091168786
2025,3,urbana,28,mujer,superior,36,2500.0,0.06410923235268264
2025,4,rural,17,mujer,secundaria_incompleta,1,800.0,0.0
2025,4,rural,19,mujer,secundaria_incompleta,1,1200.0,0.0
2025,4,rural,19,mujer,superior,1,433.0,0.0
2025,4,rural,20,hombre,secundaria_completa,1,2100.0,0.0
2025,4,rural,22,mujer,superior,1,692.7999877929688,0.0
2025,4,rural,23,hombre,secundaria_incompleta,1,2500.0,0.0
2025,4,rural,23,mujer,superior,1,2958.33349609375,0.0
2025,4,rural,24,hombre,superior,2,2165.0,1.1568803438282393
2025,4,rural,25,mujer,secundaria_completa,1,2500.0,0.0
2025,4,rural,26,hombre,secundaria_completa,1,3500.0,0.0
2025,4,rural,26,hombre,secundaria_incompleta,1,3247.5,0.0
2025,4,rural,26,mujer,secundaria_completa,2,2000.0,0.3506599560096882
2025,4,rural,26,mujer,superior,1,1515.5,0.0
2025,4,rural,27,mujer,superior,1,3031.0,0.0
2025,4,urbana,16,hombre,secundaria_incompleta,2,519.5999755859375,0.40716814302722726
2025,4,urbana,16,mujer,secundaria_incompleta,1,736.0999755859375,0.0
2025,4,urbana,17,hombre,primaria_incompleta,1,1732.0,0.0
2025,4,urbana,17,hombre,secundaria_incompleta,4,1000.0,0.9865913606293434
2025,4,urbana,17,mujer,secundaria_incompleta,1,346.3999938964844,0.0
2025,4,urbana,18,hombre,secundaria_completa,3,1800.0,0.6667853682625327
2025,4,urbana,18,hombre,secundaria_incompleta,5,1000.0,0.32416722395484115
2025,4,urbana,18,hombre,superior,1,2598.0,0.0
2025,4,urbana,18,mujer,secundaria_completa,3,866.0,0.4901160480087458
2025,4,urbana,18,mujer,secundaria_incompleta,3,866.0,0.2969004108754638
2025,4,urbana,19,hombre,secundaria_completa,3,2400.0,0.0
2025,4,urbana,19,hombre,secundaria_incompleta,1,866.0,0.0
2025,4,urbana,19,hombre,superior,2,1039.199951171875,0.0
2025,4,urbana,19,mujer,secundaria_completa,4,1200.0,0.19950233810457718
2025,4,urbana,20,hombre,otros,1,3247.5,0.0
2025,4,urbana,20,hombre,secundaria_completa,1,866.0,0.0
2025,4,urbana,20,hombre,superior,5,866.0,0.7716399085988357
2025,4,urbana,20,mujer,otros,1,779.3999633789062,0.0
2025,4,urbana,20,mujer,secundaria_completa,2,779.3999633789062,0.0
2025,4,urbana,20,mujer,secundaria_incompleta,2,692.7999877929688,1.7325204491009867
2025,4,urbana,20,mujer,superior,5,1200.0,0.18378393939213727
2025,4,urbana,21,hombre,primaria_completa,1,2500.0,0.0
2025,4,urbana,21,hombre,secundaria_completa,2,4330.0,0.0
2025,4,urbana,21,hombre,secundaria_incompleta,1,2800.0,0.0
2025,4,urbana,21,hombre,superior,4,1299.0,0.2265296105359336
2025,4,urbana,21,mujer,otros,1,2598.0,0.0
2025,4,urbana,21,mujer,secundaria_completa,2,433.0,4.888682405121882
2025,4,urbana,21,mujer,superior,5,1300.0,0.06932573736175882
2025,4,urbana,22,hombre,secundaria_completa,3,2000.0,0.1385834895444707
2025,4,urbana,22,hombre,secundaria_incompleta,1,3897.0,0.0
2025,4,urbana,22,hombre,superior,4,1472.199951171875,0.908432045088415
2025,4,urbana,22,mujer,secundaria_completa,1,433.0,0.0
2025,4,urbana,22,mujer,secundaria_incompleta,2,2598.0,0.0
2025,4,urbana,22,mujer,superior,9,1299.0,0.15937483674571964
2025,4,urbana,23,hombre,secundaria_completa,3,9000.0,0.0
2025,4,urbana,23,hombre,secundaria_incompleta,1,2598.0,0.0
2025,4,urbana,23,hombre,superior,8,3464.0,0.22736866659955096
2025,4,urbana,23,mujer,secundaria_completa,3,1200.0,0.37588375569664234
2025,4,urbana,23,mujer,secundaria_incompleta,3,909.2999877929688,0.0071682238047996154
2025,4,urbana,23,mujer,superior,6,1100.0,0.2551910654568504
2025,4,urbana,24,hombre,secundaria_completa,2,3897.0,0.0
2025,4,urbana,24,hombre,superior,13,2800.0,0.09321439910961507
2025,4,urbana,24,mujer,otros,1,1800.0,0.0
2025,4,urbana,24,mujer,primaria_completa,1,649.5,0.0
2025,4,urbana,24,mujer,secundaria_completa,1,866.0,0.0
2025,4,urbana,24,mujer,secundaria_incompleta,1,433.0,0.0
2025,4,urbana,24,mujer,superior,6,1558.7999267578125,0.05684307125690667
2025,4,urbana,25,hombre,otros,1,2165.0,0.0
2025,4,urbana,25,hombre,secundaria_completa,3,3247.5,0.3602712091822411
2025,4,urbana,25,hombre,superior,5,1250.0,1.6487435587946107
2025,4,urbana,25,mujer,secundaria_completa,2,1400.0,0.0
2025,4,urbana,25,mujer,superior,8,1500.0,0.5916948087586441
2025,4,urbana,26,hombre,secundaria_completa,4,3000.0,0.3390130580408781
2025,4,urbana,26,hombre,secundaria_incompleta,1,5196.0,0.0
2025,4,urbana,26,hombre,superior,5,1200.0,0.027483132797834903
2025,4,urbana,26,mujer,otros,3,2165.0,1.7217050891309242
2025,4,urbana,26,mujer,primaria_incompleta,1,1400.0,0.0
2025,4,urbana,26,mujer,secundaria_completa,1,1039.199951171875,0.0
2025,4,urbana,26,mujer,secundaria_incompleta,1,866.0,0.0
2025,4,urbana,26,mujer,superior,4,3464.0,0.09669129058463152
2025,4,urbana,27,hombre,primaria_completa,1,3897.0,0.0
2025,4,urbana,27,hombre,secundaria_completa,4,2165.0,0.5429176063644795
2025,4,urbana,27,hombre,secundaria_incompleta,2,3031.0,0.0
2025,4,urbana,27,hombre,superior,10,2400.0,0.11462661511833858
2025,4,urbana,27,mujer,secundaria_completa,4,1800.0,0.4645076180948996
2025,4,urbana,27,mujer,superior,9,1500.0,0.5070986486778467
2025,4,urbana,28,hombre,primaria_completa,1,4330.0,0.0
2025,4,urbana,28,hombre,secundaria_completa,6,2700.0,0.21559822113716984
2025,4,urbana,28,hombre,superior,10,2200.0,0.11012533031826575
2025,4,urbana,28,mujer,superior,8,3000.0,0.3850667406117324
2025,5,rural,16,hombre,secundaria_incompleta,1,866.0,0.0
2025,5,rural,17,hombre,secundaria_incompleta,1,2598.0,0.0
2025,5,rural,17,mujer,primaria_completa,1,208.33334350585938,0.0
2025,5,rural,18,hombre,secundaria_incompleta,1,2800.0,0.0
2025,5,rural,18,mujer,secundaria_completa,1,779.3999633789062,0.0
2025,5,rural,19,hombre,secundaria_incompleta,2,3200.0,0.0
2025,5,rural,19,mujer,secundaria_completa,1,2165.0,0.0
2025,5,rural,19,mujer,superior,1,2000.0,0.0
2025,5,rural,21,hombre,secundaria_completa,1,5000.0,0.0
2025,5,rural,23,hombre,secundaria_completa,1,2165.0,0.0
2025,5,rural,24,hombre,primaria_incompleta,1,523.3333740234375,0.0
2025,5,rural,24,hombre,secundaria_completa,1,3000.0,0.0
2025,5,rural,24,mujer,secundaria_completa,1,1500.0,0.0
2025,5,rural,25,hombre,secundaria_completa,2,5000.0,0.0
2025,5,rural,25,mujer,secundaria_incompleta,1,779.3999633789062,0.0
2025,5,rural,26,hombre,secundaria_completa,2,333.3333435058594,0.0
2025,5,rural,26,mujer,superior,3,275.0,25.868729378216727
2025,5,rural,27,hombre,secundaria_completa,1,298.3333435058594,0.0
2025,5,rural,27,hombre,secundaria_incompleta,2,308.3333435058594,5.412101279777699
2025,5,rural,27,hombre,superior,2,3500.0,0.0
2025,5,rural,28,hombre,secundaria_completa,1,3200.0,0.0
2025,5,rural,28,hombre,superior,1,4200.0,0.0
2025,5,rural,28,mujer,superior,1,1299.0,0.0
2025,5,urbana,16,hombre,primaria_incompleta,1,1039.199951171875,0.0
2025,5,urbana,16,hombre,secundaria_incompleta,6,1125.7999267578125,0.29920726765734146
2025,5,urbana,16,mujer,secundaria_incompleta,1,1299.0,0.0
2025,5,urbana,17,hombre,secundaria_incompleta,9,1732.0,0.27904721940874266
2025,5,urbana,17,mujer,secundaria_completa,2,1299.0,0.0
2025,5,urbana,17,mujer,secundaria_incompleta,3,1558.7999267578125,0.0
2025,5,urbana,18,hombre,primaria_completa,1,5455.7998046875,0.0
2025,5,urbana,18,hombre,secundaria_completa,2,866.0,0.7686621618379069
2025,5,urbana,18,hombre,secundaria_incompleta,4,2500.0,0.3092320913970376
2025,5,urbana,18,mujer,secundaria_completa,4,1000.0,0.05530047594439618
2025,5,urbana,18,mujer,secundaria_incompleta,3,1800.0,0.4997696221756619
2025,5,urbana,18,mujer,superior,1,1000.0,0.0
2025,5,urbana,19,hombre,primaria_incompleta,1,3464.0,0.0
2025,5,urbana,19,hombre,secundaria_completa,8,2598.0,0.7638804061603257
2025,5,urbana,19,hombre,secundaria_incompleta,2,4763.0,0.23020822984773123
2025,5,urbana,19,hombre,superior,1,216.5,0.0
2025,5,urbana,19,mujer,secundaria_completa,3,1299.0,0.0
2025,5,urbana,19,mujer,secundaria_incompleta,2,4330.0,0.0
2025,5,urbana,19,mujer,superior,2,1600.0,0.0
2025,5,urbana,20,hombre,otros,1,5196.0,0.0
2025,5,urbana,20,hombre,secundaria_completa,4,1800.0,0.6738481550110345
2025,5,urbana,20,hombre,secundaria_incompleta,4,2078.39990234375,1.2052298704452007
2025,5,urbana,20,hombre,superior,4,2000.0,0.2047598660904421
2025,5,urbana,20,mujer,secundaria_completa,2,1000.0,0.0
2025,5,urbana,20,mujer,secundaria_incompleta,1,450.0,0.0
2025,5,urbana,20,mujer,superior,3,866.0,0.4647175179780212
2025,5,urbana,21,hombre,primaria_incompleta,1,6495.0,0.0
2025,5,urbana,21,hombre,secundaria_completa,3,2500.0,0.14816893302924156
2025,5,urbana,21,hombre,secundaria_incompleta,3,4330.0,0.2373298634784939
2025,5,urbana,21,hombre,superior,5,2000.0,0.0430552332551344
2025,5,urbana,21,mujer,primaria_incompleta,1,2078.39990234375,0.0
2025,5,urbana,21,mujer,secundaria_completa,2,866.0,5.5777642672345875
2025,5,urbana,21,mujer,superior,10,2000.0,0.5370399720082808
2025,5,urbana,22,hombre,secundaria_completa,11,3500.0,0.22848164197139553
2025,5,urbana,22,hombre,secundaria_incompleta,2,2598.0,0.46102872614084356
2025,5,urbana,22,hombre,superior,12,2598.0,0.22269881364699348
2025,5,urbana,22,mujer,secundaria_completa,5,3000.0,0.3971955577774426
2025,5,urbana,22,mujer,secundaria_incompleta,2,2165.0,0.0
2025,5,urbana,22,mujer,superior,4,900.0,0.3326032589239698
2025,5,urbana,23,hombre,primaria_completa,1,5196.0,0.0
2025,5,urbana,23,hombre,primaria_incompleta,1,4330.0,0.0
2025,5,urbana,23,hombre,secundaria_completa,4,4330.0,0.0
2025,5,urbana,23,hombre,secundaria_incompleta,4,4330.0,0.2164344493028449
2025,5,urbana,23,hombre,superior,11,2598.0,0.1325831003715406
2025,5,urbana,23,mujer,secundaria_completa,2,1688.699951171875,1.468502023617508
2025,5,urbana,23,mujer,secundaria_incompleta,1,3247.5,0.0
2025,5,urbana,23,mujer,superior,15,1500.0,0.3355522192846904
2025,5,urbana,24,hombre,secundaria_completa,3,2600.0,0.0
2025,5,urbana,24,hombre,secundaria_incompleta,2,5000.0,0.020895281864119222
2025,5,urbana,24,hombre,superior,10,1299.0,0.13829210689621996
2025,5,urbana,24,mujer,primaria_completa,1,900.0,0.0
2025,5,urbana,24,mujer,secundaria_completa,1,866.0,0.0
2025,5,urbana,24,mujer,secundaria_incompleta,1,2165.0,0.0
2025,5,urbana,24,mujer,superior,12,2000.0,0.3213725445714981
2025,5,urbana,25,hombre,secundaria_completa,7,3897.0,0.048380579587540724
2025,5,urbana,25,hombre,secundaria_incompleta,4,1818.5999755859375,0.8424059120674109
2025,5,urbana,25,hombre,superior,12,2800.0,0.301453914841035
2025,5,urbana,25,mujer,primaria_incompleta,1,1299.0,0.0
2025,5,urbana,25,mujer,secundaria_completa,1,866.0,0.0
2025,5,urbana,25,mujer,secundaria_incompleta,1,1000.0,0.0
2025,5,urbana,25,mujer,superior,16,2000.0,0.2972649324659683
2025,5,urbana,26,hombre,primaria_incompleta,1,4000.0,0.0
2025,5,urbana,26,hombre,secundaria_completa,4,3247.5,0.8394428373457469
2025,5,urbana,26,hombre,secundaria_incompleta,4,4000.0,0.4234357798885348
2025,5,urbana,26,hombre,superior,14,4000.0,0.2112946722751425
2025,5,urbana,26,mujer,secundaria_completa,4,3500.0,0.5627156956122829
2025,5,urbana,26,mujer,superior,15,1600.0,0.43478627912943113
2025,5,urbana,27,hombre,primaria_incompleta,1,12990.0,0.0
2025,5,urbana,27,hombre,secundaria_completa,8,3500.0,0.09067668479750227
2025,5,urbana,27,hombre,secundaria_incompleta,4,6495.0,0.19433036020500039
2025,5,urbana,27,hombre,superior,10,3031.0,0.1899771428520551
2025,5,urbana,27,mujer,primaria_incompleta,1,1500.0,0.0
2025,5,urbana,27,mujer,secundaria_completa,6,2000.0,0.2166186204970942
2025,5,urbana,27,mujer,secundaria_incompleta,1,187.5,0.0
2025,5,urbana,27,mujer,superior,13,3000.0,0.15257045694792032
2025,5,urbana,28,hombre,primaria_incompleta,1,3464.0,0.0
2025,5,urbana,28,hombre,secundaria_completa,3,4000.0,0.04847633429392526
2025,5,urbana,28,hombre,secundaria_incompleta,4,4330.0,0.3332746515991792
2025,5,urbana,28,hombre,superior,16,4500.0,0.22254992984014987
2025,5,urbana,28,mujer,primaria_completa,1,1732.0,0.0
2025,5,urbana,28,mujer,secundaria_completa,2,1299.0,0.0
2025,5,urbana,28,mujer,secundaria_incompleta,1,1500.0,0.0
2025,5,urbana,28,mujer,superior,20,2000.0,0.29503955692277484
2025,6,rural,18,hombre,secundaria_incompleta,2,2424.800048828125,0.0
2025,6,rural,18,mujer,superior,1,433.0,0.0
2025,6,rural,19,mujer,secundaria_incompleta,1,1000.0,0.0
2025,6,rural,19,mujer,superior,1,1000.0,0.0
2025,6,rural,20,hombre,primaria_incompleta,1,2598.0,0.0
2025,6,rural,20,hombre,secundaria_completa,1,2598.0,0.0
2025,6,rural,21,mujer,secundaria_completa,1,2700.0,0.0
2025,6,rural,21,mujer,secundaria_incompleta,1,1200.0,0.0
2025,6,rural,23,hombre,secundaria_completa,2,1732.0,0.36695319207771776
2025,6,rural,23,mujer,secundaria_completa,1,3031.0,0.0
2025,6,rural,24,hombre,secundaria_incompleta,1,1083.3333740234375,0.0
2025,6,rural,24,hombre,superior,1,500.0,0.0
2025,6,rural,25,hombre,secundaria_incompleta,1,1000.0,0.0
2025,6,rural,25,hombre,superior,1,833.3333740234375,0.0
2025,6,rural,25,mujer,primaria_incompleta,1,649.5,0.0
2025,6,rural,27,mujer,superior,1,1039.199951171875,0.0
2025,6,rural,28,mujer,secundaria_completa,1,1212.4000244140625,0.0
2025,6,urbana,16,hombre,primaria_completa,1,1800.0,0.0
2025,6,urbana,16,hombre,secundaria_incompleta,1,1299.0,0.0
2025,6,urbana,16,mujer,secundaria_incompleta,2,800.0,0.0
2025,6,urbana,17,hombre,secundaria_incompleta,3,1623.75,0.18800523085408263
2025,6,urbana,17,mujer,secundaria_incompleta,4,779.3999633789062,0.07369564277794752
2025,6,urbana,18,hombre,primaria_completa,1,2400.0,0.0
2025,6,urbana,18,hombre,secundaria_completa,1,649.5,0.0
2025,6,urbana,18,hombre,secundaria_incompleta,1,200.0,0.0
2025,6,urbana,18,mujer,secundaria_completa,2,500.0,1.0221564064002768
2025,6,urbana,18,mujer,secundaria_incompleta,3,692.7999877929688,0.020482383358144826
2025,6,urbana,18,mujer,superior,1,1000.0,0.0
2025,6,urbana,19,hombre,primaria_incompleta,1,3117.599853515625,0.0
2025,6,urbana,19,hombre,secundaria_completa,1,1299.0,0.0
2025,6,urbana,19,hombre,secundaria_incompleta,1,1515.5,0.0
2025,6,urbana,19,hombre,superior,1,1300.0,0.0
2025,6,urbana,19,mujer,secundaria_completa,2,1299.0,0.0
2025,6,urbana,19,mujer,secundaria_incompleta,3,1299.0,0.1454069289370638
2025,6,urbana,20,hombre,secundaria_completa,1,1299.0,0.0
2025,6,urbana,20,hombre,secundaria_incompleta,2,1558.7999267578125,0.4373910216157429
2025,6,urbana,20,hombre,superior,3,800.0,0.0
2025,6,urbana,20,mujer,secundaria_completa,3,1200.0,0.37727119336611226
2025,6,urbana,20,mujer,secundaria_incompleta,1,2078.39990234375,0.0
2025,6,urbana,20,mujer,superior,1,779.3999633789062,0.0
2025,6,urbana,21,hombre,secundaria_completa,1,2165.0,0.0
2025,6,urbana,21,hombre,secundaria_incompleta,1,3247.5,0.0
2025,6,urbana,21,hombre,superior,8,1732.0,0.6648622780929929
2025,6,urbana,21,mujer,secundaria_completa,1,1000.0,0.0
2025,6,urbana,21,mujer,superior,2,1500.0,1.706322112417739
2025,6,urbana,22,hombre,secundaria_completa,6,2598.0,0.4659064402604599
2025,6,urbana,22,hombre,secundaria_incompleta,2,1818.5999755859375,0.4104212104531599
2025,6,urbana,22,hombre,superior,2,1299.0,0.9381518319298615
2025,6,urbana,22,mujer,secundaria_incompleta,1,3897.0,0.0
2025,6,urbana,22,mujer,superior,6,1250.0,0.4062569935409699
2025,6,urbana,23,hombre,superior,2,3897.0,0.0
2025,6,urbana,23,mujer,secundaria_incompleta,1,1515.5,0.0
2025,6,urbana,23,mujer,superior,4,1515.5,2.471544606177022
2025,6,urbana,24,hombre,primaria_incompleta,1,4000.0,0.0
2025,6,urbana,24,hombre,secundaria_completa,4,1948.5,0.2647123825266381
2025,6,urbana,24,hombre,secundaria_incompleta,1,3897.0,0.0
2025,6,urbana,24,hombre,superior,8,1000.0,0.8336507147002841
2025,6,urbana,24,mujer,secundaria_completa,2,606.2000122070312,4.571772003069285
2025,6,urbana,24,mujer,secundaria_incompleta,1,1818.5999755859375,0.0
2025,6,urbana,24,mujer,superior,3,1375.0,0.49500983440314866
2025,6,urbana,25,hombre,secundaria_completa,1,1800.0,0.0
2025,6,urbana,25,hombre,secundaria_incompleta,2,2078.39990234375,0.0
2025,6,urbana,25,hombre,superior,4,3000.0,0.21917930126763913
2025,6,urbana,25,mujer,otros,1,3247.5,0.0
2025,6,urbana,25,mujer,secundaria_completa,4,1515.5,0.2821075431887662
2025,6,urbana,25,mujer,secundaria_incompleta,1,2165.0,0.0
2025,6,urbana,25,mujer,superior,5,1800.0,0.12047371121030105
2025,6,urbana,26,hombre,primaria_incompleta,1,1732.0,0.0
2025,6,urbana,26,hombre,secundaria_completa,3,3000.0,0.13950477123800228
2025,6,urbana,26,hombre,secundaria_incompleta,1,6928.0,0.0
2025,6,urbana,26,hombre,superior,5,3897.0,0.06344391596607792
2025,6,urbana,26,mujer,primaria_completa,1,779.3999633789062,0.0
2025,6,urbana,26,mujer,superior,5,3000.0,0.26784809871915477
2025,6,urbana,27,hombre,secundaria_completa,2,2598.0,0.7291196426317409
2025,6,urbana,27,hombre,secundaria_incompleta,2,3247.5,0.0
2025,6,urbana,27,hombre,superior,2,2600.0,0.0
2025,6,urbana,27,mujer,secundaria_completa,2,1948.5,0.0
2025,6,urbana,27,mujer,secundaria_incompleta,1,433.0,0.0
2025,6,urbana,27,mujer,superior,9,1082.5,0.8391188169835592
2025,6,urbana,28,hombre,secundaria_incompleta,3,4676.39990234375,0.48138624923119194
2025,6,urbana,28,hombre,superior,5,2000.0,0.5612841732512208
2025,6,urbana,28,mujer,secundaria_completa,1,2598.0,0.0
2025,6,urbana,28,mujer,superior,9,2500.0,0.2622051086377498
2025,7,rural,16,hombre,secundaria_incompleta,4,649.5,5.906427423046316
2025,7,rural,16,mujer,secundaria_incompleta,1,173.1999969482422,0.0
2025,7,rural,17,hombre,secundaria_incompleta,7,1082.5,0.21912152521335235
2025,7,rural,17,mujer,secundaria_incompleta,4,433.0,0.3732005754138412
2025,7,rural,18,hombre,secundaria_incompleta,4,2338.199951171875,0.2565984989011848
2025,7,rural,18,mujer,otros,2,2424.800048828125,0.052629604884614746
2025,7,rural,18,mujer,secundaria_completa,1,3637.199951171875,0.0
2025,7,rural,18,mujer,secundaria_incompleta,2,2000.0,0.0
2025,7,rural,19,hombre,secundaria_incompleta,3,1948.5,0.0
2025,7,rural,19,mujer,primaria_completa,1,303.1000061035156,0.0
2025,7,rural,19,mujer,secundaria_completa,1,1558.7999267578125,0.0
2025,7,rural,19,mujer,secundaria_incompleta,1,1732.0,0.0
2025,7,rural,20,hombre,secundaria_completa,2,3800.0,0.0
2025,7,rural,20,hombre,secundaria_incompleta,1,866.0,0.0
2025,7,rural,20,hombre,superior,1,2700.0,0.0
2025,7,rural,20,mujer,otros,1,3417.0,0.0
2025,7,rural,20,mujer,primaria_incompleta,1,3247.5,0.0
2025,7,rural,21,hombre,primaria_completa,1,2165.0,0.0
2025,7,rural,21,hombre,secundaria_completa,5,2500.0,0.4352363127353406
2025,7,rural,21,hombre,secundaria_incompleta,4,1583.3333740234375,0.3656385099891282
2025,7,rural,21,hombre,superior,3,2857.800048828125,0.0
2025,7,rural,21,mujer,primaria_completa,1,1039.199951171875,0.0
2025,7,rural,21,mujer,secundaria_incompleta,2,1948.5,0.0
2025,7,rural,22,hombre,otros,1,3417.0,0.0
2025,7,rural,22,hombre,primaria_completa,3,2160.0,0.025312268473863274
2025,7,rural,22,hombre,secundaria_completa,1,2165.0,0.0
2025,7,rural,22,hombre,secundaria_incompleta,5,3897.0,0.21221731200168453
2025,7,rural,22,mujer,otros,1,974.25,0.0
2025,7,rural,22,mujer,primaria_completa,1,1818.5999755859375,0.0
2025,7,rural,22,mujer,secundaria_completa,2,909.2999877929688,0.4619579473629333
2025,7,rural,22,mujer,superior,3,1818.5999755859375,0.225326588889442
2025,7,rural,23,hombre,primaria_completa,1,2165.0,0.0
2025,7,rural,23,hombre,secundaria_completa,3,2165.0,0.0291671407075826
2025,7,rural,23,hombre,secundaria_incompleta,1,3117.599853515625,0.0
2025,7,rural,23,mujer,otros,1,1558.7999267578125,0.0
2025,7,rural,23,mujer,secundaria_incompleta,1,389.6999816894531,0.0
2025,7,rural,23,mujer,superior,1,2165.0,0.0
2025,7,rural,24,hombre,otros,1,3377.39990234375,0.0
2025,7,rural,24,hombre,primaria_completa,2,4000.0,0.0
2025,7,rural,24,hombre,primaria_incompleta,1,2598.0,0.0
2025,7,rural,24,hombre,secundaria_completa,1,5196.0,0.0
2025,7,rural,24,hombre,secundaria_incompleta,2,3500.0,0.7454495396811295
2025,7,rural,24,hombre,superior,4,1299.0,0.30802503044082
2025,7,rural,24,mujer,secundaria_completa,1,2500.0,0.0
2025,7,rural,24,mujer,secundaria_incompleta,2,1299.0,0.243850119164705
2025,7,rural,24,mujer,superior,2,1299.0,0.28200670551671464
2025,7,rural,25,hombre,otros,1,2814.5,0.0
2025,7,rural,25,hombre,primaria_incompleta,2,779.3999633789062,4.8529762230605344
2025,7,rural,25,hombre,secundaria_completa,5,2121.699951171875,0.40871286562088865
2025,7,rural,25,hombre,secundaria_incompleta,2,5196.0,0.0
2025,7,rural,25,hombre,superior,2,1299.0,0.48301766497794396
2025,7,rural,25,mujer,primaria_completa,1,1732.0,0.0
2025,7,rural,25,mujer,secundaria_completa,4,800.0,0.8533071248016094
2025,7,rural,25,mujer,secundaria_incompleta,1,1580.449951171875,0.0
2025,7,rural,25,mujer,superior,1,2338.199951171875,0.0
2025,7,rural,26,hombre,primaria_completa,1,3800.0,0.0
2025,7,rural,26,hombre,primaria_incompleta,2,1250.0,0.0
2025,7,rural,26,hombre,secundaria_completa,3,2500.0,0.05031671526946664
2025,7,rural,26,hombre,secundaria_incompleta,3,9526.0,0.5021672844135316
2025,7,rural,26,hombre,superior,4,3800.0,0.22886251287435677
2025,7,rural,26,mujer,otros,1,3000.0,0.0
2025,7,rural,26,mujer,secundaria_completa,3,1818.5999755859375,0.300306744644692
2025,7,rural,26,mujer,secundaria_incompleta,1,779.3999633789062,0.0
2025,7,rural,26,mujer,superior,2,649.5,11.035146473741573
2025,7,rural,27,hombre,secundaria_completa,1,583.3333740234375,0.0
2025,7,rural,27,hombre,secundaria_incompleta,3,2500.0,1.1281639337464742
2025,7,rural,27,mujer,primaria_incompleta,1,1000.0,0.0
2025,7,rural,27,mujer,secundaria_completa,2,1299.0,0.048065286559027955
2025,7,rural,27,mujer,secundaria_incompleta,2,389.6999816894531,1.1308147704850144
2025,7,rural,27,mujer,superior,1,2500.0,0.0
2025,7,rural,28,hombre,primaria_completa,2,3750.0,0.0
2025,7,rural,28,hombre,secundaria_completa,1,4330.0,0.0
2025,7,rural,28,hombre,secundaria_incompleta,4,3637.199951171875,0.06329789075374838
2025,7,rural,28,hombre,superior,5,3031.0,0.1370162633900404
2025,7,rural,28,mujer,primaria_completa,1,649.5,0.0
2025,7,urbana,16,hombre,primaria_completa,1,1948.5,0.0
2025,7,urbana,16,hombre,secundaria_incompleta,11,1385.5999755859375,0.3436150195483232
2025,7,urbana,16,mujer,secundaria_incompleta,14,649.5,0.7822718456795451
2025,7,urbana,17,hombre,primaria_completa,1,1732.0,0.0
2025,7,urbana,17,hombre,secundaria_incompleta,24,1818.5999755859375,0.25890388238602746
2025,7,urbana,17,mujer,secundaria_incompleta,17,779.3999633789062,0.20631890584118245
2025,7,urbana,18,hombre,otros,3,3031.0,0.3072061094976573
2025,7,urbana,18,hombre,primaria_completa,1,2800.0,0.0
2025,7,urbana,18,hombre,primaria_incompleta,4,2598.0,0.0
2025,7,urbana,18,hombre,secundaria_completa,10,2078.39990234375,0.03654612857005514
2025,7,urbana,18,hombre,secundaria_incompleta,20,2078.39990234375,0.2356333370669864
2025,7,urbana,18,hombre,superior,2,1948.5,0.0
2025,7,urbana,18,mujer,otros,3,129.89999389648438,6.482735951163341
2025,7,urbana,18,mujer,secundaria_completa,3,692.7999877929688,0.0
2025,7,urbana,18,mujer,secundaria_incompleta,11,1299.0,0.4891465091767969
2025,7,urbana,19,hombre,otros,3,2165.0,0.29064767685924636
2025,7,urbana,19,hombre,primaria_completa,1,2078.39990234375,0.0
2025,7,urbana,19,hombre,secundaria_completa,14,2165.0,0.18391954578757463
2025,7,urbana,19,hombre,secundaria_incompleta,14,1732.0,0.3014934717729218
2025,7,urbana,19,hombre,superior,6,2500.0,0.6515565493779847
2025,7,urbana,19,mujer,otros,6,1299.0,0.3014099080408944
2025,7,urbana,19,mujer,secundaria_completa,8,1385.5999755859375,0.6033641894044945
2025,7,urbana,19,mujer,secundaria_incompleta,6,1299.0,0.0
2025,7,urbana,19,mujer,superior,3,2000.0,0.43371634392412567
2025,7,urbana,20,hombre,otros,5,2598.0,0.021619322648972657
2025,7,urbana,20,hombre,primaria_completa,1,2600.0,0.0
2025,7,urbana,20,hombre,secundaria_completa,17,2600.0,0.1935203057774737
2025,7,urbana,20,hombre,secundaria_incompleta,4,6666.6669921875,0.4655771790482036
2025,7,urbana,20,hombre,superior,6,1385.5999755859375,0.4899877290559889
2025,7,urbana,20,mujer,otros,9,2500.0,0.23822485864135257
2025,7,urbana,20,mujer,secundaria_completa,10,1948.5,0.16658418678280446
2025,7,urbana,20,mujer,secundaria_incompleta,5,2200.0,0.07380222275996363
2025,7,urbana,20,mujer,superior,15,866.0,0.4066161355829749
2025,7,urbana,21,hombre,otros,6,2598.0,0.18482825854180648
2025,7,urbana,21,hombre,primaria_incompleta,3,2424.800048828125,0.037804933983916336
2025,7,urbana,21,hombre,secundaria_completa,7,2165.0,0.3938702005215235
2025,7,urbana,21,hombre,secundaria_incompleta,7,1300.0,0.6390588077035112
2025,7,urbana,21,hombre,superior,16,1733.3333740234375,0.2225243569245147
2025,7,urbana,21,mujer,otros,7,2200.0,0.29482189772011935
2025,7,urbana,21,mujer,primaria_completa,2,3031.0,0.0
2025,7,urbana,21,mujer,secundaria_completa,12,1000.0,0.12386123262238434
2025,7,urbana,21,mujer,secundaria_incompleta,4,2500.0,0.0
2025,7,urbana,21,mujer,superior,18,1299.0,0.30333355497302106
2025,7,urbana,22,hombre,otros,3,2750.0,0.06430847114135517
2025,7,urbana,22,hombre,primaria_completa,1,2944.39990234375,0.0
2025,7,urbana,22,hombre,primaria_incompleta,1,2598.0,0.0
2025,7,urbana,22,hombre,secundaria_completa,15,2500.0,0.07173192169616674
2025,7,urbana,22,hombre,secundaria_incompleta,5,2598.0,0.13806441039019585
2025,7,urbana,22,hombre,superior,18,2700.0,0.17276334314127523
2025,7,urbana,22,mujer,otros,5,600.0,0.8400259689986718
2025,7,urbana,22,mujer,primaria_completa,1,1732.0,0.0
2025,7,urbana,22,mujer,primaria_incompleta,2,129.89999389648438,0.0
2025,7,urbana,22,mujer,secundaria_completa,9,2078.39990234375,0.09484083830854241
2025,7,urbana,22,mujer,secundaria_incompleta,3,649.5,3.808166165254585
2025,7,urbana,22,mujer,superior,20,1732.0,0.26659575028203686
2025,7,urbana,23,hombre,otros,4,3117.599853515625,0.0413582416966764
2025,7,urbana,23,hombre,primaria_completa,1,5196.0,0.0
2025,7,urbana,23,hombre,secundaria_completa,6,2750.0,0.11826519627617714
2025,7,urbana,23,hombre,secundaria_incompleta,7,2500.0,0.12130227862206282
2025,7,urbana,23,hombre,superior,23,2700.0,0.1151768066833813
2025,7,urbana,23,mujer,otros,3,1300.0,0.13018284839938685
2025,7,urbana,23,mujer,secundaria_completa,8,1515.5,0.2354600794135297
2025,7,urbana,23,mujer,secundaria_incompleta,6,2000.0,0.26203819159772496
2025,7,urbana,23,mujer,superior,21,1558.7999267578125,0.21590276163861447
2025,7,urbana,24,hombre,otros,2,1732.0,0.8780646276230779
2025,7,urbana,24,hombre,secundaria_completa,12,2750.0,0.034471356031373857
2025,7,urbana,24,hombre,secundaria_incompleta,8,3000.0,0.06126408422951054
2025,7,urbana,24,hombre,superior,16,2500.0,0.26501991881665843
2025,7,urbana,24,mujer,otros,3,2598.0,0.1877733936907367
2025,7,urbana,24,mujer,primaria_completa,1,2000.0,0.0
2025,7,urbana,24,mujer,secundaria_completa,10,2300.0,0.08499152168029331
2025,7,urbana,24,mujer,secundaria_incompleta,2,4546.5,0.0
2025,7,urbana,24,mujer,superior,26,1732.0,0.2546714285222534
2025,7,urbana,25,hombre,otros,6,3500.0,0.12314330699009596
2025,7,urbana,25,hombre,primaria_completa,1,3117.599853515625,0.0
2025,7,urbana,25,hombre,primaria_incompleta,1,2165.0,0.0
2025,7,urbana,25,hombre,secundaria_completa,22,3000.0,0.061041872418972125
2025,7,urbana,25,hombre,secundaria_incompleta,10,3464.0,0.07537475296596367
2025,7,urbana,25,hombre,superior,35,2700.0,0.06786267296726799
2025,7,urbana,25,mujer,otros,9,649.5,0.2750964545440075
2025,7,urbana,25,mujer,primaria_completa,2,519.5999755859375,0.0
2025,7,urbana,25,mujer,primaria_incompleta,2,2078.39990234375,0.0
2025,7,urbana,25,mujer,secundaria_completa,11,1948.5,0.7545008582645228
2025,7,urbana,25,mujer,secundaria_incompleta,5,1667.050048828125,0.3377198182185726
2025,7,urbana,25,mujer,superior,23,1732.0,0.29156447772229405
2025,7,urbana,26,hombre,otros,5,2165.0,0.18122817210949974
2025,7,urbana,26,hombre,primaria_completa,4,3031.0,0.06714225182256882
2025,7,urbana,26,hombre,primaria_incompleta,1,2400.0,0.0
2025,7,urbana,26,hombre,secundaria_completa,17,3117.599853515625,0.06939316169141553
2025,7,urbana,26,hombre,secundaria_incompleta,12,4113.5,0.22962997361733212
2025,7,urbana,26,hombre,superior,15,2814.5,0.11683879488864017
2025,7,urbana,26,mujer,otros,7,2750.0,0.3780187786934531
2025,7,urbana,26,mujer,primaria_incompleta,1,1082.5,0.0
2025,7,urbana,26,mujer,secundaria_completa,8,866.0,0.3229969250062567
2025,7,urbana,26,mujer,secundaria_incompleta,3,1900.0,0.8391508337759168
2025,7,urbana,26,mujer,superior,38,2424.800048828125,0.12594383356257793
2025,7,urbana,27,hombre,otros,7,2500.0,0.36215315438608875
2025,7,urbana,27,hombre,primaria_completa,1,3377.39990234375,0.0
2025,7,urbana,27,hombre,primaria_incompleta,3,1948.5,0.1748136735314829
2025,7,urbana,27,hombre,secundaria_completa,12,2500.0,0.17486401905941734
2025,7,urbana,27,hombre,secundaria_incompleta,3,3500.0,0.0
2025,7,urbana,27,hombre,superior,26,3000.0,0.19231966752008467
2025,7,urbana,27,mujer,otros,5,2000.0,0.0
2025,7,urbana,27,mujer,primaria_incompleta,1,1732.0,0.0
2025,7,urbana,27,mujer,secundaria_completa,9,2200.0,0.27829402924741176
2025,7,urbana,27,mujer,secundaria_incompleta,2,1039.199951171875,0.0
2025,7,urbana,27,mujer,superior,24,2598.0,0.10586102837738914
2025,7,urbana,28,hombre,otros,6,2000.0,0.042636181734373294
2025,7,urbana,28,hombre,primaria_completa,1,5196.0,0.0
2025,7,urbana,28,hombre,primaria_incompleta,1,2598.0,0.0
2025,7,urbana,28,hombre,secundaria_completa,14,2598.0,0.1017601841396698
2025,7,urbana,28,hombre,secundaria_incompleta,11,2598.0,0.058917996093547954
2025,7,urbana,28,hombre,superior,35,3031.0,0.09435693498542568
2025,7,urbana,28,mujer,otros,8,2000.0,0.28815484257615925
2025,7,urbana,28,mujer,primaria_completa,1,1299.0,0.0
2025,7,urbana,28,mujer,primaria_incompleta,1,1363.949951171875,0.0
2025,7,urbana,28,mujer,secundaria_completa,8,2100.0,0.22041097867412968
2025,7,urbana,28,mujer,secundaria_incompleta,7,2000.0,0.6241889820825249
2025,7,urbana,28,mujer,superior,24,2700.0,0.09067764115451007
2025,8,rural,16,hombre,secundaria_incompleta,2,909.2999877929688,0.0
2025,8,rural,17,hombre,secundaria_incompleta,3,1515.5,0.13332097157682193
2025,8,rural,18,hombre,primaria_completa,1,2078.39990234375,0.0
2025,8,rural,18,hombre,secundaria_completa,1,2078.39990234375,0.0
2025,8,rural,18,hombre,secundaria_incompleta,2,2598.0,0.0
2025,8,rural,18,mujer,secundaria_incompleta,1,2700.0,0.0
2025,8,rural,19,hombre,secundaria_completa,1,3117.599853515625,0.0
2025,8,rural,19,hombre,secundaria_incompleta,1,2000.0,0.0
2025,8,rural,19,mujer,superior,1,259.79998779296875,0.0
2025,8,rural,21,hombre,secundaria_completa,1,2338.199951171875,0.0
2025,8,rural,21,mujer,superior,1,519.5999755859375,0.0
2025,8,rural,23,hombre,primaria_incompleta,1,2200.0,0.0
2025,8,rural,23,hombre,superior,1,3117.599853515625,0.0
2025,8,rural,23,mujer,secundaria_completa,1,3117.599853515625,0.0
2025,8,rural,23,mujer,secundaria_incompleta,1,649.5,0.0
2025,8,rural,24,hombre,primaria_completa,1,3897.0,0.0
2025,8,rural,24,hombre,secundaria_completa,1,1385.5999755859375,0.0
2025,8,rural,24,hombre,secundaria_incompleta,1,1948.5,0.0
2025,8,rural,24,hombre,superior,1,2598.0,0.0
2025,8,rural,25,hombre,secundaria_completa,1,1732.0,0.0
2025,8,rural,25,mujer,secundaria_completa,2,1200.0,0.0
2025,8,rural,26,hombre,primaria_incompleta,1,1166.666748046875,0.0
2025,8,rural,26,hombre,secundaria_completa,1,3117.599853515625,0.0
2025,8,rural,27,hombre,secundaria_completa,2,1000.0,0.0
2025,8,rural,27,hombre,superior,1,2338.199951171875,0.0
2025,8,rural,27,mujer,secundaria_completa,1,2598.0,0.0
2025,8,rural,28,hombre,secundaria_completa,1,1818.5999755859375,0.0
2025,8,rural,28,hombre,secundaria_incompleta,2,2500.0,0.026006858197830836
2025,8,rural,28,mujer,otros,1,779.3999633789062,0.0
2025,8,rural,28,mujer,secundaria_completa,1,779.3999633789062,0.0
2025,8,rural,28,mujer,secundaria_incompleta,1,21650.0,0.0
2025,8,urbana,16,hombre,primaria_completa,2,3247.5,0.0
2025,8,urbana,16,hombre,secundaria_incompleta,12,1299.0,0.07136145968021984
2025,8,urbana,16,mujer,secundaria_incompleta,3,1082.5,0.3010839661734184
2025,8,urbana,17,hombre,secundaria_completa,1,1558.7999267578125,0.0
2025,8,urbana,17,hombre,secundaria_incompleta,8,2078.39990234375,0.13363054116080067
2025,8,urbana,17,mujer,secundaria_completa,1,1299.0,0.0
2025,8,urbana,17,mujer,secundaria_incompleta,8,1039.199951171875,0.29829868974131746
2025,8,urbana,18,hombre,primaria_completa,1,2598.0,0.0
2025,8,urbana,18,hombre,secundaria_completa,4,1299.0,0.4844630351089816
2025,8,urbana,18,hombre,secundaria_incompleta,6,2078.39990234375,0.22406723143012502
2025,8,urbana,18,mujer,secundaria_completa,2,1299.0,0.0
2025,8,urbana,18,mujer,secundaria_incompleta,4,1082.5,0.5666420688254404
2025,8,urbana,19,hombre,primaria_completa,1,2598.0,0.0
2025,8,urbana,19,hombre,secundaria_completa,9,2078.39990234375,0.11396566345355352
2025,8,urbana,19,hombre,secundaria_incompleta,7,2078.39990234375,0.13293679510009312
2025,8,urbana,19,hombre,superior,2,2338.199951171875,0.1988087355921185
2025,8,urbana,19,mujer,secundaria_completa,6,1732.0,0.14466403994695895
2025,8,urbana,19,mujer,secundaria_incompleta,2,1500.0,0.0
2025,8,urbana,19,mujer,superior,2,500.0,2.465595623388541
2025,8,urbana,20,hombre,secundaria_completa,5,2078.39990234375,0.16137539502071935
2025,8,urbana,20,hombre,secundaria_incompleta,9,2598.0,0.05957275798414811
2025,8,urbana,20,hombre,superior,3,1732.0,0.31345422708912807
2025,8,urbana,20,mujer,otros,1,1082.5,0.0
2025,8,urbana,20,mujer,secundaria_completa,4,2857.800048828125,0.0
2025,8,urbana,20,mujer,secundaria_incompleta,4,1818.5999755859375,0.0
2025,8,urbana,20,mujer,superior,7,1732.0,0.18089321408102813
2025,8,urbana,21,hombre,secundaria_completa,2,2078.39990234375,0.0
2025,8,urbana,21,hombre,superior,6,1948.5,0.28671865366568133
2025,8,urbana,21,mujer,primaria_completa,1,11691.0,0.0
2025,8,urbana,21,mujer,secundaria_completa,3,1300.0,0.7008354478860984
2025,8,urbana,21,mujer,secundaria_incompleta,4,1082.5,0.677425418320373
2025,8,urbana,21,mujer,superior,8,2165.0,0.14183900784428222
2025,8,urbana,22,hombre,secundaria_completa,1,1558.7999267578125,0.0
2025,8,urbana,22,hombre,secundaria_incompleta,2,3377.39990234375,0.0
2025,8,urbana,22,hombre,superior,6,2750.0,0.14202782305977799
2025,8,urbana,22,mujer,secundaria_completa,5,1558.7999267578125,0.5384364078871006
2025,8,urbana,22,mujer,secundaria_incompleta,1,2338.199951171875,0.0
2025,8,urbana,22,mujer,superior,7,2078.39990234375,0.18856201745175155
2025,8,urbana,23,hombre,secundaria_completa,1,1500.0,0.0
2025,8,urbana,23,hombre,secundaria_incompleta,2,3464.0,0.22756581444838528
2025,8,urbana,23,hombre,superior,9,1732.0,0.25499525855590693
2025,8,urbana,23,mujer,otros,1,1558.7999267578125,0.0
2025,8,urbana,23,mujer,secundaria_incompleta,5,2165.0,0.19491288188888964
2025,8,urbana,23,mujer,superior,10,2300.0,0.18461621049902505
2025,8,urbana,24,hombre,otros,1,2078.39990234375,0.0
2025,8,urbana,24,hombre,primaria_incompleta,1,3031.0,0.0
2025,8,urbana,24,hombre,secundaria_completa,4,3117.599853515625,0.13805828029235753
2025,8,urbana,24,hombre,secundaria_incompleta,3,2078.39990234375,0.01385062027870967
2025,8,urbana,24,hombre,superior,6,2400.0,0.08221228808982024
2025,8,urbana,24,mujer,secundaria_completa,8,2078.39990234375,0.3043269102200367
2025,8,urbana,24,mujer,secundaria_incompleta,1,3117.599853515625,0.0
2025,8,urbana,24,mujer,superior,10,1732.0,0.3192998303098145
2025,8,urbana,25,hombre,secundaria_completa,4,2078.39990234375,0.12207941525648293
2025,8,urbana,25,hombre,secundaria_incompleta,4,3117.599853515625,0.0
2025,8,urbana,25,hombre,superior,9,2300.0,0.0615652107637922
2025,8,urbana,25,mujer,otros,1,1082.5,0.0
2025,8,urbana,25,mujer,primaria_incompleta,1,1515.5,0.0
2025,8,urbana,25,mujer,secundaria_completa,7,2078.39990234375,0.2820290537370957
2025,8,urbana,25,mujer,secundaria_incompleta,1,779.3999633789062,0.0
2025,8,urbana,25,mujer,superior,15,3897.0,0.2205134160170416
2025,8,urbana,26,hombre,otros,2,1212.4000244140625,1.5631057725915714
2025,8,urbana,26,hombre,secundaria_completa,5,2338.199951171875,0.25803911471272883
2025,8,urbana,26,hombre,secundaria_incompleta,2,3247.5,0.0
2025,8,urbana,26,hombre,superior,16,3897.0,0.12187418313828448
2025,8,urbana,26,mujer,secundaria_completa,3,1818.5999755859375,0.28542570567412473
2025,8,urbana,26,mujer,secundaria_incompleta,2,1732.0,0.5261956597023786
2025,8,urbana,26,mujer,superior,11,1948.5,0.1810753285322164
2025,8,urbana,27,hombre,otros,2,2598.0,0.0
2025,8,urbana,27,hombre,primaria_incompleta,1,2338.199951171875,0.0
2025,8,urbana,27,hombre,secundaria_completa,4,2078.39990234375,0.05320089363958124
2025,8,urbana,27,hombre,secundaria_incompleta,1,2598.0,0.0
2025,8,urbana,27,hombre,superior,10,3117.599853515625,0.2883361210273163
2025,8,urbana,27,mujer,otros,2,3117.599853515625,0.0
2025,8,urbana,27,mujer,primaria_incompleta,1,1385.5999755859375,0.0
2025,8,urbana,27,mujer,secundaria_completa,2,1500.0,0.0
2025,8,urbana,27,mujer,secundaria_incompleta,2,2078.39990234375,0.0
2025,8,urbana,27,mujer,superior,14,2078.39990234375,0.20179651609082677
2025,8,urbana,28,hombre,secundaria_completa,1,2338.199951171875,0.0
2025,8,urbana,28,hombre,secundaria_incompleta,2,1948.5,0.0
2025,8,urbana,28,hombre,superior,6,3000.0,0.3637987901990702
2025,8,urbana,28,mujer,otros,1,6062.0,0.0
2025,8,urbana,28,mujer,primaria_incompleta,1,1299.0,0.0
2025,8,urbana,28,mujer,secundaria_completa,3,1948.5,0.1184794882622258
2025,8,urbana,28,mujer,secundaria_incompleta,3,1200.0,0.1026433202170311
2025,8,urbana,28,mujer,superior,16,3400.0,0.1268259065984726
2025,9,rural,16,hombre,secundaria_incompleta,2,12990.0,0.0
2025,9,rural,17,hombre,secundaria_incompleta,1,866.0,0.0
2025,9,rural,17,mujer,primaria_completa,1,541.25,0.0
2025,9,rural,17,mujer,secundaria_incompleta,1,1200.0,0.0
2025,9,rural,18,hombre,secundaria_incompleta,1,2598.0,0.0
2025,9,rural,18,mujer,secundaria_incompleta,1,3000.0,0.0
2025,9,rural,19,hombre,secundaria_completa,1,3083.33349609375,0.0
2025,9,rural,19,hombre,secundaria_incompleta,3,2500.0,0.14071208789647632
2025,9,rural,19,mujer,secundaria_completa,1,2165.0,0.0
2025,9,rural,19,mujer,secundaria_incompleta,1,2000.0,0.0
2025,9,rural,20,mujer,secundaria_completa,1,3166.666748046875,0.0
2025,9,rural,21,hombre,secundaria_incompleta,1,1666.666748046875,0.0
2025,9,rural,21,hombre,superior,1,1732.0,0.0
2025,9,rural,21,mujer,primaria_incompleta,1,2000.0,0.0
2025,9,rural,21,mujer,secundaria_completa,1,1515.5,0.0
2025,9,rural,22,hombre,primaria_incompleta,1,10825.0,0.0
2025,9,rural,22,hombre,secundaria_incompleta,1,2078.39990234375,0.0
2025,9,rural,22,mujer,secundaria_incompleta,1,1500.0,0.0
2025,9,rural,23,hombre,secundaria_completa,1,5166.6669921875,0.0
2025,9,rural,23,hombre,secundaria_incompleta,2,1416.666748046875,4.145458583313779
2025,9,rural,23,mujer,secundaria_incompleta,1,1416.666748046875,0.0
2025,9,rural,23,mujer,superior,1,5000.0,0.0
2025,9,rural,24,hombre,secundaria_completa,3,3117.599853515625,0.12854270212331761
2025,9,rural,24,mujer,otros,1,3000.0,0.0
2025,9,rural,24,mujer,secundaria_incompleta,1,2165.0,0.0
2025,9,rural,25,hombre,primaria_incompleta,1,3377.39990234375,0.0
2025,9,rural,25,hombre,secundaria_completa,1,5416.6669921875,0.0
2025,9,rural,25,hombre,secundaria_incompleta,2,2598.0,0.0
2025,9,rural,25,mujer,otros,2,2165.0,0.09280501388632255
2025,9,rural,25,mujer,secundaria_completa,1,1948.5,0.0
2025,9,rural,25,mujer,secundaria_incompleta,2,1500.0,0.4513778717744336
2025,9,rural,25,mujer,superior,1,1732.0,0.0
2025,9,rural,26,hombre,secundaria_completa,1,6250.0,0.0
2025,9,rural,26,mujer,secundaria_completa,1,5196.0,0.0
2025,9,rural,26,mujer,superior,1,4330.0,0.0
2025,9,rural,27,hombre,secundaria_completa,2,12990.0,0.0
2025,9,rural,27,hombre,secundaria_incompleta,1,2598.0,0.0
2025,9,rural,27,mujer,superior,1,4500.0,0.0
2025,9,rural,28,hombre,secundaria_completa,4,1833.3333740234375,0.49147390895924403
2025,9,rural,28,hombre,secundaria_incompleta,3,3247.5,0.7001391273944707
2025,9,rural,28,hombre,superior,1,5833.33349609375,0.0
2025,9,urbana,16,hombre,primaria_incompleta,1,1299.0,0.0
2025,9,urbana,16,hombre,secundaria_incompleta,5,1299.0,0.1385040715372932
2025,9,urbana,16,mujer,secundaria_incompleta,7,1299.0,0.41155473627052136
2025,9,urbana,17,hombre,secundaria_incompleta,6,1299.0,0.42819974485138823
2025,9,urbana,17,mujer,secundaria_incompleta,6,1300.0,0.24844721834554054
2025,9,urbana,18,hombre,primaria_completa,2,1039.199951171875,1.0303721195055624
2025,9,urbana,18,hombre,secundaria_completa,4,2700.0,0.11197694084667051
2025,9,urbana,18,hombre,secundaria_incompleta,13,2165.0,0.2521414093273537
2025,9,urbana,18,mujer,secundaria_completa,2,1400.0,0.7384807362974831
2025,9,urbana,18,mujer,secundaria_incompleta,3,974.25,0.5103734162336203
2025,9,urbana,19,hombre,secundaria_completa,2,1732.0,0.0
2025,9,urbana,19,hombre,secundaria_incompleta,5,433.0,4.249927133455125
2025,9,urbana,19,hombre,superior,1,2771.199951171875,0.0
2025,9,urbana,19,mujer,secundaria_completa,8,1800.0,0.23423207993603434
2025,9,urbana,19,mujer,secundaria_incompleta,1,1558.7999267578125,0.0
2025,9,urbana,19,mujer,superior,3,2000.0,0.013854943846807608
2025,9,urbana,20,hombre,otros,1,3247.5,0.0
2025,9,urbana,20,hombre,secundaria_completa,5,2598.0,0.36850099460790187
2025,9,urbana,20,hombre,secundaria_incompleta,7,2598.0,0.02955934875348847
2025,9,urbana,20,hombre,superior,6,1775.2999267578125,0.4402482315055572
2025,9,urbana,20,mujer,otros,1,1500.0,0.0
2025,9,urbana,20,mujer,secundaria_incompleta,2,2500.0,0.0
2025,9,urbana,20,mujer,superior,3,1299.0,0.45114477859106505
2025,9,urbana,21,hombre,secundaria_completa,4,1212.4000244140625,0.17071592750442702
2025,9,urbana,21,hombre,secundaria_incompleta,3,6495.0,0.0
2025,9,urbana,21,hombre,superior,6,2338.199951171875,0.34446609385683424
2025,9,urbana,21,mujer,superior,9,1500.0,0.0891744620293216
2025,9,urbana,22,hombre,otros,2,2800.0,0.0
2025,9,urbana,22,hombre,secundaria_completa,1,3117.599853515625,0.0
2025,9,urbana,22,hombre,secundaria_incompleta,2,3593.89990234375,0.0
2025,9,urbana,22,hombre,superior,6,2338.199951171875,1.7299344676057484
2025,9,urbana,22,mujer,secundaria_incompleta,1,1688.699951171875,0.0
2025,9,urbana,22,mujer,superior,8,2165.0,0.17213919146897574
2025,9,urbana,23,hombre,otros,2,2500.0,0.0
2025,9,urbana,23,hombre,secundaria_completa,2,1800.0,0.013146597957302414
2025,9,urbana,23,hombre,secundaria_incompleta,2,2078.39990234375,0.0
2025,9,urbana,23,hombre,superior,7,2165.0,0.236708465440937
2025,9,urbana,23,mujer,otros,4,1558.7999267578125,0.4732341736090396
2025,9,urbana,23,mujer,secundaria_completa,2,2500.0,0.0
2025,9,urbana,23,mujer,secundaria_incompleta,2,4000.0,0.0
2025,9,urbana,23,mujer,superior,13,1732.0,0.08478622692828877
2025,9,urbana,24,hombre,secundaria_completa,2,3117.599853515625,0.0
2025,9,urbana,24,hombre,secundaria_incompleta,2,12990.0,0.0
2025,9,urbana,24,hombre,superior,6,3000.0,0.4023298329576723
2025,9,urbana,24,mujer,secundaria_completa,3,2598.0,0.36893420318530834
2025,9,urbana,24,mujer,secundaria_incompleta,3,974.25,0.9664542650526823
2025,9,urbana,24,mujer,superior,11,2200.0,0.26571641841830523
2025,9,urbana,25,hombre,secundaria_completa,1,5196.0,0.0
2025,9,urbana,25,hombre,secundaria_incompleta,1,2600.0,0.0
2025,9,urbana,25,hombre,superior,11,3500.0,0.45482108652955816
2025,9,urbana,25,mujer,otros,2,649.5,1.0076454385955107
2025,9,urbana,25,mujer,superior,12,1948.5,0.10041160909395834
2025,9,urbana,26,hombre,secundaria_completa,5,3680.5,0.2877768659623454
2025,9,urbana,26,hombre,secundaria_incompleta,4,2598.0,1.150365774947241
2025,9,urbana,26,hombre,superior,10,2598.0,0.11249979566788178
2025,9,urbana,26,mujer,secundaria_incompleta,1,4330.0,0.0
2025,9,urbana,26,mujer,superior,13,1558.7999267578125,0.4537710103975388
2025,9,urbana,27,hombre,otros,1,8660.0,0.0
2025,9,urbana,27,hombre,secundaria_completa,1,2700.0,0.0
2025,9,urbana,27,hombre,secundaria_incompleta,1,6000.0,0.0
2025,9,urbana,27,hombre,superior,5,2500.0,0.1517800884461491
2025,9,urbana,27,mujer,otros,2,1500.0,0.7499343214988079
2025,9,urbana,27,mujer,secundaria_completa,3,1948.5,0.0
2025,9,urbana,27,mujer,secundaria_incompleta,1,1905.199951171875,0.0
2025,9,urbana,27,mujer,superior,8,3464.0,0.6271794941052315
2025,9,urbana,28,hombre,otros,1,1333.3333740234375,0.0
2025,9,urbana,28,hombre,primaria_incompleta,1,3464.0,0.0
2025,9,urbana,28,hombre,secundaria_completa,3,2598.0,0.6037932328328016
2025,9,urbana,28,hombre,secundaria_incompleta,2,2598.0,0.0
2025,9,urbana,28,hombre,superior,6,3300.0,0.28995118514272317
2025,9,urbana,28,mujer,otros,5,2500.0,0.16891869314205896
2025,9,urbana,28,mujer,primaria_completa,1,2165.0,0.0
2025,9,urbana,28,mujer,secundaria_completa,2,108.25,67.89893149330689
2025,9,urbana,28,mujer,secundaria_incompleta,1,1299.0,0.0
2025,9,urbana,28,mujer,superior,6,2165.0,0.4702604613280344
