gestion,codigo_departamento,area,edad,sexo,duracion_busqueda,observaciones,numerador,denominador,valor,cv
2025,1,rural,19,hombre,hasta_1_mes,1,1246.6607953838932,1246.6607953838932,100.0,0.0
2025,1,rural,19,hombre,mas_1_hasta_3_meses,1,0.0,1246.6607953838932,0.0,
2025,1,rural,19,hombre,mas_3_hasta_6_meses,1,0.0,1246.6607953838932,0.0,
2025,1,rural,19,hombre,mas_6_hasta_12_meses,1,0.0,1246.6607953838932,0.0,
2025,1,rural,19,hombre,mas_de_12_meses,1,0.0,1246.6607953838932,0.0,
2025,1,urbana,18,hombre,hasta_1_mes,1,0.0,138.20869833964497,0.0,
2025,1,urbana,18,hombre,mas_1_hasta_3_meses,1,138.20869833964497,138.20869833964497,100.0,0.0
2025,1,urbana,18,hombre,mas_3_hasta_6_meses,1,0.0,138.20869833964497,0.0,
2025,1,urbana,18,hombre,mas_6_hasta_12_meses,1,0.0,138.20869833964497,0.0,
2025,1,urbana,18,hombre,mas_de_12_meses,1,0.0,138.20869833964497,0.0,
2025,1,urbana,19,hombre,hasta_1_mes,2,242.85406425992088,344.5415909790023,70.48613886348524,0.45083167569498095
2025,1,urbana,19,hombre,mas_1_hasta_3_meses,2,0.0,344.5415909790023,0.0,
2025,1,urbana,19,hombre,mas_3_hasta_6_meses,2,101.6875267190814,344.5415909790023,29.51386113651476,1.0766935559569657
2025,1,urbana,19,hombre,mas_6_hasta_12_meses,2,0.0,344.5415909790023,0.0,
2025,1,urbana,19,hombre,mas_de_12_meses,2,0.0,344.5415909790023,0.0,
2025,1,urbana,22,hombre,hasta_1_mes,2,132.6592372871722,201.40873245112755,65.86568301816922,0.5288065648191825
2025,1,urbana,22,hombre,mas_1_hasta_3_meses,2,0.0,201.40873245112755,0.0,
2025,1,urbana,22,hombre,mas_3_hasta_6_meses,2,68.74949516395534,201.40873245112755,34.13431698183078,1.0203867736637842
2025,1,urbana,22,hombre,mas_6_hasta_12_meses,2,0.0,201.40873245112755,0.0,
2025,1,urbana,22,hombre,mas_de_12_meses,2,0.0,201.40873245112755,0.0,
2025,1,urbana,22,mujer,hasta_1_mes,1,52.38761430869024,52.38761430869024,100.0,0.0
2025,1,urbana,22,mujer,mas_1_hasta_3_meses,1,0.0,52.38761430869024,0.0,
2025,1,urbana,22,mujer,mas_3_hasta_6_meses,1,0.0,52.38761430869024,0.0,
2025,1,urbana,22,mujer,mas_6_hasta_12_meses,1,0.0,52.38761430869024,0.0,
2025,1,urbana,22,mujer,mas_de_12_meses,1,0.0,52.38761430869024,0.0,
2025,1,urbana,23,mujer,hasta_1_mes,3,79.79470373385826,295.4175462505117,27.010820699929923,0.8968648166958251
2025,1,urbana,23,mujer,mas_1_hasta_3_meses,3,122.9520463233131,295.4175462505117,41.6197507168551,0.7156730392353289
2025,1,urbana,23,mujer,mas_3_hasta_6_meses,3,0.0,295.4175462505117,0.0,
2025,1,urbana,23,mujer,mas_6_hasta_12_meses,3,0.0,295.4175462505117,0.0,
2025,1,urbana,23,mujer,mas_de_12_meses,3,92.6707961933403,295.4175462505117,31.369428583214965,0.8468732737317523
2025,1,urbana,24,hombre,hasta_1_mes,2,341.61738864414303,341.61738864414303,100.0,0.0
2025,1,urbana,24,hombre,mas_1_hasta_3_meses,2,0.0,341.61738864414303,0.0,
2025,1,urbana,24,hombre,mas_3_hasta_6_meses,2,0.0,341.61738864414303,0.0,
2025,1,urbana,24,hombre,mas_6_hasta_12_meses,2,0.0,341.61738864414303,0.0,
2025,1,urbana,24,hombre,mas_de_12_meses,2,0.0,341.61738864414303,0.0,
2025,1,urbana,25,hombre,hasta_1_mes,1,0.0,94.6931465743827,0.0,
2025,1,urbana,25,hombre,mas_1_hasta_3_meses,1,0.0,94.6931465743827,0.0,
2025,1,urbana,25,hombre,mas_3_hasta_6_meses,1,0.0,94.6931465743827,0.0,
2025,1,urbana,25,hombre,mas_6_hasta_12_meses,1,0.0,94.6931465743827,0.0,
2025,1,urbana,25,hombre,mas_de_12_meses,1,94.6931465743827,94.6931465743827,100.0,0.0
2025,1,urbana,25,mujer,hasta_1_mes,3,0.0,327.5185010825705,0.0,
2025,1,urbana,25,mujer,mas_1_hasta_3_meses,3,228.00270289767664,327.5185010825705,69.61521323041076,0.3961838974190868
2025,1,urbana,25,mujer,mas_3_hasta_6_meses,3,0.0,327.5185010825705,0.0,
2025,1,urbana,25,mujer,mas_6_hasta_12_meses,3,99.51579818489385,327.5185010825705,30.384786769589233,0.9077051192239702
2025,1,urbana,25,mujer,mas_de_12_meses,3,0.0,327.5185010825705,0.0,
2025,1,urbana,26,hombre,hasta_1_mes,1,68.74949516395534,68.74949516395534,100.0,0.0
2025,1,urbana,26,hombre,mas_1_hasta_3_meses,1,0.0,68.74949516395534,0.0,
2025,1,urbana,26,hombre,mas_3_hasta_6_meses,1,0.0,68.74949516395534,0.0,
2025,1,urbana,26,hombre,mas_6_hasta_12_meses,1,0.0,68.74949516395534,0.0,
2025,1,urbana,26,hombre,mas_de_12_meses,1,0.0,68.74949516395534,0.0,
2025,1,urbana,26,mujer,hasta_1_mes,2,0.0,240.1017874968315,0.0,
2025,1,urbana,26,mujer,mas_1_hasta_3_meses,2,157.89178668773965,240.1017874968315,65.76035452873222,0.4842217099631341
2025,1,urbana,26,mujer,mas_3_hasta_6_meses,2,82.21000080909182,240.1017874968315,34.239645471267764,0.9299918524099611
2025,1,urbana,26,mujer,mas_6_hasta_12_meses,2,0.0,240.1017874968315,0.0,
2025,1,urbana,26,mujer,mas_de_12_meses,2,0.0,240.1017874968315,0.0,
2025,1,urbana,27,hombre,hasta_1_mes,1,120.61818693394528,120.61818693394528,100.0,0.0
2025,1,urbana,27,hombre,mas_1_hasta_3_meses,1,0.0,120.61818693394528,0.0,
2025,1,urbana,27,hombre,mas_3_hasta_6_meses,1,0.0,120.61818693394528,0.0,
2025,1,urbana,27,hombre,mas_6_hasta_12_meses,1,0.0,120.61818693394528,0.0,
2025,1,urbana,27,hombre,mas_de_12_meses,1,0.0,120.61818693394528,0.0,
2025,1,urbana,27,mujer,hasta_1_mes,5,116.83025234744017,669.5605998321837,17.44879438496263,0.9393432060419311
2025,1,urbana,27,mujer,mas_1_hasta_3_meses,5,351.4514979445336,669.5605998321837,52.489871422037105,0.47392937430496884
2025,1,urbana,27,mujer,mas_3_hasta_6_meses,5,77.68845076459176,669.5605998321837,11.602900586453762,1.0506118943762666
2025,1,urbana,27,mujer,mas_6_hasta_12_meses,5,123.59039877561818,669.5605998321837,18.45843360654651,0.9715054891607098
2025,1,urbana,27,mujer,mas_de_12_meses,5,0.0,669.5605998321837,0.0,
2025,1,urbana,28,hombre,hasta_1_mes,2,0.0,511.8828151912652,0.0,
2025,1,urbana,28,hombre,mas_1_hasta_3_meses,2,450.82713397414676,511.8828151912652,88.07233229849591,0.16868269430946622
2025,1,urbana,28,hombre,mas_3_hasta_6_meses,2,61.05568121711846,511.8828151912652,11.9276677015041,1.2455308680636292
2025,1,urbana,28,hombre,mas_6_hasta_12_meses,2,0.0,511.8828151912652,0.0,
2025,1,urbana,28,hombre,mas_de_12_meses,2,0.0,511.8828151912652,0.0,
2025,1,urbana,28,mujer,hasta_1_mes,2,0.0,241.3961338018952,0.0,
2025,1,urbana,28,mujer,mas_1_hasta_3_meses,2,0.0,241.3961338018952,0.0,
2025,1,urbana,28,mujer,mas_3_hasta_6_meses,2,241.3961338018952,241.3961338018952,100.0,0.0
2025,1,urbana,28,mujer,mas_6_hasta_12_meses,2,0.0,241.3961338018952,0.0,
2025,1,urbana,28,mujer,mas_de_12_meses,2,0.0,241.3961338018952,0.0,
2025,2,urbana,16,hombre,hasta_1_mes,1,92.42055862118062,92.42055862118062,100.0,0.0
2025,2,urbana,16,hombre,mas_1_hasta_3_meses,1,0.0,92.42055862118062,0.0,
2025,2,urbana,16,hombre,mas_3_hasta_6_meses,1,0.0,92.42055862118062,0.0,
2025,2,urbana,16,hombre,mas_6_hasta_12_meses,1,0.0,92.42055862118062,0.0,
2025,2,urbana,16,hombre,mas_de_12_meses,1,0.0,92.42055862118062,0.0,
2025,2,urbana,18,hombre,hasta_1_mes,4,0.0,761.0852744401568,0.0,
2025,2,urbana,18,hombre,mas_1_hasta_3_meses,4,761.0852744401568,761.0852744401568,100.0,0.0
2025,2,urbana,18,hombre,mas_3_hasta_6_meses,4,0.0,761.0852744401568,0.0,
2025,2,urbana,18,hombre,mas_6_hasta_12_meses,4,0.0,761.0852744401568,0.0,
2025,2,urbana,18,hombre,mas_de_12_meses,4,0.0,761.0852744401568,0.0,
2025,2,urbana,18,mujer,hasta_1_mes,2,0.0,407.15213351726203,0.0,
2025,2,urbana,18,mujer,mas_1_hasta_3_meses,2,407.15213351726203,407.15213351726203,100.0,0.0
2025,2,urbana,18,mujer,mas_3_hasta_6_meses,2,0.0,407.15213351726203,0.0,
2025,2,urbana,18,mujer,mas_6_hasta_12_meses,2,0.0,407.15213351726203,0.0,
2025,2,urbana,18,mujer,mas_de_12_meses,2,0.0,407.15213351726203,0.0,
2025,2,urbana,19,hombre,hasta_1_mes,1,0.0,244.44226098449082,0.0,
2025,2,urbana,19,hombre,mas_1_hasta_3_meses,1,244.44226098449082,244.44226098449082,100.0,0.0
2025,2,urbana,19,hombre,mas_3_hasta_6_meses,1,0.0,244.44226098449082,0.0,
2025,2,urbana,19,hombre,mas_6_hasta_12_meses,1,0.0,244.44226098449082,0.0,
2025,2,urbana,19,hombre,mas_de_12_meses,1,0.0,244.44226098449082,0.0,
2025,2,urbana,19,mujer,hasta_1_mes,6,120.23763120261343,1219.5976057100004,9.858795281302307,1.011326830275471
2025,2,urbana,19,mujer,mas_1_hasta_3_meses,6,595.3635742151298,1219.5976057100004,48.81639414735758,0.4581994438036179
2025,2,urbana,19,mujer,mas_3_hasta_6_meses,6,0.0,1219.5976057100004,0.0,
2025,2,urbana,19,mujer,mas_6_hasta_12_meses,6,503.996400292257,1219.5976057100004,41.3248105713401,0.5018732613113887
2025,2,urbana,19,mujer,mas_de_12_meses,6,0.0,1219.5976057100004,0.0,
2025,2,urbana,20,hombre,hasta_1_mes,3,378.59556941941764,378.59556941941764,100.0,0.0
2025,2,urbana,20,hombre,mas_1_hasta_3_meses,3,0.0,378.59556941941764,0.0,
2025,2,urbana,20,hombre,mas_3_hasta_6_meses,3,0.0,378.59556941941764,0.0,
2025,2,urbana,20,hombre,mas_6_hasta_12_meses,3,0.0,378.59556941941764,0.0,
2025,2,urbana,20,hombre,mas_de_12_meses,3,0.0,378.59556941941764,0.0,
2025,2,urbana,20,mujer,hasta_1_mes,2,0.0,430.69261868571476,0.0,
2025,2,urbana,20,mujer,mas_1_hasta_3_meses,2,430.69261868571476,430.69261868571476,100.0,0.0
2025,2,urbana,20,mujer,mas_3_hasta_6_meses,2,0.0,430.69261868571476,0.0,
2025,2,urbana,20,mujer,mas_6_hasta_12_meses,2,0.0,430.69261868571476,0.0,
2025,2,urbana,20,mujer,mas_de_12_meses,2,0.0,430.69261868571476,0.0,
2025,2,urbana,21,hombre,hasta_1_mes,3,104.62040849653555,394.5210060693745,26.51833663785664,0.8964621907552007
2025,2,urbana,21,hombre,mas_1_hasta_3_meses,3,0.0,394.5210060693745,0.0,
2025,2,urbana,21,hombre,mas_3_hasta_6_meses,3,128.26366222556894,394.5210060693745,32.51123774205686,0.8450650275522564
2025,2,urbana,21,hombre,mas_6_hasta_12_meses,3,0.0,394.5210060693745,0.0,
2025,2,urbana,21,hombre,mas_de_12_meses,3,161.63693534727003,394.5210060693745,40.970425620086495,0.7339516865138102
2025,2,urbana,21,mujer,hasta_1_mes,2,666.3816081420512,666.3816081420512,100.0,0.0
2025,2,urbana,21,mujer,mas_1_hasta_3_meses,2,0.0,666.3816081420512,0.0,
2025,2,urbana,21,mujer,mas_3_hasta_6_meses,2,0.0,666.3816081420512,0.0,
2025,2,urbana,21,mujer,mas_6_hasta_12_meses,2,0.0,666.3816081420512,0.0,
2025,2,urbana,21,mujer,mas_de_12_meses,2,0.0,666.3816081420512,0.0,
2025,2,urbana,22,hombre,hasta_1_mes,5,339.15334081131437,1113.1580045951114,30.467672999815914,0.800077949797516
2025,2,urbana,22,hombre,mas_1_hasta_3_meses,5,426.5699086267737,1113.1580045951114,38.32069722949438,0.603487104347661
2025,2,urbana,22,hombre,mas_3_hasta_6_meses,5,347.4347551570234,1113.1580045951114,31.21162977068972,0.6759553360200627
2025,2,urbana,22,hombre,mas_6_hasta_12_meses,5,0.0,1113.1580045951114,0.0,
2025,2,urbana,22,hombre,mas_de_12_meses,5,0.0,1113.1580045951114,0.0,
2025,2,urbana,22,mujer,hasta_1_mes,4,0.0,594.0938102248417,0.0,
2025,2,urbana,22,mujer,mas_1_hasta_3_meses,4,0.0,594.0938102248417,0.0,
2025,2,urbana,22,mujer,mas_3_hasta_6_meses,4,260.1403313214332,594.0938102248417,43.78775318715744,0.6038514957362593
2025,2,urbana,22,mujer,mas_6_hasta_12_meses,4,168.6136799336203,594.0938102248417,28.38165909686998,0.8360539610577178
2025,2,urbana,22,mujer,mas_de_12_meses,4,165.3397989697883,594.0938102248417,27.830587715972587,0.8624839707624666
2025,2,urbana,23,mujer,hasta_1_mes,3,140.35857607321387,878.232639217651,15.981935742931212,1.0781104855187942
2025,2,urbana,23,mujer,mas_1_hasta_3_meses,3,182.05087071540203,878.232639217651,20.729230796702904,1.0314357968654617
2025,2,urbana,23,mujer,mas_3_hasta_6_meses,3,555.8231924290352,878.232639217651,63.28883346036589,0.4481397983459409
2025,2,urbana,23,mujer,mas_6_hasta_12_meses,3,0.0,878.232639217651,0.0,
2025,2,urbana,23,mujer,mas_de_12_meses,3,0.0,878.232639217651,0.0,
2025,2,urbana,24,hombre,hasta_1_mes,3,0.0,379.5867672061179,0.0,
2025,2,urbana,24,hombre,mas_1_hasta_3_meses,3,119.87755140228032,379.5867672061179,31.5810670336635,0.8327906073704147
2025,2,urbana,24,hombre,mas_3_hasta_6_meses,3,128.26366222556894,379.5867672061179,33.79034078812368,0.8215872014923788
2025,2,urbana,24,hombre,mas_6_hasta_12_meses,3,131.4455535782686,379.5867672061179,34.628592178212806,0.8109374667005309
2025,2,urbana,24,hombre,mas_de_12_meses,3,0.0,379.5867672061179,0.0,
2025,2,urbana,24,mujer,hasta_1_mes,4,357.8005536941678,600.4908149904135,59.584683855635646,0.39782371373953357
2025,2,urbana,24,mujer,mas_1_hasta_3_meses,4,114.9377781434689,600.4908149904135,19.140638836466437,0.948583959413349
2025,2,urbana,24,mujer,mas_3_hasta_6_meses,4,127.75248315277679,600.4908149904135,21.27467730789792,0.9242755941812494
2025,2,urbana,24,mujer,mas_6_hasta_12_meses,4,0.0,600.4908149904135,0.0,
2025,2,urbana,24,mujer,mas_de_12_meses,4,0.0,600.4908149904135,0.0,
2025,2,urbana,25,hombre,hasta_1_mes,2,193.17982856306966,278.42608733802456,69.38280475440462,0.4329925275814604
2025,2,urbana,25,hombre,mas_1_hasta_3_meses,2,85.24625877495491,278.42608733802456,30.617195245595386,0.9812210347916347
2025,2,urbana,25,hombre,mas_3_hasta_6_meses,2,0.0,278.42608733802456,0.0,
2025,2,urbana,25,hombre,mas_6_hasta_12_meses,2,0.0,278.42608733802456,0.0,
2025,2,urbana,25,hombre,mas_de_12_meses,2,0.0,278.42608733802456,0.0,
2025,2,urbana,25,mujer,hasta_1_mes,3,0.0,544.6333063866014,0.0,
2025,2,urbana,25,mujer,mas_1_hasta_3_meses,3,175.66321678872214,544.6333063866014,32.25348408347794,0.8421582509557718
2025,2,urbana,25,mujer,mas_3_hasta_6_meses,3,0.0,544.6333063866014,0.0,
2025,2,urbana,25,mujer,mas_6_hasta_12_meses,3,202.33641592034434,544.6333063866014,37.15094423122156,0.7795213713814552
2025,2,urbana,25,mujer,mas_de_12_meses,3,166.6336736775349,544.6333063866014,30.59557168530049,0.8454995858469601
2025,2,urbana,26,hombre,hasta_1_mes,1,0.0,230.63621774607373,0.0,
2025,2,urbana,26,hombre,mas_1_hasta_3_meses,1,0.0,230.63621774607373,0.0,
2025,2,urbana,26,hombre,mas_3_hasta_6_meses,1,230.63621774607373,230.63621774607373,100.0,0.0
2025,2,urbana,26,hombre,mas_6_hasta_12_meses,1,0.0,230.63621774607373,0.0,
2025,2,urbana,26,hombre,mas_de_12_meses,1,0.0,230.63621774607373,0.0,
2025,2,urbana,26,mujer,hasta_1_mes,7,0.0,1596.7933918996991,0.0,
2025,2,urbana,26,mujer,mas_1_hasta_3_meses,7,1099.9574722887387,1596.7933918996991,68.88539731368273,0.28143842645542005
2025,2,urbana,26,mujer,mas_3_hasta_6_meses,7,127.75248315277679,1596.7933918996991,8.000564368618168,1.0444490158228803
2025,2,urbana,26,mujer,mas_6_hasta_12_meses,7,140.959045959756,1596.7933918996991,8.827632095349388,1.0454544006595332
2025,2,urbana,26,mujer,mas_de_12_meses,7,228.1243904984274,1596.7933918996991,14.286406222349695,0.9898261892514298
2025,2,urbana,27,hombre,hasta_1_mes,4,315.7187405482893,707.3169855008179,44.63610333417113,0.6028815523512472
2025,2,urbana,27,hombre,mas_1_hasta_3_meses,4,0.0,707.3169855008179,0.0,
2025,2,urbana,27,hombre,mas_3_hasta_6_meses,4,201.16337275882958,707.3169855008179,28.44034243238133,0.8565369114080488
2025,2,urbana,27,hombre,mas_6_hasta_12_meses,4,190.43487219369894,707.3169855008179,26.923554233447533,0.8592041331239847
2025,2,urbana,27,hombre,mas_de_12_meses,4,0.0,707.3169855008179,0.0,
2025,2,urbana,27,mujer,hasta_1_mes,2,368.56162383053487,368.56162383053487,100.0,0.0
2025,2,urbana,27,mujer,mas_1_hasta_3_meses,2,0.0,368.56162383053487,0.0,
2025,2,urbana,27,mujer,mas_3_hasta_6_meses,2,0.0,368.56162383053487,0.0,
2025,2,urbana,27,mujer,mas_6_hasta_12_meses,2,0.0,368.56162383053487,0.0,
2025,2,urbana,27,mujer,mas_de_12_meses,2,0.0,368.56162383053487,0.0,
2025,2,urbana,28,hombre,hasta_1_mes,4,163.61057714599482,558.9906220464813,29.268930585456264,0.8370206206828973
2025,2,urbana,28,hombre,mas_1_hasta_3_meses,4,312.71817880452375,558.9906220464813,55.943367647144626,0.46445024936090956
2025,2,urbana,28,hombre,mas_3_hasta_6_meses,4,82.66186609596281,558.9906220464813,14.787701767399112,0.9890684840717169
2025,2,urbana,28,hombre,mas_6_hasta_12_meses,4,0.0,558.9906220464813,0.0,
2025,2,urbana,28,hombre,mas_de_12_meses,4,0.0,558.9906220464813,0.0,
2025,2,urbana,28,mujer,hasta_1_mes,3,276.863789816937,570.6191370009257,48.51989214243403,0.6386886610218018
2025,2,urbana,28,mujer,mas_1_hasta_3_meses,3,0.0,570.6191370009257,0.0,
2025,2,urbana,28,mujer,mas_3_hasta_6_meses,3,0.0,570.6191370009257,0.0,
2025,2,urbana,28,mujer,mas_6_hasta_12_meses,3,293.75534718398865,570.6191370009257,51.48010785756597,0.601962704334525
2025,2,urbana,28,mujer,mas_de_12_meses,3,0.0,570.6191370009257,0.0,
2025,3,rural,18,mujer,hasta_1_mes,1,373.0848692736071,373.0848692736071,100.0,0.0
2025,3,rural,18,mujer,mas_1_hasta_3_meses,1,0.0,373.0848692736071,0.0,
2025,3,rural,18,mujer,mas_3_hasta_6_meses,1,0.0,373.0848692736071,0.0,
2025,3,rural,18,mujer,mas_6_hasta_12_meses,1,0.0,373.0848692736071,0.0,
2025,3,rural,18,mujer,mas_de_12_meses,1,0.0,373.0848692736071,0.0,
2025,3,rural,19,hombre,hasta_1_mes,1,260.6680014544379,260.6680014544379,100.0,0.0
2025,3,rural,19,hombre,mas_1_hasta_3_meses,1,0.0,260.6680014544379,0.0,
2025,3,rural,19,hombre,mas_3_hasta_6_meses,1,0.0,260.6680014544379,0.0,
2025,3,rural,19,hombre,mas_6_hasta_12_meses,1,0.0,260.6680014544379,0.0,
2025,3,rural,19,hombre,mas_de_12_meses,1,0.0,260.6680014544379,0.0,
2025,3,rural,21,mujer,hasta_1_mes,1,873.5575162185218,873.5575162185218,100.0,0.0
2025,3,rural,21,mujer,mas_1_hasta_3_meses,1,0.0,873.5575162185218,0.0,
2025,3,rural,21,mujer,mas_3_hasta_6_meses,1,0.0,873.5575162185218,0.0,
2025,3,rural,21,mujer,mas_6_hasta_12_meses,1,0.0,873.5575162185218,0.0,
2025,3,rural,21,mujer,mas_de_12_meses,1,0.0,873.5575162185218,0.0,
2025,3,rural,23,hombre,hasta_1_mes,1,353.98345560094015,353.98345560094015,100.0,0.0
2025,3,rural,23,hombre,mas_1_hasta_3_meses,1,0.0,353.98345560094015,0.0,
2025,3,rural,23,hombre,mas_3_hasta_6_meses,1,0.0,353.98345560094015,0.0,
2025,3,rural,23,hombre,mas_6_hasta_12_meses,1,0.0,353.98345560094015,0.0,
2025,3,rural,23,hombre,mas_de_12_meses,1,0.0,353.98345560094015,0.0,
2025,3,rural,24,mujer,hasta_1_mes,1,397.9571938918477,397.9571938918477,100.0,0.0
2025,3,rural,24,mujer,mas_1_hasta_3_meses,1,0.0,397.9571938918477,0.0,
2025,3,rural,24,mujer,mas_3_hasta_6_meses,1,0.0,397.9571938918477,0.0,
2025,3,rural,24,mujer,mas_6_hasta_12_meses,1,0.0,397.9571938918477,0.0,
2025,3,rural,24,mujer,mas_de_12_meses,1,0.0,397.9571938918477,0.0,
2025,3,rural,26,hombre,hasta_1_mes,1,397.9571938918477,397.9571938918477,100.0,0.0
2025,3,rural,26,hombre,mas_1_hasta_3_meses,1,0.0,397.9571938918477,0.0,
2025,3,rural,26,hombre,mas_3_hasta_6_meses,1,0.0,397.9571938918477,0.0,
2025,3,rural,26,hombre,mas_6_hasta_12_meses,1,0.0,397.9571938918477,0.0,
2025,3,rural,26,hombre,mas_de_12_meses,1,0.0,397.9571938918477,0.0,
2025,3,urbana,16,mujer,hasta_1_mes,2,503.9058751601417,503.9058751601417,100.0,0.0
2025,3,urbana,16,mujer,mas_1_hasta_3_meses,2,0.0,503.9058751601417,0.0,
2025,3,urbana,16,mujer,mas_3_hasta_6_meses,2,0.0,503.9058751601417,0.0,
2025,3,urbana,16,mujer,mas_6_hasta_12_meses,2,0.0,503.9058751601417,0.0,
2025,3,urbana,16,mujer,mas_de_12_meses,2,0.0,503.9058751601417,0.0,
2025,3,urbana,17,hombre,hasta_1_mes,1,116.35044447319113,116.35044447319113,100.0,0.0
2025,3,urbana,17,hombre,mas_1_hasta_3_meses,1,0.0,116.35044447319113,0.0,
2025,3,urbana,17,hombre,mas_3_hasta_6_meses,1,0.0,116.35044447319113,0.0,
2025,3,urbana,17,hombre,mas_6_hasta_12_meses,1,0.0,116.35044447319113,0.0,
2025,3,urbana,17,hombre,mas_de_12_meses,1,0.0,116.35044447319113,0.0,
2025,3,urbana,17,mujer,hasta_1_mes,2,155.7309019213522,313.54858438221163,49.66723170770826,0.7351571353431724
2025,3,urbana,17,mujer,mas_1_hasta_3_meses,2,157.81768246085943,313.54858438221163,50.33276829229174,0.7254363513372706
2025,3,urbana,17,mujer,mas_3_hasta_6_meses,2,0.0,313.54858438221163,0.0,
2025,3,urbana,17,mujer,mas_6_hasta_12_meses,2,0.0,313.54858438221163,0.0,
2025,3,urbana,17,mujer,mas_de_12_meses,2,0.0,313.54858438221163,0.0,
2025,3,urbana,18,hombre,hasta_1_mes,1,171.94010127704905,171.94010127704905,100.0,0.0
2025,3,urbana,18,hombre,mas_1_hasta_3_meses,1,0.0,171.94010127704905,0.0,
2025,3,urbana,18,hombre,mas_3_hasta_6_meses,1,0.0,171.94010127704905,0.0,
2025,3,urbana,18,hombre,mas_6_hasta_12_meses,1,0.0,171.94010127704905,0.0,
2025,3,urbana,18,hombre,mas_de_12_meses,1,0.0,171.94010127704905,0.0,
2025,3,urbana,19,hombre,hasta_1_mes,5,1015.2612368886478,1587.2350201687866,63.964140406925054,0.36298215056466965
2025,3,urbana,19,hombre,mas_1_hasta_3_meses,5,0.0,1587.2350201687866,0.0,
2025,3,urbana,19,hombre,mas_3_hasta_6_meses,5,571.973783280139,1587.2350201687866,36.03585959307496,0.644298249191423
2025,3,urbana,19,hombre,mas_6_hasta_12_meses,5,0.0,1587.2350201687866,0.0,
2025,3,urbana,19,hombre,mas_de_12_meses,5,0.0,1587.2350201687866,0.0,
2025,3,urbana,19,mujer,hasta_1_mes,4,698.9428287220048,941.8302726097636,74.21112370759437,0.3078525779380877
2025,3,urbana,19,mujer,mas_1_hasta_3_meses,4,0.0,941.8302726097636,0.0,
2025,3,urbana,19,mujer,mas_3_hasta_6_meses,4,0.0,941.8302726097636,0.0,
2025,3,urbana,19,mujer,mas_6_hasta_12_meses,4,242.88744388775874,941.8302726097636,25.78887629240564,0.8858891518198109
2025,3,urbana,19,mujer,mas_de_12_meses,4,0.0,941.8302726097636,0.0,
2025,3,urbana,20,hombre,hasta_1_mes,3,0.0,516.0144354602601,0.0,
2025,3,urbana,20,hombre,mas_1_hasta_3_meses,3,516.0144354602601,516.0144354602601,100.0,0.0
2025,3,urbana,20,hombre,mas_3_hasta_6_meses,3,0.0,516.0144354602601,0.0,
2025,3,urbana,20,hombre,mas_6_hasta_12_meses,3,0.0,516.0144354602601,0.0,
2025,3,urbana,20,hombre,mas_de_12_meses,3,0.0,516.0144354602601,0.0,
2025,3,urbana,20,mujer,hasta_1_mes,4,385.6066343468627,948.4632547212725,40.65593816390725,0.603168357414191
2025,3,urbana,20,mujer,mas_1_hasta_3_meses,4,562.8566203744098,948.4632547212725,59.34406183609274,0.4132237444276603
2025,3,urbana,20,mujer,mas_3_hasta_6_meses,4,0.0,948.4632547212725,0.0,
2025,3,urbana,20,mujer,mas_6_hasta_12_meses,4,0.0,948.4632547212725,0.0,
2025,3,urbana,20,mujer,mas_de_12_meses,4,0.0,948.4632547212725,0.0,
2025,3,urbana,21,hombre,hasta_1_mes,3,386.52288008355754,659.2979294856918,58.6264362129998,0.5151410058059498
2025,3,urbana,21,hombre,mas_1_hasta_3_meses,3,272.77504940213424,659.2979294856918,41.37356378700019,0.7299560045893935
2025,3,urbana,21,hombre,mas_3_hasta_6_meses,3,0.0,659.2979294856918,0.0,
2025,3,urbana,21,hombre,mas_6_hasta_12_meses,3,0.0,659.2979294856918,0.0,
2025,3,urbana,21,hombre,mas_de_12_meses,3,0.0,659.2979294856918,0.0,
2025,3,urbana,21,mujer,hasta_1_mes,3,543.1732881410007,543.1732881410007,100.0,0.0
2025,3,urbana,21,mujer,mas_1_hasta_3_meses,3,0.0,543.1732881410007,0.0,
2025,3,urbana,21,mujer,mas_3_hasta_6_meses,3,0.0,543.1732881410007,0.0,
2025,3,urbana,21,mujer,mas_6_hasta_12_meses,3,0.0,543.1732881410007,0.0,
2025,3,urbana,21,mujer,mas_de_12_meses,3,0.0,543.1732881410007,0.0,
2025,3,urbana,22,hombre,hasta_1_mes,1,118.25171992398852,118.25171992398852,100.0,0.0
2025,3,urbana,22,hombre,mas_1_hasta_3_meses,1,0.0,118.25171992398852,0.0,
2025,3,urbana,22,hombre,mas_3_hasta_6_meses,1,0.0,118.25171992398852,0.0,
2025,3,urbana,22,hombre,mas_6_hasta_12_meses,1,0.0,118.25171992398852,0.0,
2025,3,urbana,22,hombre,mas_de_12_meses,1,0.0,118.25171992398852,0.0,
2025,3,urbana,23,hombre,hasta_1_mes,2,489.19206068488245,489.19206068488245,100.0,0.0
2025,3,urbana,23,hombre,mas_1_hasta_3_meses,2,0.0,489.19206068488245,0.0,
2025,3,urbana,23,hombre,mas_3_hasta_6_meses,2,0.0,489.19206068488245,0.0,
2025,3,urbana,23,hombre,mas_6_hasta_12_meses,2,0.0,489.19206068488245,0.0,
2025,3,urbana,23,hombre,mas_de_12_meses,2,0.0,489.19206068488245,0.0,
2025,3,urbana,23,mujer,hasta_1_mes,3,180.81911518795508,605.6707937725425,29.854356037491392,0.859173664281977
2025,3,urbana,23,mujer,mas_1_hasta_3_meses,3,207.77989898628468,605.6707937725425,34.30574845653126,0.8056994085978477
2025,3,urbana,23,mujer,mas_3_hasta_6_meses,3,0.0,605.6707937725425,0.0,
2025,3,urbana,23,mujer,mas_6_hasta_12_meses,3,217.07177959830278,605.6707937725425,35.839895505977346,0.7864277436777013
2025,3,urbana,23,mujer,mas_de_12_meses,3,0.0,605.6707937725425,0.0,
2025,3,urbana,24,hombre,hasta_1_mes,1,0.0,274.7725160821505,0.0,
2025,3,urbana,24,hombre,mas_1_hasta_3_meses,1,0.0,274.7725160821505,0.0,
2025,3,urbana,24,hombre,mas_3_hasta_6_meses,1,274.7725160821505,274.7725160821505,100.0,0.0
2025,3,urbana,24,hombre,mas_6_hasta_12_meses,1,0.0,274.7725160821505,0.0,
2025,3,urbana,24,hombre,mas_de_12_meses,1,0.0,274.7725160821505,0.0,
2025,3,urbana,24,mujer,hasta_1_mes,2,318.45194231190544,429.9530447206488,74.0666791925643,0.3667525400324795
2025,3,urbana,24,mujer,mas_1_hasta_3_meses,2,111.50110240874334,429.9530447206488,25.9333208074357,1.0474610223406153
2025,3,urbana,24,mujer,mas_3_hasta_6_meses,2,0.0,429.9530447206488,0.0,
2025,3,urbana,24,mujer,mas_6_hasta_12_meses,2,0.0,429.9530447206488,0.0,
2025,3,urbana,24,mujer,mas_de_12_meses,2,0.0,429.9530447206488,0.0,
2025,3,urbana,25,hombre,hasta_1_mes,3,378.2172623072641,576.9823417684993,65.55092503316418,0.4412973860668918
2025,3,urbana,25,hombre,mas_1_hasta_3_meses,3,0.0,576.9823417684993,0.0,
2025,3,urbana,25,hombre,mas_3_hasta_6_meses,3,198.76507946123525,576.9823417684993,34.44907496683583,0.8397163610126145
2025,3,urbana,25,hombre,mas_6_hasta_12_meses,3,0.0,576.9823417684993,0.0,
2025,3,urbana,25,hombre,mas_de_12_meses,3,0.0,576.9823417684993,0.0,
2025,3,urbana,25,mujer,hasta_1_mes,5,1062.0220599727968,1496.4838141096925,70.96782804862,0.2709531164175078
2025,3,urbana,25,mujer,mas_1_hasta_3_meses,5,193.27088791655936,1496.4838141096925,12.91500022214023,0.9973108345795894
2025,3,urbana,25,mujer,mas_3_hasta_6_meses,5,241.1908662203364,1496.4838141096925,16.11717172923977,0.963007424229298
2025,3,urbana,25,mujer,mas_6_hasta_12_meses,5,0.0,1496.4838141096925,0.0,
2025,3,urbana,25,mujer,mas_de_12_meses,5,0.0,1496.4838141096925,0.0,
2025,3,urbana,26,hombre,hasta_1_mes,1,0.0,110.42754597413061,0.0,
2025,3,urbana,26,hombre,mas_1_hasta_3_meses,1,110.42754597413061,110.42754597413061,100.0,0.0
2025,3,urbana,26,hombre,mas_3_hasta_6_meses,1,0.0,110.42754597413061,0.0,
2025,3,urbana,26,hombre,mas_6_hasta_12_meses,1,0.0,110.42754597413061,0.0,
2025,3,urbana,26,hombre,mas_de_12_meses,1,0.0,110.42754597413061,0.0,
2025,3,urbana,26,mujer,hasta_1_mes,3,0.0,476.9730185546335,0.0,
2025,3,urbana,26,mujer,mas_1_hasta_3_meses,3,0.0,476.9730185546335,0.0,
2025,3,urbana,26,mujer,mas_3_hasta_6_meses,3,0.0,476.9730185546335,0.0,
2025,3,urbana,26,mujer,mas_6_hasta_12_meses,3,476.9730185546335,476.9730185546335,100.0,0.0
2025,3,urbana,26,mujer,mas_de_12_meses,3,0.0,476.9730185546335,0.0,
2025,3,urbana,27,hombre,hasta_1_mes,2,143.19296219881716,376.08557158755787,38.07456946416778,0.9044788050051875
2025,3,urbana,27,hombre,mas_1_hasta_3_meses,2,232.8926093887407,376.08557158755787,61.92543053583223,0.5561146816752554
2025,3,urbana,27,hombre,mas_3_hasta_6_meses,2,0.0,376.08557158755787,0.0,
2025,3,urbana,27,hombre,mas_6_hasta_12_meses,2,0.0,376.08557158755787,0.0,
2025,3,urbana,27,hombre,mas_de_12_meses,2,0.0,376.08557158755787,0.0,
2025,3,urbana,27,mujer,hasta_1_mes,1,258.9628247839402,258.9628247839402,100.0,0.0
2025,3,urbana,27,mujer,mas_1_hasta_3_meses,1,0.0,258.9628247839402,0.0,
2025,3,urbana,27,mujer,mas_3_hasta_6_meses,1,0.0,258.9628247839402,0.0,
2025,3,urbana,27,mujer,mas_6_hasta_12_meses,1,0.0,258.9628247839402,0.0,
2025,3,urbana,27,mujer,mas_de_12_meses,1,0.0,258.9628247839402,0.0,
2025,3,urbana,28,hombre,hasta_1_mes,1,173.82113718150185,173.82113718150185,100.0,0.0
2025,3,urbana,28,hombre,mas_1_hasta_3_meses,1,0.0,173.82113718150185,0.0,
2025,3,urbana,28,hombre,mas_3_hasta_6_meses,1,0.0,173.82113718150185,0.0,
2025,3,urbana,28,hombre,mas_6_hasta_12_meses,1,0.0,173.82113718150185,0.0,
2025,3,urbana,28,hombre,mas_de_12_meses,1,0.0,173.82113718150185,0.0,
2025,4,urbana,18,hombre,hasta_1_mes,1,0.0,309.25070218789546,0.0,
2025,4,urbana,18,hombre,mas_1_hasta_3_meses,1,309.25070218789546,309.25070218789546,100.0,0.0
2025,4,urbana,18,hombre,mas_3_hasta_6_meses,1,0.0,309.25070218789546,0.0,
2025,4,urbana,18,hombre,mas_6_hasta_12_meses,1,0.0,309.25070218789546,0.0,
2025,4,urbana,18,hombre,mas_de_12_meses,1,0.0,309.25070218789546,0.0,
2025,4,urbana,20,mujer,hasta_1_mes,1,0.0,73.23365905890165,0.0,
2025,4,urbana,20,mujer,mas_1_hasta_3_meses,1,0.0,73.23365905890165,0.0,
2025,4,urbana,20,mujer,mas_3_hasta_6_meses,1,73.23365905890165,73.23365905890165,100.0,0.0
2025,4,urbana,20,mujer,mas_6_hasta_12_meses,1,0.0,73.23365905890165,0.0,
2025,4,urbana,20,mujer,mas_de_12_meses,1,0.0,73.23365905890165,0.0,
2025,4,urbana,23,mujer,hasta_1_mes,1,0.0,74.00675033876034,0.0,
2025,4,urbana,23,mujer,mas_1_hasta_3_meses,1,0.0,74.00675033876034,0.0,
2025,4,urbana,23,mujer,mas_3_hasta_6_meses,1,0.0,74.00675033876034,0.0,
2025,4,urbana,23,mujer,mas_6_hasta_12_meses,1,74.00675033876034,74.00675033876034,100.0,0.0
2025,4,urbana,23,mujer,mas_de_12_meses,1,0.0,74.00675033876034,0.0,
2025,4,urbana,24,mujer,hasta_1_mes,1,56.81769521318128,56.81769521318128,100.0,0.0
2025,4,urbana,24,mujer,mas_1_hasta_3_meses,1,0.0,56.81769521318128,0.0,
2025,4,urbana,24,mujer,mas_3_hasta_6_meses,1,0.0,56.81769521318128,0.0,
2025,4,urbana,24,mujer,mas_6_hasta_12_meses,1,0.0,56.81769521318128,0.0,
2025,4,urbana,24,mujer,mas_de_12_meses,1,0.0,56.81769521318128,0.0,
2025,4,urbana,25,hombre,hasta_1_mes,2,0.0,287.11640358813463,0.0,
2025,4,urbana,25,hombre,mas_1_hasta_3_meses,2,0.0,287.11640358813463,0.0,
2025,4,urbana,25,hombre,mas_3_hasta_6_meses,2,0.0,287.11640358813463,0.0,
2025,4,urbana,25,hombre,mas_6_hasta_12_meses,2,75.46065970369342,287.11640358813463,26.282253037670717,0.737177469623293
2025,4,urbana,25,hombre,mas_de_12_meses,2,211.6557438844412,287.11640358813463,73.71774696232927,0.2628225303767071
2025,4,urbana,25,mujer,hasta_1_mes,1,212.49537049916947,212.49537049916947,100.0,0.0
2025,4,urbana,25,mujer,mas_1_hasta_3_meses,1,0.0,212.49537049916947,0.0,
2025,4,urbana,25,mujer,mas_3_hasta_6_meses,1,0.0,212.49537049916947,0.0,
2025,4,urbana,25,mujer,mas_6_hasta_12_meses,1,0.0,212.49537049916947,0.0,
2025,4,urbana,25,mujer,mas_de_12_meses,1,0.0,212.49537049916947,0.0,
2025,4,urbana,26,mujer,hasta_1_mes,2,88.36601216382905,162.3364790851778,54.43386025236108,0.6444025281609873
2025,4,urbana,26,mujer,mas_1_hasta_3_meses,2,0.0,162.3364790851778,0.0,
2025,4,urbana,26,mujer,mas_3_hasta_6_meses,2,0.0,162.3364790851778,0.0,
2025,4,urbana,26,mujer,mas_6_hasta_12_meses,2,0.0,162.3364790851778,0.0,
2025,4,urbana,26,mujer,mas_de_12_meses,2,73.97046692134877,162.3364790851778,45.566139747638935,0.7698110342121077
2025,4,urbana,28,hombre,hasta_1_mes,2,277.1912630412521,665.3775511389654,41.659244825252635,0.5834075517474737
2025,4,urbana,28,hombre,mas_1_hasta_3_meses,2,388.1862880977132,665.3775511389654,58.34075517474736,0.41659244825252634
2025,4,urbana,28,hombre,mas_3_hasta_6_meses,2,0.0,665.3775511389654,0.0,
2025,4,urbana,28,hombre,mas_6_hasta_12_meses,2,0.0,665.3775511389654,0.0,
2025,4,urbana,28,hombre,mas_de_12_meses,2,0.0,665.3775511389654,0.0,
2025,4,urbana,28,mujer,hasta_1_mes,2,94.14499786882644,186.14366478072418,50.5765253841588,0.6989534810132502
2025,4,urbana,28,mujer,mas_1_hasta_3_meses,2,91.99866691189773,186.14366478072418,49.42347461584119,0.715260081359845
2025,4,urbana,28,mujer,mas_3_hasta_6_meses,2,0.0,186.14366478072418,0.0,
2025,4,urbana,28,mujer,mas_6_hasta_12_meses,2,0.0,186.14366478072418,0.0,
2025,4,urbana,28,mujer,mas_de_12_meses,2,0.0,186.14366478072418,0.0,
2025,5,rural,22,mujer,hasta_1_mes,1,0.0,928.787299711091,0.0,
2025,5,rural,22,mujer,mas_1_hasta_3_meses,1,928.787299711091,928.787299711091,100.0,0.0
2025,5,rural,22,mujer,mas_3_hasta_6_meses,1,0.0,928.787299711091,0.0,
2025,5,rural,22,mujer,mas_6_hasta_12_meses,1,0.0,928.787299711091,0.0,
2025,5,rural,22,mujer,mas_de_12_meses,1,0.0,928.787299711091,0.0,
2025,5,urbana,18,mujer,hasta_1_mes,1,123.1037289136087,123.1037289136087,100.0,0.0
2025,5,urbana,18,mujer,mas_1_hasta_3_meses,1,0.0,123.1037289136087,0.0,
2025,5,urbana,18,mujer,mas_3_hasta_6_meses,1,0.0,123.1037289136087,0.0,
2025,5,urbana,18,mujer,mas_6_hasta_12_meses,1,0.0,123.1037289136087,0.0,
2025,5,urbana,18,mujer,mas_de_12_meses,1,0.0,123.1037289136087,0.0,
2025,5,urbana,19,mujer,hasta_1_mes,1,149.22844634321527,149.22844634321527,100.0,0.0
2025,5,urbana,19,mujer,mas_1_hasta_3_meses,1,0.0,149.22844634321527,0.0,
2025,5,urbana,19,mujer,mas_3_hasta_6_meses,1,0.0,149.22844634321527,0.0,
2025,5,urbana,19,mujer,mas_6_hasta_12_meses,1,0.0,149.22844634321527,0.0,
2025,5,urbana,19,mujer,mas_de_12_meses,1,0.0,149.22844634321527,0.0,
2025,5,urbana,20,hombre,hasta_1_mes,2,0.0,229.13897983996645,0.0,
2025,5,urbana,20,hombre,mas_1_hasta_3_meses,2,123.57408864764928,229.13897983996645,53.9297542190137,0.7979600640985397
2025,5,urbana,20,hombre,mas_3_hasta_6_meses,2,105.56489119231716,229.13897983996645,46.07024578098628,0.9340907434703377
2025,5,urbana,20,hombre,mas_6_hasta_12_meses,2,0.0,229.13897983996645,0.0,
2025,5,urbana,20,hombre,mas_de_12_meses,2,0.0,229.13897983996645,0.0,
2025,5,urbana,21,mujer,hasta_1_mes,1,177.9301092236276,177.9301092236276,100.0,0.0
2025,5,urbana,21,mujer,mas_1_hasta_3_meses,1,0.0,177.9301092236276,0.0,
2025,5,urbana,21,mujer,mas_3_hasta_6_meses,1,0.0,177.9301092236276,0.0,
2025,5,urbana,21,mujer,mas_6_hasta_12_meses,1,0.0,177.9301092236276,0.0,
2025,5,urbana,21,mujer,mas_de_12_meses,1,0.0,177.9301092236276,0.0,
2025,5,urbana,22,mujer,hasta_1_mes,1,113.09801300159621,113.09801300159621,100.0,0.0
2025,5,urbana,22,mujer,mas_1_hasta_3_meses,1,0.0,113.09801300159621,0.0,
2025,5,urbana,22,mujer,mas_3_hasta_6_meses,1,0.0,113.09801300159621,0.0,
2025,5,urbana,22,mujer,mas_6_hasta_12_meses,1,0.0,113.09801300159621,0.0,
2025,5,urbana,22,mujer,mas_de_12_meses,1,0.0,113.09801300159621,0.0,
2025,5,urbana,23,mujer,hasta_1_mes,1,0.0,138.43196791395383,0.0,
2025,5,urbana,23,mujer,mas_1_hasta_3_meses,1,138.43196791395383,138.43196791395383,100.0,0.0
2025,5,urbana,23,mujer,mas_3_hasta_6_meses,1,0.0,138.43196791395383,0.0,
2025,5,urbana,23,mujer,mas_6_hasta_12_meses,1,0.0,138.43196791395383,0.0,
2025,5,urbana,23,mujer,mas_de_12_meses,1,0.0,138.43196791395383,0.0,
2025,5,urbana,25,mujer,hasta_1_mes,1,0.0,93.82484049734465,0.0,
2025,5,urbana,25,mujer,mas_1_hasta_3_meses,1,0.0,93.82484049734465,0.0,
2025,5,urbana,25,mujer,mas_3_hasta_6_meses,1,0.0,93.82484049734465,0.0,
2025,5,urbana,25,mujer,mas_6_hasta_12_meses,1,0.0,93.82484049734465,0.0,
2025,5,urbana,25,mujer,mas_de_12_meses,1,93.82484049734465,93.82484049734465,100.0,0.0
2025,5,urbana,27,hombre,hasta_1_mes,1,94.23498397440444,94.23498397440444,100.0,0.0
2025,5,urbana,27,hombre,mas_1_hasta_3_meses,1,0.0,94.23498397440444,0.0,
2025,5,urbana,27,hombre,mas_3_hasta_6_meses,1,0.0,94.23498397440444,0.0,
2025,5,urbana,27,hombre,mas_6_hasta_12_meses,1,0.0,94.23498397440444,0.0,
2025,5,urbana,27,hombre,mas_de_12_meses,1,0.0,94.23498397440444,0.0,
2025,5,urbana,28,mujer,hasta_1_mes,1,35.74876944083319,35.74876944083319,100.0,0.0
2025,5,urbana,28,mujer,mas_1_hasta_3_meses,1,0.0,35.74876944083319,0.0,
2025,5,urbana,28,mujer,mas_3_hasta_6_meses,1,0.0,35.74876944083319,0.0,
2025,5,urbana,28,mujer,mas_6_hasta_12_meses,1,0.0,35.74876944083319,0.0,
2025,5,urbana,28,mujer,mas_de_12_meses,1,0.0,35.74876944083319,0.0,
2025,6,rural,25,mujer,hasta_1_mes,1,0.0,640.3637703207766,0.0,
2025,6,rural,25,mujer,mas_1_hasta_3_meses,1,0.0,640.3637703207766,0.0,
2025,6,rural,25,mujer,mas_3_hasta_6_meses,1,0.0,640.3637703207766,0.0,
2025,6,rural,25,mujer,mas_6_hasta_12_meses,1,640.3637703207766,640.3637703207766,100.0,0.0
2025,6,rural,25,mujer,mas_de_12_meses,1,0.0,640.3637703207766,0.0,
2025,6,urbana,18,hombre,hasta_1_mes,1,0.0,242.0765138694924,0.0,
2025,6,urbana,18,hombre,mas_1_hasta_3_meses,1,0.0,242.0765138694924,0.0,
2025,6,urbana,18,hombre,mas_3_hasta_6_meses,1,242.0765138694924,242.0765138694924,100.0,0.0
2025,6,urbana,18,hombre,mas_6_hasta_12_meses,1,0.0,242.0765138694924,0.0,
2025,6,urbana,18,hombre,mas_de_12_meses,1,0.0,242.0765138694924,0.0,
2025,6,urbana,24,hombre,hasta_1_mes,3,465.5021518265115,790.9925684536887,58.85038246775461,0.5884346000459516
2025,6,urbana,24,hombre,mas_1_hasta_3_meses,3,0.0,790.9925684536887,0.0,
2025,6,urbana,24,hombre,mas_3_hasta_6_meses,3,0.0,790.9925684536887,0.0,
2025,6,urbana,24,hombre,mas_6_hasta_12_meses,3,325.4904166271771,790.9925684536887,41.14961753224538,0.8415534176673273
2025,6,urbana,24,hombre,mas_de_12_meses,3,0.0,790.9925684536887,0.0,
2025,6,urbana,25,hombre,hasta_1_mes,2,813.5676246844257,813.5676246844257,100.0,0.0
2025,6,urbana,25,hombre,mas_1_hasta_3_meses,2,0.0,813.5676246844257,0.0,
2025,6,urbana,25,hombre,mas_3_hasta_6_meses,2,0.0,813.5676246844257,0.0,
2025,6,urbana,25,hombre,mas_6_hasta_12_meses,2,0.0,813.5676246844257,0.0,
2025,6,urbana,25,hombre,mas_de_12_meses,2,0.0,813.5676246844257,0.0,
2025,6,urbana,25,mujer,hasta_1_mes,2,219.021137769432,409.6511848439221,53.46527628203479,0.6581003740323134
2025,6,urbana,25,mujer,mas_1_hasta_3_meses,2,0.0,409.6511848439221,0.0,
2025,6,urbana,25,mujer,mas_3_hasta_6_meses,2,0.0,409.6511848439221,0.0,
2025,6,urbana,25,mujer,mas_6_hasta_12_meses,2,0.0,409.6511848439221,0.0,
2025,6,urbana,25,mujer,mas_de_12_meses,2,190.6300470744901,409.6511848439221,46.53472371796521,0.7561131883407816
2025,6,urbana,26,hombre,hasta_1_mes,1,0.0,115.65757044259635,0.0,
2025,6,urbana,26,hombre,mas_1_hasta_3_meses,1,0.0,115.65757044259635,0.0,
2025,6,urbana,26,hombre,mas_3_hasta_6_meses,1,0.0,115.65757044259635,0.0,
2025,6,urbana,26,hombre,mas_6_hasta_12_meses,1,115.65757044259635,115.65757044259635,100.0,0.0
2025,6,urbana,26,hombre,mas_de_12_meses,1,0.0,115.65757044259635,0.0,
2025,6,urbana,27,hombre,hasta_1_mes,1,203.4855651711054,203.4855651711054,100.0,0.0
2025,6,urbana,27,hombre,mas_1_hasta_3_meses,1,0.0,203.4855651711054,0.0,
2025,6,urbana,27,hombre,mas_3_hasta_6_meses,1,0.0,203.4855651711054,0.0,
2025,6,urbana,27,hombre,mas_6_hasta_12_meses,1,0.0,203.4855651711054,0.0,
2025,6,urbana,27,hombre,mas_de_12_meses,1,0.0,203.4855651711054,0.0,
2025,6,urbana,28,mujer,hasta_1_mes,1,0.0,152.6372357694936,0.0,
2025,6,urbana,28,mujer,mas_1_hasta_3_meses,1,0.0,152.6372357694936,0.0,
2025,6,urbana,28,mujer,mas_3_hasta_6_meses,1,0.0,152.6372357694936,0.0,
2025,6,urbana,28,mujer,mas_6_hasta_12_meses,1,152.6372357694936,152.6372357694936,100.0,0.0
2025,6,urbana,28,mujer,mas_de_12_meses,1,0.0,152.6372357694936,0.0,
2025,7,rural,17,mujer,hasta_1_mes,1,124.84463506497808,124.84463506497808,100.0,0.0
2025,7,rural,17,mujer,mas_1_hasta_3_meses,1,0.0,124.84463506497808,0.0,
2025,7,rural,17,mujer,mas_3_hasta_6_meses,1,0.0,124.84463506497808,0.0,
2025,7,rural,17,mujer,mas_6_hasta_12_meses,1,0.0,124.84463506497808,0.0,
2025,7,rural,17,mujer,mas_de_12_meses,1,0.0,124.84463506497808,0.0,
2025,7,rural,18,hombre,hasta_1_mes,1,124.84463506497808,124.84463506497808,100.0,0.0
2025,7,rural,18,hombre,mas_1_hasta_3_meses,1,0.0,124.84463506497808,0.0,
2025,7,rural,18,hombre,mas_3_hasta_6_meses,1,0.0,124.84463506497808,0.0,
2025,7,rural,18,hombre,mas_6_hasta_12_meses,1,0.0,124.84463506497808,0.0,
2025,7,rural,18,hombre,mas_de_12_meses,1,0.0,124.84463506497808,0.0,
2025,7,rural,18,mujer,hasta_1_mes,1,256.26004039653384,256.26004039653384,100.0,0.0
2025,7,rural,18,mujer,mas_1_hasta_3_meses,1,0.0,256.26004039653384,0.0,
2025,7,rural,18,mujer,mas_3_hasta_6_meses,1,0.0,256.26004039653384,0.0,
2025,7,rural,18,mujer,mas_6_hasta_12_meses,1,0.0,256.26004039653384,0.0,
2025,7,rural,18,mujer,mas_de_12_meses,1,0.0,256.26004039653384,0.0,
2025,7,rural,19,mujer,hasta_1_mes,1,185.3942830714924,185.3942830714924,100.0,0.0
2025,7,rural,19,mujer,mas_1_hasta_3_meses,1,0.0,185.3942830714924,0.0,
2025,7,rural,19,mujer,mas_3_hasta_6_meses,1,0.0,185.3942830714924,0.0,
2025,7,rural,19,mujer,mas_6_hasta_12_meses,1,0.0,185.3942830714924,0.0,
2025,7,rural,19,mujer,mas_de_12_meses,1,0.0,185.3942830714924,0.0,
2025,7,rural,23,mujer,hasta_1_mes,1,0.0,398.0950660895856,0.0,
2025,7,rural,23,mujer,mas_1_hasta_3_meses,1,398.0950660895856,398.0950660895856,100.0,0.0
2025,7,rural,23,mujer,mas_3_hasta_6_meses,1,0.0,398.0950660895856,0.0,
2025,7,rural,23,mujer,mas_6_hasta_12_meses,1,0.0,398.0950660895856,0.0,
2025,7,rural,23,mujer,mas_de_12_meses,1,0.0,398.0950660895856,0.0,
2025,7,rural,27,hombre,hasta_1_mes,1,218.75459417097065,218.75459417097065,100.0,0.0
2025,7,rural,27,hombre,mas_1_hasta_3_meses,1,0.0,218.75459417097065,0.0,
2025,7,rural,27,hombre,mas_3_hasta_6_meses,1,0.0,218.75459417097065,0.0,
2025,7,rural,27,hombre,mas_6_hasta_12_meses,1,0.0,218.75459417097065,0.0,
2025,7,rural,27,hombre,mas_de_12_meses,1,0.0,218.75459417097065,0.0,
2025,7,rural,27,mujer,hasta_1_mes,1,234.9349041677314,234.9349041677314,100.0,0.0
2025,7,rural,27,mujer,mas_1_hasta_3_meses,1,0.0,234.9349041677314,0.0,
2025,7,rural,27,mujer,mas_3_hasta_6_meses,1,0.0,234.9349041677314,0.0,
2025,7,rural,27,mujer,mas_6_hasta_12_meses,1,0.0,234.9349041677314,0.0,
2025,7,rural,27,mujer,mas_de_12_meses,1,0.0,234.9349041677314,0.0,
2025,7,urbana,16,mujer,hasta_1_mes,2,890.3020311408486,890.3020311408486,100.0,0.0
2025,7,urbana,16,mujer,mas_1_hasta_3_meses,2,0.0,890.3020311408486,0.0,
2025,7,urbana,16,mujer,mas_3_hasta_6_meses,2,0.0,890.3020311408486,0.0,
2025,7,urbana,16,mujer,mas_6_hasta_12_meses,2,0.0,890.3020311408486,0.0,
2025,7,urbana,16,mujer,mas_de_12_meses,2,0.0,890.3020311408486,0.0,
2025,7,urbana,17,hombre,hasta_1_mes,3,206.87244316658357,555.1029002607028,37.26740448832575,0.7868189356243347
2025,7,urbana,17,hombre,mas_1_hasta_3_meses,3,348.2304570941192,555.1029002607028,62.73259551167424,0.46742366219375064
2025,7,urbana,17,hombre,mas_3_hasta_6_meses,3,0.0,555.1029002607028,0.0,
2025,7,urbana,17,hombre,mas_6_hasta_12_meses,3,0.0,555.1029002607028,0.0,
2025,7,urbana,17,hombre,mas_de_12_meses,3,0.0,555.1029002607028,0.0,
2025,7,urbana,17,mujer,hasta_1_mes,2,519.451514528645,519.451514528645,100.0,0.0
2025,7,urbana,17,mujer,mas_1_hasta_3_meses,2,0.0,519.451514528645,0.0,
2025,7,urbana,17,mujer,mas_3_hasta_6_meses,2,0.0,519.451514528645,0.0,
2025,7,urbana,17,mujer,mas_6_hasta_12_meses,2,0.0,519.451514528645,0.0,
2025,7,urbana,17,mujer,mas_de_12_meses,2,0.0,519.451514528645,0.0,
2025,7,urbana,18,hombre,hasta_1_mes,2,0.0,314.2490463383694,0.0,
2025,7,urbana,18,hombre,mas_1_hasta_3_meses,2,0.0,314.2490463383694,0.0,
2025,7,urbana,18,hombre,mas_3_hasta_6_meses,2,127.78983473078988,314.2490463383694,40.66514639258172,0.839121546930331
2025,7,urbana,18,hombre,mas_6_hasta_12_meses,2,186.4592116075795,314.2490463383694,59.33485360741828,0.5750920154427641
2025,7,urbana,18,hombre,mas_de_12_meses,2,0.0,314.2490463383694,0.0,
2025,7,urbana,18,mujer,hasta_1_mes,5,802.6107283342858,1684.9987149062995,47.63272050204014,0.527575169865764
2025,7,urbana,18,mujer,mas_1_hasta_3_meses,5,329.70486930757954,1684.9987149062995,19.56706948146925,0.9314910166798347
2025,7,urbana,18,mujer,mas_3_hasta_6_meses,5,271.36453228503615,1684.9987149062995,16.104732299462103,0.979899670775
2025,7,urbana,18,mujer,mas_6_hasta_12_meses,5,281.31858497939794,1684.9987149062995,16.695477717028506,0.9645353416953646
2025,7,urbana,18,mujer,mas_de_12_meses,5,0.0,1684.9987149062995,0.0,
2025,7,urbana,19,hombre,hasta_1_mes,1,184.55413664862593,184.55413664862593,100.0,0.0
2025,7,urbana,19,hombre,mas_1_hasta_3_meses,1,0.0,184.55413664862593,0.0,
2025,7,urbana,19,hombre,mas_3_hasta_6_meses,1,0.0,184.55413664862593,0.0,
2025,7,urbana,19,hombre,mas_6_hasta_12_meses,1,0.0,184.55413664862593,0.0,
2025,7,urbana,19,hombre,mas_de_12_meses,1,0.0,184.55413664862593,0.0,
2025,7,urbana,19,mujer,hasta_1_mes,1,80.39048092898777,80.39048092898777,100.0,0.0
2025,7,urbana,19,mujer,mas_1_hasta_3_meses,1,0.0,80.39048092898777,0.0,
2025,7,urbana,19,mujer,mas_3_hasta_6_meses,1,0.0,80.39048092898777,0.0,
2025,7,urbana,19,mujer,mas_6_hasta_12_meses,1,0.0,80.39048092898777,0.0,
2025,7,urbana,19,mujer,mas_de_12_meses,1,0.0,80.39048092898777,0.0,
2025,7,urbana,20,hombre,hasta_1_mes,1,208.5175436492046,208.5175436492046,100.0,0.0
2025,7,urbana,20,hombre,mas_1_hasta_3_meses,1,0.0,208.5175436492046,0.0,
2025,7,urbana,20,hombre,mas_3_hasta_6_meses,1,0.0,208.5175436492046,0.0,
2025,7,urbana,20,hombre,mas_6_hasta_12_meses,1,0.0,208.5175436492046,0.0,
2025,7,urbana,20,hombre,mas_de_12_meses,1,0.0,208.5175436492046,0.0,
2025,7,urbana,20,mujer,hasta_1_mes,3,0.0,1589.9506675359742,0.0,
2025,7,urbana,20,mujer,mas_1_hasta_3_meses,3,1365.5977327770345,1589.9506675359742,85.88931472278756,0.18369307773773003
2025,7,urbana,20,mujer,mas_3_hasta_6_meses,3,0.0,1589.9506675359742,0.0,
2025,7,urbana,20,mujer,mas_6_hasta_12_meses,3,0.0,1589.9506675359742,0.0,
2025,7,urbana,20,mujer,mas_de_12_meses,3,224.3529347589396,1589.9506675359742,14.11068527721244,1.118108175206227
2025,7,urbana,22,hombre,hasta_1_mes,1,0.0,730.057182230951,0.0,
2025,7,urbana,22,hombre,mas_1_hasta_3_meses,1,0.0,730.057182230951,0.0,
2025,7,urbana,22,hombre,mas_3_hasta_6_meses,1,0.0,730.057182230951,0.0,
2025,7,urbana,22,hombre,mas_6_hasta_12_meses,1,730.057182230951,730.057182230951,100.0,0.0
2025,7,urbana,22,hombre,mas_de_12_meses,1,0.0,730.057182230951,0.0,
2025,7,urbana,22,mujer,hasta_1_mes,1,243.20608581144162,243.20608581144162,100.0,0.0
2025,7,urbana,22,mujer,mas_1_hasta_3_meses,1,0.0,243.20608581144162,0.0,
2025,7,urbana,22,mujer,mas_3_hasta_6_meses,1,0.0,243.20608581144162,0.0,
2025,7,urbana,22,mujer,mas_6_hasta_12_meses,1,0.0,243.20608581144162,0.0,
2025,7,urbana,22,mujer,mas_de_12_meses,1,0.0,243.20608581144162,0.0,
2025,7,urbana,23,hombre,hasta_1_mes,1,333.08948289832927,333.08948289832927,100.0,0.0
2025,7,urbana,23,hombre,mas_1_hasta_3_meses,1,0.0,333.08948289832927,0.0,
2025,7,urbana,23,hombre,mas_3_hasta_6_meses,1,0.0,333.08948289832927,0.0,
2025,7,urbana,23,hombre,mas_6_hasta_12_meses,1,0.0,333.08948289832927,0.0,
2025,7,urbana,23,hombre,mas_de_12_meses,1,0.0,333.08948289832927,0.0,
2025,7,urbana,23,mujer,hasta_1_mes,2,325.3088043834784,700.6418271032688,46.43011476040961,0.7575925824059901
2025,7,urbana,23,mujer,mas_1_hasta_3_meses,2,375.33302271979045,700.6418271032688,53.569885239590384,0.6566209799671051
2025,7,urbana,23,mujer,mas_3_hasta_6_meses,2,0.0,700.6418271032688,0.0,
2025,7,urbana,23,mujer,mas_6_hasta_12_meses,2,0.0,700.6418271032688,0.0,
2025,7,urbana,23,mujer,mas_de_12_meses,2,0.0,700.6418271032688,0.0,
2025,7,urbana,24,hombre,hasta_1_mes,2,106.16386269942545,278.8387773341722,38.07356484431653,0.875772044665856
2025,7,urbana,24,hombre,mas_1_hasta_3_meses,2,172.67491463474676,278.8387773341722,61.92643515568346,0.5384415177072394
2025,7,urbana,24,hombre,mas_3_hasta_6_meses,2,0.0,278.8387773341722,0.0,
2025,7,urbana,24,hombre,mas_6_hasta_12_meses,2,0.0,278.8387773341722,0.0,
2025,7,urbana,24,hombre,mas_de_12_meses,2,0.0,278.8387773341722,0.0,
2025,7,urbana,24,mujer,hasta_1_mes,6,1441.5933211441948,1978.7475826770542,72.85382601422353,0.28381516104160887
2025,7,urbana,24,mujer,mas_1_hasta_3_meses,6,537.1542615328594,1978.7475826770542,27.14617398577648,0.7616918823830623
2025,7,urbana,24,mujer,mas_3_hasta_6_meses,6,0.0,1978.7475826770542,0.0,
2025,7,urbana,24,mujer,mas_6_hasta_12_meses,6,0.0,1978.7475826770542,0.0,
2025,7,urbana,24,mujer,mas_de_12_meses,6,0.0,1978.7475826770542,0.0,
2025,7,urbana,25,mujer,hasta_1_mes,5,428.79350736049395,1734.4521689728695,24.722129271193594,0.8305547061775762
2025,7,urbana,25,mujer,mas_1_hasta_3_meses,5,695.4926959494567,1734.4521689728695,40.09869562222189,0.6158712909414734
2025,7,urbana,25,mujer,mas_3_hasta_6_meses,5,0.0,1734.4521689728695,0.0,
2025,7,urbana,25,mujer,mas_6_hasta_12_meses,5,610.1659656629187,1734.4521689728695,35.1791751065845,0.7937700904638049
2025,7,urbana,25,mujer,mas_de_12_meses,5,0.0,1734.4521689728695,0.0,
2025,7,urbana,26,hombre,hasta_1_mes,2,0.0,1451.5661093813164,0.0,
2025,7,urbana,26,hombre,mas_1_hasta_3_meses,2,1262.4760799732774,1451.5661093813164,86.97337805106014,0.18422425432097803
2025,7,urbana,26,hombre,mas_3_hasta_6_meses,2,0.0,1451.5661093813164,0.0,
2025,7,urbana,26,hombre,mas_6_hasta_12_meses,2,189.09002940803916,1451.5661093813164,13.026621948939876,1.2299893080521171
2025,7,urbana,26,hombre,mas_de_12_meses,2,0.0,1451.5661093813164,0.0,
2025,7,urbana,26,mujer,hasta_1_mes,2,0.0,631.904683721627,0.0,
2025,7,urbana,26,mujer,mas_1_hasta_3_meses,2,286.65627901767056,631.904683721627,45.36384780840638,0.7726718742523218
2025,7,urbana,26,mujer,mas_3_hasta_6_meses,2,345.24840470395634,631.904683721627,54.63615219159361,0.6415416881207732
2025,7,urbana,26,mujer,mas_6_hasta_12_meses,2,0.0,631.904683721627,0.0,
2025,7,urbana,26,mujer,mas_de_12_meses,2,0.0,631.904683721627,0.0,
2025,7,urbana,27,hombre,hasta_1_mes,1,204.03785781974184,204.03785781974184,100.0,0.0
2025,7,urbana,27,hombre,mas_1_hasta_3_meses,1,0.0,204.03785781974184,0.0,
2025,7,urbana,27,hombre,mas_3_hasta_6_meses,1,0.0,204.03785781974184,0.0,
2025,7,urbana,27,hombre,mas_6_hasta_12_meses,1,0.0,204.03785781974184,0.0,
2025,7,urbana,27,hombre,mas_de_12_meses,1,0.0,204.03785781974184,0.0,
2025,7,urbana,27,mujer,hasta_1_mes,1,690.1400594771092,690.1400594771092,100.0,0.0
2025,7,urbana,27,mujer,mas_1_hasta_3_meses,1,0.0,690.1400594771092,0.0,
2025,7,urbana,27,mujer,mas_3_hasta_6_meses,1,0.0,690.1400594771092,0.0,
2025,7,urbana,27,mujer,mas_6_hasta_12_meses,1,0.0,690.1400594771092,0.0,
2025,7,urbana,27,mujer,mas_de_12_meses,1,0.0,690.1400594771092,0.0,
2025,7,urbana,28,mujer,hasta_1_mes,1,308.6037576718944,308.6037576718944,100.0,0.0
2025,7,urbana,28,mujer,mas_1_hasta_3_meses,1,0.0,308.6037576718944,0.0,
2025,7,urbana,28,mujer,mas_3_hasta_6_meses,1,0.0,308.6037576718944,0.0,
2025,7,urbana,28,mujer,mas_6_hasta_12_meses,1,0.0,308.6037576718944,0.0,
2025,7,urbana,28,mujer,mas_de_12_meses,1,0.0,308.6037576718944,0.0,
2025,8,rural,23,mujer,hasta_1_mes,1,0.0,781.4597718254241,0.0,
2025,8,rural,23,mujer,mas_1_hasta_3_meses,1,0.0,781.4597718254241,0.0,
2025,8,rural,23,mujer,mas_3_hasta_6_meses,1,0.0,781.4597718254241,0.0,
2025,8,rural,23,mujer,mas_6_hasta_12_meses,1,781.4597718254241,781.4597718254241,100.0,0.0
2025,8,rural,23,mujer,mas_de_12_meses,1,0.0,781.4597718254241,0.0,
2025,8,urbana,20,mujer,hasta_1_mes,1,0.0,172.4841143926937,0.0,
2025,8,urbana,20,mujer,mas_1_hasta_3_meses,1,172.4841143926937,172.4841143926937,100.0,0.0
2025,8,urbana,20,mujer,mas_3_hasta_6_meses,1,0.0,172.4841143926937,0.0,
2025,8,urbana,20,mujer,mas_6_hasta_12_meses,1,0.0,172.4841143926937,0.0,
2025,8,urbana,20,mujer,mas_de_12_meses,1,0.0,172.4841143926937,0.0,
2025,8,urbana,22,hombre,hasta_1_mes,1,0.0,167.8030802521856,0.0,
2025,8,urbana,22,hombre,mas_1_hasta_3_meses,1,167.8030802521856,167.8030802521856,100.0,0.0
2025,8,urbana,22,hombre,mas_3_hasta_6_meses,1,0.0,167.8030802521856,0.0,
2025,8,urbana,22,hombre,mas_6_hasta_12_meses,1,0.0,167.8030802521856,0.0,
2025,8,urbana,22,hombre,mas_de_12_meses,1,0.0,167.8030802521856,0.0,
2025,8,urbana,25,mujer,hasta_1_mes,1,306.4251375838182,306.4251375838182,100.0,0.0
2025,8,urbana,25,mujer,mas_1_hasta_3_meses,1,0.0,306.4251375838182,0.0,
2025,8,urbana,25,mujer,mas_3_hasta_6_meses,1,0.0,306.4251375838182,0.0,
2025,8,urbana,25,mujer,mas_6_hasta_12_meses,1,0.0,306.4251375838182,0.0,
2025,8,urbana,25,mujer,mas_de_12_meses,1,0.0,306.4251375838182,0.0,
2025,8,urbana,26,hombre,hasta_1_mes,2,71.96806095425356,306.95659427788894,23.44568003940668,1.5310863992118662
2025,8,urbana,26,hombre,mas_1_hasta_3_meses,2,0.0,306.95659427788894,0.0,
2025,8,urbana,26,hombre,mas_3_hasta_6_meses,2,0.0,306.95659427788894,0.0,
2025,8,urbana,26,hombre,mas_6_hasta_12_meses,2,234.98853332363535,306.95659427788894,76.5543199605933,0.46891360078813366
2025,8,urbana,26,hombre,mas_de_12_meses,2,0.0,306.95659427788894,0.0,
2025,8,urbana,27,mujer,hasta_1_mes,1,0.0,305.3154549794695,0.0,
2025,8,urbana,27,mujer,mas_1_hasta_3_meses,1,305.3154549794695,305.3154549794695,100.0,0.0
2025,8,urbana,27,mujer,mas_3_hasta_6_meses,1,0.0,305.3154549794695,0.0,
2025,8,urbana,27,mujer,mas_6_hasta_12_meses,1,0.0,305.3154549794695,0.0,
2025,8,urbana,27,mujer,mas_de_12_meses,1,0.0,305.3154549794695,0.0,
2025,9,urbana,19,mujer,hasta_1_mes,1,24.536569459958223,24.536569459958223,100.0,0.0
2025,9,urbana,19,mujer,mas_1_hasta_3_meses,1,0.0,24.536569459958223,0.0,
2025,9,urbana,19,mujer,mas_3_hasta_6_meses,1,0.0,24.536569459958223,0.0,
2025,9,urbana,19,mujer,mas_6_hasta_12_meses,1,0.0,24.536569459958223,0.0,
2025,9,urbana,19,mujer,mas_de_12_meses,1,0.0,24.536569459958223,0.0,
2025,9,urbana,20,hombre,hasta_1_mes,1,28.007299520417437,28.007299520417437,100.0,0.0
2025,9,urbana,20,hombre,mas_1_hasta_3_meses,1,0.0,28.007299520417437,0.0,
2025,9,urbana,20,hombre,mas_3_hasta_6_meses,1,0.0,28.007299520417437,0.0,
2025,9,urbana,20,hombre,mas_6_hasta_12_meses,1,0.0,28.007299520417437,0.0,
2025,9,urbana,20,hombre,mas_de_12_meses,1,0.0,28.007299520417437,0.0,
2025,9,urbana,21,hombre,hasta_1_mes,1,40.417210649290524,40.417210649290524,100.0,0.0
2025,9,urbana,21,hombre,mas_1_hasta_3_meses,1,0.0,40.417210649290524,0.0,
2025,9,urbana,21,hombre,mas_3_hasta_6_meses,1,0.0,40.417210649290524,0.0,
2025,9,urbana,21,hombre,mas_6_hasta_12_meses,1,0.0,40.417210649290524,0.0,
2025,9,urbana,21,hombre,mas_de_12_meses,1,0.0,40.417210649290524,0.0,
2025,9,urbana,22,hombre,hasta_1_mes,2,85.88252942943144,85.88252942943144,100.0,0.0
2025,9,urbana,22,hombre,mas_1_hasta_3_meses,2,0.0,85.88252942943144,0.0,
2025,9,urbana,22,hombre,mas_3_hasta_6_meses,2,0.0,85.88252942943144,0.0,
2025,9,urbana,22,hombre,mas_6_hasta_12_meses,2,0.0,85.88252942943144,0.0,
2025,9,urbana,22,hombre,mas_de_12_meses,2,0.0,85.88252942943144,0.0,
2025,9,urbana,23,mujer,hasta_1_mes,1,0.0,15.04760739285392,0.0,
2025,9,urbana,23,mujer,mas_1_hasta_3_meses,1,15.04760739285392,15.04760739285392,100.0,0.0
2025,9,urbana,23,mujer,mas_3_hasta_6_meses,1,0.0,15.04760739285392,0.0,
2025,9,urbana,23,mujer,mas_6_hasta_12_meses,1,0.0,15.04760739285392,0.0,
2025,9,urbana,23,mujer,mas_de_12_meses,1,0.0,15.04760739285392,0.0,
2025,9,urbana,28,hombre,hasta_1_mes,1,15.830019198927502,15.830019198927502,100.0,0.0
2025,9,urbana,28,hombre,mas_1_hasta_3_meses,1,0.0,15.830019198927502,0.0,
2025,9,urbana,28,hombre,mas_3_hasta_6_meses,1,0.0,15.830019198927502,0.0,
2025,9,urbana,28,hombre,mas_6_hasta_12_meses,1,0.0,15.830019198927502,0.0,
2025,9,urbana,28,hombre,mas_de_12_meses,1,0.0,15.830019198927502,0.0,
