gestion,codigo_departamento,area,edad,sexo,barrera,observaciones,numerador,denominador,valor,cv
2023,1,rural,16.0,hombre,calidad_o_falta_de_personal,1,0.0,202.24217403660714,0.0,
2023,1,rural,16.0,hombre,desconocimiento,1,0.0,202.24217403660714,0.0,
2023,1,rural,16.0,hombre,distancia,1,0.0,202.24217403660714,0.0,
2023,1,rural,16.0,hombre,falta_de_dinero,1,0.0,202.24217403660714,0.0,
2023,1,rural,16.0,hombre,horarios,1,0.0,202.24217403660714,0.0,
2023,1,rural,16.0,hombre,idioma,1,0.0,202.24217403660714,0.0,
2023,1,rural,16.0,hombre,otra_razon,1,202.24217403660714,202.24217403660714,100.0,0.0
2023,1,rural,16.0,hombre,tiempo_de_espera,1,0.0,202.24217403660714,0.0,
2023,1,rural,16.0,mujer,calidad_o_falta_de_personal,1,0.0,279.1026311072663,0.0,
2023,1,rural,16.0,mujer,desconocimiento,1,0.0,279.1026311072663,0.0,
2023,1,rural,16.0,mujer,distancia,1,0.0,279.1026311072663,0.0,
2023,1,rural,16.0,mujer,falta_de_dinero,1,0.0,279.1026311072663,0.0,
2023,1,rural,16.0,mujer,horarios,1,0.0,279.1026311072663,0.0,
2023,1,rural,16.0,mujer,idioma,1,0.0,279.1026311072663,0.0,
2023,1,rural,16.0,mujer,otra_razon,1,0.0,279.1026311072663,0.0,
2023,1,rural,16.0,mujer,tiempo_de_espera,1,279.1026311072663,279.1026311072663,100.0,0.0
2023,1,rural,17.0,hombre,calidad_o_falta_de_personal,1,0.0,57.91854667862062,0.0,
2023,1,rural,17.0,hombre,desconocimiento,1,0.0,57.91854667862062,0.0,
2023,1,rural,17.0,hombre,distancia,1,0.0,57.91854667862062,0.0,
2023,1,rural,17.0,hombre,falta_de_dinero,1,0.0,57.91854667862062,0.0,
2023,1,rural,17.0,hombre,horarios,1,0.0,57.91854667862062,0.0,
2023,1,rural,17.0,hombre,idioma,1,0.0,57.91854667862062,0.0,
2023,1,rural,17.0,hombre,otra_razon,1,0.0,57.91854667862062,0.0,
2023,1,rural,17.0,hombre,tiempo_de_espera,1,57.91854667862062,57.91854667862062,100.0,0.0
2023,1,rural,18.0,hombre,calidad_o_falta_de_personal,1,143.78014329768263,143.78014329768263,100.0,0.0
2023,1,rural,18.0,hombre,desconocimiento,1,0.0,143.78014329768263,0.0,
2023,1,rural,18.0,hombre,distancia,1,0.0,143.78014329768263,0.0,
2023,1,rural,18.0,hombre,falta_de_dinero,1,0.0,143.78014329768263,0.0,
2023,1,rural,18.0,hombre,horarios,1,0.0,143.78014329768263,0.0,
2023,1,rural,18.0,hombre,idioma,1,0.0,143.78014329768263,0.0,
2023,1,rural,18.0,hombre,otra_razon,1,0.0,143.78014329768263,0.0,
2023,1,rural,18.0,hombre,tiempo_de_espera,1,0.0,143.78014329768263,0.0,
2023,1,rural,18.0,mujer,calidad_o_falta_de_personal,1,0.0,117.63133922435428,0.0,
2023,1,rural,18.0,mujer,desconocimiento,1,0.0,117.63133922435428,0.0,
2023,1,rural,18.0,mujer,distancia,1,117.63133922435428,117.63133922435428,100.0,0.0
2023,1,rural,18.0,mujer,falta_de_dinero,1,0.0,117.63133922435428,0.0,
2023,1,rural,18.0,mujer,horarios,1,0.0,117.63133922435428,0.0,
2023,1,rural,18.0,mujer,idioma,1,0.0,117.63133922435428,0.0,
2023,1,rural,18.0,mujer,otra_razon,1,0.0,117.63133922435428,0.0,
2023,1,rural,18.0,mujer,tiempo_de_espera,1,0.0,117.63133922435428,0.0,
2023,1,rural,19.0,hombre,calidad_o_falta_de_personal,1,0.0,143.61965835531626,0.0,
2023,1,rural,19.0,hombre,desconocimiento,1,0.0,143.61965835531626,0.0,
2023,1,rural,19.0,hombre,distancia,1,0.0,143.61965835531626,0.0,
2023,1,rural,19.0,hombre,falta_de_dinero,1,0.0,143.61965835531626,0.0,
2023,1,rural,19.0,hombre,horarios,1,0.0,143.61965835531626,0.0,
2023,1,rural,19.0,hombre,idioma,1,0.0,143.61965835531626,0.0,
2023,1,rural,19.0,hombre,otra_razon,1,143.61965835531626,143.61965835531626,100.0,0.0
2023,1,rural,19.0,hombre,tiempo_de_espera,1,0.0,143.61965835531626,0.0,
2023,1,rural,20.0,mujer,calidad_o_falta_de_personal,1,0.0,143.61965835531626,0.0,
2023,1,rural,20.0,mujer,desconocimiento,1,0.0,143.61965835531626,0.0,
2023,1,rural,20.0,mujer,distancia,1,143.61965835531626,143.61965835531626,100.0,0.0
2023,1,rural,20.0,mujer,falta_de_dinero,1,0.0,143.61965835531626,0.0,
2023,1,rural,20.0,mujer,horarios,1,0.0,143.61965835531626,0.0,
2023,1,rural,20.0,mujer,idioma,1,0.0,143.61965835531626,0.0,
2023,1,rural,20.0,mujer,otra_razon,1,0.0,143.61965835531626,0.0,
2023,1,rural,20.0,mujer,tiempo_de_espera,1,0.0,143.61965835531626,0.0,
2023,1,rural,22.0,hombre,calidad_o_falta_de_personal,1,0.0,139.18630799082374,0.0,
2023,1,rural,22.0,hombre,desconocimiento,1,0.0,139.18630799082374,0.0,
2023,1,rural,22.0,hombre,distancia,1,0.0,139.18630799082374,0.0,
2023,1,rural,22.0,hombre,falta_de_dinero,1,0.0,139.18630799082374,0.0,
2023,1,rural,22.0,hombre,horarios,1,0.0,139.18630799082374,0.0,
2023,1,rural,22.0,hombre,idioma,1,0.0,139.18630799082374,0.0,
2023,1,rural,22.0,hombre,otra_razon,1,139.18630799082374,139.18630799082374,100.0,0.0
2023,1,rural,22.0,hombre,tiempo_de_espera,1,0.0,139.18630799082374,0.0,
2023,1,rural,23.0,hombre,calidad_o_falta_de_personal,1,0.0,76.89289301906251,0.0,
2023,1,rural,23.0,hombre,desconocimiento,1,0.0,76.89289301906251,0.0,
2023,1,rural,23.0,hombre,distancia,1,0.0,76.89289301906251,0.0,
2023,1,rural,23.0,hombre,falta_de_dinero,1,0.0,76.89289301906251,0.0,
2023,1,rural,23.0,hombre,horarios,1,0.0,76.89289301906251,0.0,
2023,1,rural,23.0,hombre,idioma,1,0.0,76.89289301906251,0.0,
2023,1,rural,23.0,hombre,otra_razon,1,0.0,76.89289301906251,0.0,
2023,1,rural,23.0,hombre,tiempo_de_espera,1,76.89289301906251,76.89289301906251,100.0,0.0
2023,1,rural,26.0,hombre,calidad_o_falta_de_personal,1,0.0,111.20999183195201,0.0,
2023,1,rural,26.0,hombre,desconocimiento,1,0.0,111.20999183195201,0.0,
2023,1,rural,26.0,hombre,distancia,1,0.0,111.20999183195201,0.0,
2023,1,rural,26.0,hombre,falta_de_dinero,1,0.0,111.20999183195201,0.0,
2023,1,rural,26.0,hombre,horarios,1,0.0,111.20999183195201,0.0,
2023,1,rural,26.0,hombre,idioma,1,0.0,111.20999183195201,0.0,
2023,1,rural,26.0,hombre,otra_razon,1,111.20999183195201,111.20999183195201,100.0,0.0
2023,1,rural,26.0,hombre,tiempo_de_espera,1,0.0,111.20999183195201,0.0,
2023,1,rural,28.0,hombre,calidad_o_falta_de_personal,2,456.3456722056884,618.2367725266064,73.81406161602094,0.37032509206089403
2023,1,rural,28.0,hombre,desconocimiento,2,0.0,618.2367725266064,0.0,
2023,1,rural,28.0,hombre,distancia,2,0.0,618.2367725266064,0.0,
2023,1,rural,28.0,hombre,falta_de_dinero,2,0.0,618.2367725266064,0.0,
2023,1,rural,28.0,hombre,horarios,2,0.0,618.2367725266064,0.0,
2023,1,rural,28.0,hombre,idioma,2,0.0,618.2367725266064,0.0,
2023,1,rural,28.0,hombre,otra_razon,2,161.89110032091799,618.2367725266064,26.185938383979067,1.043888470312201
2023,1,rural,28.0,hombre,tiempo_de_espera,2,0.0,618.2367725266064,0.0,
2023,1,urbana,16.0,mujer,calidad_o_falta_de_personal,1,0.0,132.01616111576058,0.0,
2023,1,urbana,16.0,mujer,desconocimiento,1,0.0,132.01616111576058,0.0,
2023,1,urbana,16.0,mujer,distancia,1,0.0,132.01616111576058,0.0,
2023,1,urbana,16.0,mujer,falta_de_dinero,1,0.0,132.01616111576058,0.0,
2023,1,urbana,16.0,mujer,horarios,1,132.01616111576058,132.01616111576058,100.0,0.0
2023,1,urbana,16.0,mujer,idioma,1,0.0,132.01616111576058,0.0,
2023,1,urbana,16.0,mujer,otra_razon,1,0.0,132.01616111576058,0.0,
2023,1,urbana,16.0,mujer,tiempo_de_espera,1,0.0,132.01616111576058,0.0,
2023,1,urbana,17.0,mujer,calidad_o_falta_de_personal,1,0.0,163.12926227315268,0.0,
2023,1,urbana,17.0,mujer,desconocimiento,1,0.0,163.12926227315268,0.0,
2023,1,urbana,17.0,mujer,distancia,1,0.0,163.12926227315268,0.0,
2023,1,urbana,17.0,mujer,falta_de_dinero,1,0.0,163.12926227315268,0.0,
2023,1,urbana,17.0,mujer,horarios,1,0.0,163.12926227315268,0.0,
2023,1,urbana,17.0,mujer,idioma,1,0.0,163.12926227315268,0.0,
2023,1,urbana,17.0,mujer,otra_razon,1,163.12926227315268,163.12926227315268,100.0,0.0
2023,1,urbana,17.0,mujer,tiempo_de_espera,1,0.0,163.12926227315268,0.0,
2023,1,urbana,21.0,hombre,calidad_o_falta_de_personal,1,0.0,145.2579018088701,0.0,
2023,1,urbana,21.0,hombre,desconocimiento,1,0.0,145.2579018088701,0.0,
2023,1,urbana,21.0,hombre,distancia,1,0.0,145.2579018088701,0.0,
2023,1,urbana,21.0,hombre,falta_de_dinero,1,0.0,145.2579018088701,0.0,
2023,1,urbana,21.0,hombre,horarios,1,0.0,145.2579018088701,0.0,
2023,1,urbana,21.0,hombre,idioma,1,0.0,145.2579018088701,0.0,
2023,1,urbana,21.0,hombre,otra_razon,1,145.2579018088701,145.2579018088701,100.0,0.0
2023,1,urbana,21.0,hombre,tiempo_de_espera,1,0.0,145.2579018088701,0.0,
2023,1,urbana,22.0,hombre,calidad_o_falta_de_personal,1,0.0,163.12926227315268,0.0,
2023,1,urbana,22.0,hombre,desconocimiento,1,0.0,163.12926227315268,0.0,
2023,1,urbana,22.0,hombre,distancia,1,0.0,163.12926227315268,0.0,
2023,1,urbana,22.0,hombre,falta_de_dinero,1,0.0,163.12926227315268,0.0,
2023,1,urbana,22.0,hombre,horarios,1,0.0,163.12926227315268,0.0,
2023,1,urbana,22.0,hombre,idioma,1,0.0,163.12926227315268,0.0,
2023,1,urbana,22.0,hombre,otra_razon,1,163.12926227315268,163.12926227315268,100.0,0.0
2023,1,urbana,22.0,hombre,tiempo_de_espera,1,0.0,163.12926227315268,0.0,
2023,1,urbana,23.0,hombre,calidad_o_falta_de_personal,1,0.0,194.70145684765856,0.0,
2023,1,urbana,23.0,hombre,desconocimiento,1,0.0,194.70145684765856,0.0,
2023,1,urbana,23.0,hombre,distancia,1,0.0,194.70145684765856,0.0,
2023,1,urbana,23.0,hombre,falta_de_dinero,1,0.0,194.70145684765856,0.0,
2023,1,urbana,23.0,hombre,horarios,1,0.0,194.70145684765856,0.0,
2023,1,urbana,23.0,hombre,idioma,1,0.0,194.70145684765856,0.0,
2023,1,urbana,23.0,hombre,otra_razon,1,194.70145684765856,194.70145684765856,100.0,0.0
2023,1,urbana,23.0,hombre,tiempo_de_espera,1,0.0,194.70145684765856,0.0,
2023,1,urbana,23.0,mujer,calidad_o_falta_de_personal,1,0.0,163.83415271327368,0.0,
2023,1,urbana,23.0,mujer,desconocimiento,1,0.0,163.83415271327368,0.0,
2023,1,urbana,23.0,mujer,distancia,1,0.0,163.83415271327368,0.0,
2023,1,urbana,23.0,mujer,falta_de_dinero,1,0.0,163.83415271327368,0.0,
2023,1,urbana,23.0,mujer,horarios,1,0.0,163.83415271327368,0.0,
2023,1,urbana,23.0,mujer,idioma,1,0.0,163.83415271327368,0.0,
2023,1,urbana,23.0,mujer,otra_razon,1,163.83415271327368,163.83415271327368,100.0,0.0
2023,1,urbana,23.0,mujer,tiempo_de_espera,1,0.0,163.83415271327368,0.0,
2023,1,urbana,24.0,hombre,calidad_o_falta_de_personal,3,0.0,476.37058855506564,0.0,
2023,1,urbana,24.0,hombre,desconocimiento,3,0.0,476.37058855506564,0.0,
2023,1,urbana,24.0,hombre,distancia,3,0.0,476.37058855506564,0.0,
2023,1,urbana,24.0,hombre,falta_de_dinero,3,189.95264082698395,476.37058855506564,39.87497242496669,0.7722298480967249
2023,1,urbana,24.0,hombre,horarios,3,0.0,476.37058855506564,0.0,
2023,1,urbana,24.0,hombre,idioma,3,0.0,476.37058855506564,0.0,
2023,1,urbana,24.0,hombre,otra_razon,3,286.4179477280817,476.37058855506564,60.12502757503331,0.5121435305815919
2023,1,urbana,24.0,hombre,tiempo_de_espera,3,91.71649088042311,476.37058855506564,19.253180839442447,0.9786137959289596
2023,1,urbana,25.0,hombre,calidad_o_falta_de_personal,2,0.0,268.05986185593287,0.0,
2023,1,urbana,25.0,hombre,desconocimiento,2,0.0,268.05986185593287,0.0,
2023,1,urbana,25.0,hombre,distancia,2,0.0,268.05986185593287,0.0,
2023,1,urbana,25.0,hombre,falta_de_dinero,2,0.0,268.05986185593287,0.0,
2023,1,urbana,25.0,hombre,horarios,2,0.0,268.05986185593287,0.0,
2023,1,urbana,25.0,hombre,idioma,2,0.0,268.05986185593287,0.0,
2023,1,urbana,25.0,hombre,otra_razon,2,268.05986185593287,268.05986185593287,100.0,0.0
2023,1,urbana,25.0,hombre,tiempo_de_espera,2,0.0,268.05986185593287,0.0,
2023,1,urbana,25.0,mujer,calidad_o_falta_de_personal,2,0.0,267.23013490639744,0.0,
2023,1,urbana,25.0,mujer,desconocimiento,2,0.0,267.23013490639744,0.0,
2023,1,urbana,25.0,mujer,distancia,2,117.45978348512159,267.23013490639744,43.954542599121226,0.7926024596572632
2023,1,urbana,25.0,mujer,falta_de_dinero,2,0.0,267.23013490639744,0.0,
2023,1,urbana,25.0,mujer,horarios,2,0.0,267.23013490639744,0.0,
2023,1,urbana,25.0,mujer,idioma,2,0.0,267.23013490639744,0.0,
2023,1,urbana,25.0,mujer,otra_razon,2,149.77035142127585,267.23013490639744,56.045457400878774,0.6216111027158319
2023,1,urbana,25.0,mujer,tiempo_de_espera,2,117.45978348512159,267.23013490639744,43.954542599121226,0.7926024596572632
2023,1,urbana,28.0,mujer,calidad_o_falta_de_personal,1,0.0,184.61050529371133,0.0,
2023,1,urbana,28.0,mujer,desconocimiento,1,0.0,184.61050529371133,0.0,
2023,1,urbana,28.0,mujer,distancia,1,0.0,184.61050529371133,0.0,
2023,1,urbana,28.0,mujer,falta_de_dinero,1,0.0,184.61050529371133,0.0,
2023,1,urbana,28.0,mujer,horarios,1,0.0,184.61050529371133,0.0,
2023,1,urbana,28.0,mujer,idioma,1,0.0,184.61050529371133,0.0,
2023,1,urbana,28.0,mujer,otra_razon,1,0.0,184.61050529371133,0.0,
2023,1,urbana,28.0,mujer,tiempo_de_espera,1,184.61050529371133,184.61050529371133,100.0,0.0
2023,2,rural,16.0,hombre,calidad_o_falta_de_personal,2,399.43061583973815,860.0240447299361,46.444121915820034,0.788321180376143
2023,2,rural,16.0,hombre,desconocimiento,2,0.0,860.0240447299361,0.0,
2023,2,rural,16.0,hombre,distancia,2,399.43061583973815,860.0240447299361,46.444121915820034,0.788321180376143
2023,2,rural,16.0,hombre,falta_de_dinero,2,399.43061583973815,860.0240447299361,46.444121915820034,0.788321180376143
2023,2,rural,16.0,hombre,horarios,2,0.0,860.0240447299361,0.0,
2023,2,rural,16.0,hombre,idioma,2,0.0,860.0240447299361,0.0,
2023,2,rural,16.0,hombre,otra_razon,2,0.0,860.0240447299361,0.0,
2023,2,rural,16.0,hombre,tiempo_de_espera,2,860.0240447299361,860.0240447299361,100.0,0.0
2023,2,rural,18.0,mujer,calidad_o_falta_de_personal,1,0.0,355.49983861502386,0.0,
2023,2,rural,18.0,mujer,desconocimiento,1,0.0,355.49983861502386,0.0,
2023,2,rural,18.0,mujer,distancia,1,0.0,355.49983861502386,0.0,
2023,2,rural,18.0,mujer,falta_de_dinero,1,0.0,355.49983861502386,0.0,
2023,2,rural,18.0,mujer,horarios,1,0.0,355.49983861502386,0.0,
2023,2,rural,18.0,mujer,idioma,1,0.0,355.49983861502386,0.0,
2023,2,rural,18.0,mujer,otra_razon,1,355.49983861502386,355.49983861502386,100.0,0.0
2023,2,rural,18.0,mujer,tiempo_de_espera,1,0.0,355.49983861502386,0.0,
2023,2,rural,20.0,hombre,calidad_o_falta_de_personal,1,0.0,266.06871525880376,0.0,
2023,2,rural,20.0,hombre,desconocimiento,1,0.0,266.06871525880376,0.0,
2023,2,rural,20.0,hombre,distancia,1,0.0,266.06871525880376,0.0,
2023,2,rural,20.0,hombre,falta_de_dinero,1,0.0,266.06871525880376,0.0,
2023,2,rural,20.0,hombre,horarios,1,266.06871525880376,266.06871525880376,100.0,0.0
2023,2,rural,20.0,hombre,idioma,1,0.0,266.06871525880376,0.0,
2023,2,rural,20.0,hombre,otra_razon,1,0.0,266.06871525880376,0.0,
2023,2,rural,20.0,hombre,tiempo_de_espera,1,266.06871525880376,266.06871525880376,100.0,0.0
2023,2,rural,21.0,hombre,calidad_o_falta_de_personal,1,0.0,645.4722363832153,0.0,
2023,2,rural,21.0,hombre,desconocimiento,1,0.0,645.4722363832153,0.0,
2023,2,rural,21.0,hombre,distancia,1,0.0,645.4722363832153,0.0,
2023,2,rural,21.0,hombre,falta_de_dinero,1,0.0,645.4722363832153,0.0,
2023,2,rural,21.0,hombre,horarios,1,0.0,645.4722363832153,0.0,
2023,2,rural,21.0,hombre,idioma,1,0.0,645.4722363832153,0.0,
2023,2,rural,21.0,hombre,otra_razon,1,645.4722363832153,645.4722363832153,100.0,0.0
2023,2,rural,21.0,hombre,tiempo_de_espera,1,0.0,645.4722363832153,0.0,
2023,2,rural,23.0,hombre,calidad_o_falta_de_personal,1,385.1652367026048,385.1652367026048,100.0,0.0
2023,2,rural,23.0,hombre,desconocimiento,1,0.0,385.1652367026048,0.0,
2023,2,rural,23.0,hombre,distancia,1,0.0,385.1652367026048,0.0,
2023,2,rural,23.0,hombre,falta_de_dinero,1,0.0,385.1652367026048,0.0,
2023,2,rural,23.0,hombre,horarios,1,0.0,385.1652367026048,0.0,
2023,2,rural,23.0,hombre,idioma,1,0.0,385.1652367026048,0.0,
2023,2,rural,23.0,hombre,otra_razon,1,0.0,385.1652367026048,0.0,
2023,2,rural,23.0,hombre,tiempo_de_espera,1,385.1652367026048,385.1652367026048,100.0,0.0
2023,2,rural,23.0,mujer,calidad_o_falta_de_personal,1,0.0,460.59342889019797,0.0,
2023,2,rural,23.0,mujer,desconocimiento,1,0.0,460.59342889019797,0.0,
2023,2,rural,23.0,mujer,distancia,1,0.0,460.59342889019797,0.0,
2023,2,rural,23.0,mujer,falta_de_dinero,1,0.0,460.59342889019797,0.0,
2023,2,rural,23.0,mujer,horarios,1,0.0,460.59342889019797,0.0,
2023,2,rural,23.0,mujer,idioma,1,0.0,460.59342889019797,0.0,
2023,2,rural,23.0,mujer,otra_razon,1,460.59342889019797,460.59342889019797,100.0,0.0
2023,2,rural,23.0,mujer,tiempo_de_espera,1,460.59342889019797,460.59342889019797,100.0,0.0
2023,2,rural,25.0,hombre,calidad_o_falta_de_personal,2,385.1652367026048,845.7586655928028,45.540796963946875,0.8016177636420276
2023,2,rural,25.0,hombre,desconocimiento,2,0.0,845.7586655928028,0.0,
2023,2,rural,25.0,hombre,distancia,2,385.1652367026048,845.7586655928028,45.540796963946875,0.8016177636420276
2023,2,rural,25.0,hombre,falta_de_dinero,2,0.0,845.7586655928028,0.0,
2023,2,rural,25.0,hombre,horarios,2,0.0,845.7586655928028,0.0,
2023,2,rural,25.0,hombre,idioma,2,0.0,845.7586655928028,0.0,
2023,2,rural,25.0,hombre,otra_razon,2,0.0,845.7586655928028,0.0,
2023,2,rural,25.0,hombre,tiempo_de_espera,2,460.59342889019797,845.7586655928028,54.45920303605312,0.6703423807459469
2023,2,rural,27.0,hombre,calidad_o_falta_de_personal,1,527.1331925385006,527.1331925385006,100.0,0.0
2023,2,rural,27.0,hombre,desconocimiento,1,0.0,527.1331925385006,0.0,
2023,2,rural,27.0,hombre,distancia,1,0.0,527.1331925385006,0.0,
2023,2,rural,27.0,hombre,falta_de_dinero,1,0.0,527.1331925385006,0.0,
2023,2,rural,27.0,hombre,horarios,1,527.1331925385006,527.1331925385006,100.0,0.0
2023,2,rural,27.0,hombre,idioma,1,0.0,527.1331925385006,0.0,
2023,2,rural,27.0,hombre,otra_razon,1,0.0,527.1331925385006,0.0,
2023,2,rural,27.0,hombre,tiempo_de_espera,1,527.1331925385006,527.1331925385006,100.0,0.0
2023,2,rural,28.0,mujer,calidad_o_falta_de_personal,2,0.0,987.7266214286985,0.0,
2023,2,rural,28.0,mujer,desconocimiento,2,0.0,987.7266214286985,0.0,
2023,2,rural,28.0,mujer,distancia,2,460.59342889019797,987.7266214286985,46.63167104111985,0.7855605320005814
2023,2,rural,28.0,mujer,falta_de_dinero,2,0.0,987.7266214286985,0.0,
2023,2,rural,28.0,mujer,horarios,2,0.0,987.7266214286985,0.0,
2023,2,rural,28.0,mujer,idioma,2,0.0,987.7266214286985,0.0,
2023,2,rural,28.0,mujer,otra_razon,2,527.1331925385006,987.7266214286985,53.36832895888014,0.6863996123873932
2023,2,rural,28.0,mujer,tiempo_de_espera,2,527.1331925385006,987.7266214286985,53.36832895888014,0.6863996123873932
2023,2,urbana,16.0,hombre,calidad_o_falta_de_personal,1,0.0,198.33299571583177,0.0,
2023,2,urbana,16.0,hombre,desconocimiento,1,0.0,198.33299571583177,0.0,
2023,2,urbana,16.0,hombre,distancia,1,0.0,198.33299571583177,0.0,
2023,2,urbana,16.0,hombre,falta_de_dinero,1,0.0,198.33299571583177,0.0,
2023,2,urbana,16.0,hombre,horarios,1,0.0,198.33299571583177,0.0,
2023,2,urbana,16.0,hombre,idioma,1,0.0,198.33299571583177,0.0,
2023,2,urbana,16.0,hombre,otra_razon,1,198.33299571583177,198.33299571583177,100.0,0.0
2023,2,urbana,16.0,hombre,tiempo_de_espera,1,0.0,198.33299571583177,0.0,
2023,2,urbana,17.0,hombre,calidad_o_falta_de_personal,1,0.0,217.17813981126838,0.0,
2023,2,urbana,17.0,hombre,desconocimiento,1,217.17813981126838,217.17813981126838,100.0,0.0
2023,2,urbana,17.0,hombre,distancia,1,0.0,217.17813981126838,0.0,
2023,2,urbana,17.0,hombre,falta_de_dinero,1,0.0,217.17813981126838,0.0,
2023,2,urbana,17.0,hombre,horarios,1,0.0,217.17813981126838,0.0,
2023,2,urbana,17.0,hombre,idioma,1,0.0,217.17813981126838,0.0,
2023,2,urbana,17.0,hombre,otra_razon,1,0.0,217.17813981126838,0.0,
2023,2,urbana,17.0,hombre,tiempo_de_espera,1,0.0,217.17813981126838,0.0,
2023,2,urbana,17.0,mujer,calidad_o_falta_de_personal,4,276.66877735981154,1331.3396893309796,20.78123108452075,0.9274729676292949
2023,2,urbana,17.0,mujer,desconocimiento,4,276.66877735981154,1331.3396893309796,20.78123108452075,0.9274729676292949
2023,2,urbana,17.0,mujer,distancia,4,276.66877735981154,1331.3396893309796,20.78123108452075,0.9274729676292949
2023,2,urbana,17.0,mujer,falta_de_dinero,4,0.0,1331.3396893309796,0.0,
2023,2,urbana,17.0,mujer,horarios,4,276.66877735981154,1331.3396893309796,20.78123108452075,0.9274729676292949
2023,2,urbana,17.0,mujer,idioma,4,276.66877735981154,1331.3396893309796,20.78123108452075,0.9274729676292949
2023,2,urbana,17.0,mujer,otra_razon,4,1054.6709119711682,1331.3396893309796,79.21876891547926,0.24330130761707014
2023,2,urbana,17.0,mujer,tiempo_de_espera,4,276.66877735981154,1331.3396893309796,20.78123108452075,0.9274729676292949
2023,2,urbana,18.0,hombre,calidad_o_falta_de_personal,1,0.0,198.33299571583177,0.0,
2023,2,urbana,18.0,hombre,desconocimiento,1,0.0,198.33299571583177,0.0,
2023,2,urbana,18.0,hombre,distancia,1,0.0,198.33299571583177,0.0,
2023,2,urbana,18.0,hombre,falta_de_dinero,1,0.0,198.33299571583177,0.0,
2023,2,urbana,18.0,hombre,horarios,1,0.0,198.33299571583177,0.0,
2023,2,urbana,18.0,hombre,idioma,1,0.0,198.33299571583177,0.0,
2023,2,urbana,18.0,hombre,otra_razon,1,198.33299571583177,198.33299571583177,100.0,0.0
2023,2,urbana,18.0,hombre,tiempo_de_espera,1,0.0,198.33299571583177,0.0,
2023,2,urbana,18.0,mujer,calidad_o_falta_de_personal,1,469.81738205932083,469.81738205932083,100.0,0.0
2023,2,urbana,18.0,mujer,desconocimiento,1,0.0,469.81738205932083,0.0,
2023,2,urbana,18.0,mujer,distancia,1,0.0,469.81738205932083,0.0,
2023,2,urbana,18.0,mujer,falta_de_dinero,1,0.0,469.81738205932083,0.0,
2023,2,urbana,18.0,mujer,horarios,1,0.0,469.81738205932083,0.0,
2023,2,urbana,18.0,mujer,idioma,1,0.0,469.81738205932083,0.0,
2023,2,urbana,18.0,mujer,otra_razon,1,0.0,469.81738205932083,0.0,
2023,2,urbana,18.0,mujer,tiempo_de_espera,1,0.0,469.81738205932083,0.0,
2023,2,urbana,19.0,hombre,calidad_o_falta_de_personal,2,0.0,491.3579370463906,0.0,
2023,2,urbana,19.0,hombre,desconocimiento,2,0.0,491.3579370463906,0.0,
2023,2,urbana,19.0,hombre,distancia,2,0.0,491.3579370463906,0.0,
2023,2,urbana,19.0,hombre,falta_de_dinero,2,0.0,491.3579370463906,0.0,
2023,2,urbana,19.0,hombre,horarios,2,0.0,491.3579370463906,0.0,
2023,2,urbana,19.0,hombre,idioma,2,0.0,491.3579370463906,0.0,
2023,2,urbana,19.0,hombre,otra_razon,2,491.3579370463906,491.3579370463906,100.0,0.0
2023,2,urbana,19.0,hombre,tiempo_de_espera,2,0.0,491.3579370463906,0.0,
2023,2,urbana,19.0,mujer,calidad_o_falta_de_personal,2,0.0,510.2585053780168,0.0,
2023,2,urbana,19.0,mujer,desconocimiento,2,0.0,510.2585053780168,0.0,
2023,2,urbana,19.0,mujer,distancia,2,0.0,510.2585053780168,0.0,
2023,2,urbana,19.0,mujer,falta_de_dinero,2,0.0,510.2585053780168,0.0,
2023,2,urbana,19.0,mujer,horarios,2,0.0,510.2585053780168,0.0,
2023,2,urbana,19.0,mujer,idioma,2,0.0,510.2585053780168,0.0,
2023,2,urbana,19.0,mujer,otra_razon,2,510.2585053780168,510.2585053780168,100.0,0.0
2023,2,urbana,19.0,mujer,tiempo_de_espera,2,0.0,510.2585053780168,0.0,
2023,2,urbana,21.0,hombre,calidad_o_falta_de_personal,5,0.0,1233.3153733631395,0.0,
2023,2,urbana,21.0,hombre,desconocimiento,5,0.0,1233.3153733631395,0.0,
2023,2,urbana,21.0,hombre,distancia,5,0.0,1233.3153733631395,0.0,
2023,2,urbana,21.0,hombre,falta_de_dinero,5,235.0112625868854,1233.3153733631395,19.05524472187766,0.9133809791710846
2023,2,urbana,21.0,hombre,horarios,5,0.0,1233.3153733631395,0.0,
2023,2,urbana,21.0,hombre,idioma,5,0.0,1233.3153733631395,0.0,
2023,2,urbana,21.0,hombre,otra_razon,5,723.1689740891688,1233.3153733631395,58.63617609153386,0.37544996425111676
2023,2,urbana,21.0,hombre,tiempo_de_espera,5,275.1351366870853,1233.3153733631395,22.308579186588478,0.87571360243254
2023,2,urbana,22.0,hombre,calidad_o_falta_de_personal,1,0.0,162.51544662429333,0.0,
2023,2,urbana,22.0,hombre,desconocimiento,1,0.0,162.51544662429333,0.0,
2023,2,urbana,22.0,hombre,distancia,1,0.0,162.51544662429333,0.0,
2023,2,urbana,22.0,hombre,falta_de_dinero,1,0.0,162.51544662429333,0.0,
2023,2,urbana,22.0,hombre,horarios,1,0.0,162.51544662429333,0.0,
2023,2,urbana,22.0,hombre,idioma,1,0.0,162.51544662429333,0.0,
2023,2,urbana,22.0,hombre,otra_razon,1,162.51544662429333,162.51544662429333,100.0,0.0
2023,2,urbana,22.0,hombre,tiempo_de_espera,1,0.0,162.51544662429333,0.0,
2023,2,urbana,22.0,mujer,calidad_o_falta_de_personal,2,248.35132858689943,563.1175445403749,44.10292859719148,0.7905039647478911
2023,2,urbana,22.0,mujer,desconocimiento,2,0.0,563.1175445403749,0.0,
2023,2,urbana,22.0,mujer,distancia,2,0.0,563.1175445403749,0.0,
2023,2,urbana,22.0,mujer,falta_de_dinero,2,0.0,563.1175445403749,0.0,
2023,2,urbana,22.0,mujer,horarios,2,0.0,563.1175445403749,0.0,
2023,2,urbana,22.0,mujer,idioma,2,0.0,563.1175445403749,0.0,
2023,2,urbana,22.0,mujer,otra_razon,2,314.7662159534754,563.1175445403749,55.89707140280852,0.6237095976252042
2023,2,urbana,22.0,mujer,tiempo_de_espera,2,248.35132858689943,563.1175445403749,44.10292859719148,0.7905039647478911
2023,2,urbana,23.0,hombre,calidad_o_falta_de_personal,5,331.9716571148327,1285.3471725063184,25.827392335373172,0.8366591674328102
2023,2,urbana,23.0,hombre,desconocimiento,5,0.0,1285.3471725063184,0.0,
2023,2,urbana,23.0,hombre,distancia,5,522.4585123408074,1285.3471725063184,40.6472681868555,0.5551815764919661
2023,2,urbana,23.0,hombre,falta_de_dinero,5,0.0,1285.3471725063184,0.0,
2023,2,urbana,23.0,hombre,horarios,5,0.0,1285.3471725063184,0.0,
2023,2,urbana,23.0,hombre,idioma,5,0.0,1285.3471725063184,0.0,
2023,2,urbana,23.0,hombre,otra_razon,5,549.099150387475,1285.3471725063184,42.719909619187014,0.5390561065534322
2023,2,urbana,23.0,hombre,tiempo_de_espera,5,736.2480221188434,1285.3471725063184,57.280090380812986,0.402031980021932
2023,2,urbana,23.0,mujer,calidad_o_falta_de_personal,1,0.0,251.2217945733869,0.0,
2023,2,urbana,23.0,mujer,desconocimiento,1,0.0,251.2217945733869,0.0,
2023,2,urbana,23.0,mujer,distancia,1,0.0,251.2217945733869,0.0,
2023,2,urbana,23.0,mujer,falta_de_dinero,1,0.0,251.2217945733869,0.0,
2023,2,urbana,23.0,mujer,horarios,1,0.0,251.2217945733869,0.0,
2023,2,urbana,23.0,mujer,idioma,1,0.0,251.2217945733869,0.0,
2023,2,urbana,23.0,mujer,otra_razon,1,251.2217945733869,251.2217945733869,100.0,0.0
2023,2,urbana,23.0,mujer,tiempo_de_espera,1,0.0,251.2217945733869,0.0,
2023,2,urbana,24.0,hombre,calidad_o_falta_de_personal,3,624.1594666275173,1099.886501291358,56.74762494991096,0.5367388497916555
2023,2,urbana,24.0,hombre,desconocimiento,3,0.0,1099.886501291358,0.0,
2023,2,urbana,24.0,hombre,distancia,3,0.0,1099.886501291358,0.0,
2023,2,urbana,24.0,hombre,falta_de_dinero,3,313.2115880395472,1099.886501291358,28.476718977077258,0.9274820319759612
2023,2,urbana,24.0,hombre,horarios,3,0.0,1099.886501291358,0.0,
2023,2,urbana,24.0,hombre,idioma,3,0.0,1099.886501291358,0.0,
2023,2,urbana,24.0,hombre,otra_razon,3,0.0,1099.886501291358,0.0,
2023,2,urbana,24.0,hombre,tiempo_de_espera,3,162.51544662429333,1099.886501291358,14.775656073011781,1.0679288054852027
2023,2,urbana,24.0,mujer,calidad_o_falta_de_personal,3,552.3437820147853,845.4225791452377,65.33345520215832,0.4291936000086815
2023,2,urbana,24.0,mujer,desconocimiento,3,0.0,845.4225791452377,0.0,
2023,2,urbana,24.0,mujer,distancia,3,0.0,845.4225791452377,0.0,
2023,2,urbana,24.0,mujer,falta_de_dinero,3,0.0,845.4225791452377,0.0,
2023,2,urbana,24.0,mujer,horarios,3,0.0,845.4225791452377,0.0,
2023,2,urbana,24.0,mujer,idioma,3,0.0,845.4225791452377,0.0,
2023,2,urbana,24.0,mujer,otra_razon,3,293.0787971304523,845.4225791452377,34.666544797841674,0.8088692138988727
2023,2,urbana,24.0,mujer,tiempo_de_espera,3,318.0108475807858,845.4225791452377,37.6156085046025,0.7708410246223568
2023,2,urbana,25.0,hombre,calidad_o_falta_de_personal,1,0.0,294.925538600828,0.0,
2023,2,urbana,25.0,hombre,desconocimiento,1,0.0,294.925538600828,0.0,
2023,2,urbana,25.0,hombre,distancia,1,0.0,294.925538600828,0.0,
2023,2,urbana,25.0,hombre,falta_de_dinero,1,0.0,294.925538600828,0.0,
2023,2,urbana,25.0,hombre,horarios,1,0.0,294.925538600828,0.0,
2023,2,urbana,25.0,hombre,idioma,1,0.0,294.925538600828,0.0,
2023,2,urbana,25.0,hombre,otra_razon,1,294.925538600828,294.925538600828,100.0,0.0
2023,2,urbana,25.0,hombre,tiempo_de_espera,1,0.0,294.925538600828,0.0,
2023,2,urbana,25.0,mujer,calidad_o_falta_de_personal,1,0.0,235.0112625868854,0.0,
2023,2,urbana,25.0,mujer,desconocimiento,1,0.0,235.0112625868854,0.0,
2023,2,urbana,25.0,mujer,distancia,1,0.0,235.0112625868854,0.0,
2023,2,urbana,25.0,mujer,falta_de_dinero,1,0.0,235.0112625868854,0.0,
2023,2,urbana,25.0,mujer,horarios,1,0.0,235.0112625868854,0.0,
2023,2,urbana,25.0,mujer,idioma,1,0.0,235.0112625868854,0.0,
2023,2,urbana,25.0,mujer,otra_razon,1,235.0112625868854,235.0112625868854,100.0,0.0
2023,2,urbana,25.0,mujer,tiempo_de_espera,1,0.0,235.0112625868854,0.0,
2023,2,urbana,26.0,hombre,calidad_o_falta_de_personal,1,0.0,235.0112625868854,0.0,
2023,2,urbana,26.0,hombre,desconocimiento,1,0.0,235.0112625868854,0.0,
2023,2,urbana,26.0,hombre,distancia,1,0.0,235.0112625868854,0.0,
2023,2,urbana,26.0,hombre,falta_de_dinero,1,0.0,235.0112625868854,0.0,
2023,2,urbana,26.0,hombre,horarios,1,0.0,235.0112625868854,0.0,
2023,2,urbana,26.0,hombre,idioma,1,0.0,235.0112625868854,0.0,
2023,2,urbana,26.0,hombre,otra_razon,1,235.0112625868854,235.0112625868854,100.0,0.0
2023,2,urbana,26.0,hombre,tiempo_de_espera,1,0.0,235.0112625868854,0.0,
2023,2,urbana,26.0,mujer,calidad_o_falta_de_personal,2,234.33293443399953,401.0423280679521,58.430973000509425,0.5945176817303133
2023,2,urbana,26.0,mujer,desconocimiento,2,0.0,401.0423280679521,0.0,
2023,2,urbana,26.0,mujer,distancia,2,0.0,401.0423280679521,0.0,
2023,2,urbana,26.0,mujer,falta_de_dinero,2,0.0,401.0423280679521,0.0,
2023,2,urbana,26.0,mujer,horarios,2,0.0,401.0423280679521,0.0,
2023,2,urbana,26.0,mujer,idioma,2,0.0,401.0423280679521,0.0,
2023,2,urbana,26.0,mujer,otra_razon,2,401.0423280679521,401.0423280679521,100.0,0.0
2023,2,urbana,26.0,mujer,tiempo_de_espera,2,234.33293443399953,401.0423280679521,58.430973000509425,0.5945176817303133
2023,2,urbana,27.0,hombre,calidad_o_falta_de_personal,1,0.0,170.4719320319411,0.0,
2023,2,urbana,27.0,hombre,desconocimiento,1,0.0,170.4719320319411,0.0,
2023,2,urbana,27.0,hombre,distancia,1,0.0,170.4719320319411,0.0,
2023,2,urbana,27.0,hombre,falta_de_dinero,1,0.0,170.4719320319411,0.0,
2023,2,urbana,27.0,hombre,horarios,1,0.0,170.4719320319411,0.0,
2023,2,urbana,27.0,hombre,idioma,1,0.0,170.4719320319411,0.0,
2023,2,urbana,27.0,hombre,otra_razon,1,170.4719320319411,170.4719320319411,100.0,0.0
2023,2,urbana,27.0,hombre,tiempo_de_espera,1,0.0,170.4719320319411,0.0,
2023,2,urbana,27.0,mujer,calidad_o_falta_de_personal,3,331.9716571148327,799.3179900901157,41.531863567515344,0.7181710217131937
2023,2,urbana,27.0,mujer,desconocimiento,3,0.0,799.3179900901157,0.0,
2023,2,urbana,27.0,mujer,distancia,3,0.0,799.3179900901157,0.0,
2023,2,urbana,27.0,mujer,falta_de_dinero,3,264.58502518721383,799.3179900901157,33.1013474571471,0.8272725902844463
2023,2,urbana,27.0,mujer,horarios,3,0.0,799.3179900901157,0.0,
2023,2,urbana,27.0,mujer,idioma,3,0.0,799.3179900901157,0.0,
2023,2,urbana,27.0,mujer,otra_razon,3,202.76130778806927,799.3179900901157,25.366788975337563,0.9160082468363089
2023,2,urbana,27.0,mujer,tiempo_de_espera,3,596.5566823020465,799.3179900901157,74.63321102466244,0.3113384454205943
2023,3,rural,17.0,hombre,calidad_o_falta_de_personal,1,0.0,194.05222094962474,0.0,
2023,3,rural,17.0,hombre,desconocimiento,1,0.0,194.05222094962474,0.0,
2023,3,rural,17.0,hombre,distancia,1,0.0,194.05222094962474,0.0,
2023,3,rural,17.0,hombre,falta_de_dinero,1,0.0,194.05222094962474,0.0,
2023,3,rural,17.0,hombre,horarios,1,194.05222094962474,194.05222094962474,100.0,0.0
2023,3,rural,17.0,hombre,idioma,1,0.0,194.05222094962474,0.0,
2023,3,rural,17.0,hombre,otra_razon,1,0.0,194.05222094962474,0.0,
2023,3,rural,17.0,hombre,tiempo_de_espera,1,194.05222094962474,194.05222094962474,100.0,0.0
2023,3,rural,23.0,hombre,calidad_o_falta_de_personal,1,0.0,194.05222094962474,0.0,
2023,3,rural,23.0,hombre,desconocimiento,1,0.0,194.05222094962474,0.0,
2023,3,rural,23.0,hombre,distancia,1,0.0,194.05222094962474,0.0,
2023,3,rural,23.0,hombre,falta_de_dinero,1,0.0,194.05222094962474,0.0,
2023,3,rural,23.0,hombre,horarios,1,194.05222094962474,194.05222094962474,100.0,0.0
2023,3,rural,23.0,hombre,idioma,1,0.0,194.05222094962474,0.0,
2023,3,rural,23.0,hombre,otra_razon,1,0.0,194.05222094962474,0.0,
2023,3,rural,23.0,hombre,tiempo_de_espera,1,194.05222094962474,194.05222094962474,100.0,0.0
2023,3,rural,24.0,mujer,calidad_o_falta_de_personal,1,0.0,286.2833525029956,0.0,
2023,3,rural,24.0,mujer,desconocimiento,1,0.0,286.2833525029956,0.0,
2023,3,rural,24.0,mujer,distancia,1,0.0,286.2833525029956,0.0,
2023,3,rural,24.0,mujer,falta_de_dinero,1,0.0,286.2833525029956,0.0,
2023,3,rural,24.0,mujer,horarios,1,0.0,286.2833525029956,0.0,
2023,3,rural,24.0,mujer,idioma,1,0.0,286.2833525029956,0.0,
2023,3,rural,24.0,mujer,otra_razon,1,286.2833525029956,286.2833525029956,100.0,0.0
2023,3,rural,24.0,mujer,tiempo_de_espera,1,0.0,286.2833525029956,0.0,
2023,3,rural,26.0,mujer,calidad_o_falta_de_personal,1,0.0,279.2092968279722,0.0,
2023,3,rural,26.0,mujer,desconocimiento,1,0.0,279.2092968279722,0.0,
2023,3,rural,26.0,mujer,distancia,1,0.0,279.2092968279722,0.0,
2023,3,rural,26.0,mujer,falta_de_dinero,1,0.0,279.2092968279722,0.0,
2023,3,rural,26.0,mujer,horarios,1,0.0,279.2092968279722,0.0,
2023,3,rural,26.0,mujer,idioma,1,0.0,279.2092968279722,0.0,
2023,3,rural,26.0,mujer,otra_razon,1,279.2092968279722,279.2092968279722,100.0,0.0
2023,3,rural,26.0,mujer,tiempo_de_espera,1,0.0,279.2092968279722,0.0,
2023,3,rural,27.0,mujer,calidad_o_falta_de_personal,1,286.2833525029956,286.2833525029956,100.0,0.0
2023,3,rural,27.0,mujer,desconocimiento,1,0.0,286.2833525029956,0.0,
2023,3,rural,27.0,mujer,distancia,1,286.2833525029956,286.2833525029956,100.0,0.0
2023,3,rural,27.0,mujer,falta_de_dinero,1,0.0,286.2833525029956,0.0,
2023,3,rural,27.0,mujer,horarios,1,0.0,286.2833525029956,0.0,
2023,3,rural,27.0,mujer,idioma,1,0.0,286.2833525029956,0.0,
2023,3,rural,27.0,mujer,otra_razon,1,0.0,286.2833525029956,0.0,
2023,3,rural,27.0,mujer,tiempo_de_espera,1,286.2833525029956,286.2833525029956,100.0,0.0
2023,3,rural,28.0,hombre,calidad_o_falta_de_personal,1,772.3077685508109,772.3077685508109,100.0,0.0
2023,3,rural,28.0,hombre,desconocimiento,1,0.0,772.3077685508109,0.0,
2023,3,rural,28.0,hombre,distancia,1,0.0,772.3077685508109,0.0,
2023,3,rural,28.0,hombre,falta_de_dinero,1,0.0,772.3077685508109,0.0,
2023,3,rural,28.0,hombre,horarios,1,0.0,772.3077685508109,0.0,
2023,3,rural,28.0,hombre,idioma,1,0.0,772.3077685508109,0.0,
2023,3,rural,28.0,hombre,otra_razon,1,0.0,772.3077685508109,0.0,
2023,3,rural,28.0,hombre,tiempo_de_espera,1,772.3077685508109,772.3077685508109,100.0,0.0
2023,3,urbana,17.0,hombre,calidad_o_falta_de_personal,1,0.0,122.6339060561005,0.0,
2023,3,urbana,17.0,hombre,desconocimiento,1,0.0,122.6339060561005,0.0,
2023,3,urbana,17.0,hombre,distancia,1,0.0,122.6339060561005,0.0,
2023,3,urbana,17.0,hombre,falta_de_dinero,1,0.0,122.6339060561005,0.0,
2023,3,urbana,17.0,hombre,horarios,1,0.0,122.6339060561005,0.0,
2023,3,urbana,17.0,hombre,idioma,1,0.0,122.6339060561005,0.0,
2023,3,urbana,17.0,hombre,otra_razon,1,122.6339060561005,122.6339060561005,100.0,0.0
2023,3,urbana,17.0,hombre,tiempo_de_espera,1,0.0,122.6339060561005,0.0,
2023,3,urbana,19.0,hombre,calidad_o_falta_de_personal,1,0.0,566.4656697663521,0.0,
2023,3,urbana,19.0,hombre,desconocimiento,1,0.0,566.4656697663521,0.0,
2023,3,urbana,19.0,hombre,distancia,1,0.0,566.4656697663521,0.0,
2023,3,urbana,19.0,hombre,falta_de_dinero,1,0.0,566.4656697663521,0.0,
2023,3,urbana,19.0,hombre,horarios,1,0.0,566.4656697663521,0.0,
2023,3,urbana,19.0,hombre,idioma,1,0.0,566.4656697663521,0.0,
2023,3,urbana,19.0,hombre,otra_razon,1,0.0,566.4656697663521,0.0,
2023,3,urbana,19.0,hombre,tiempo_de_espera,1,566.4656697663521,566.4656697663521,100.0,0.0
2023,3,urbana,19.0,mujer,calidad_o_falta_de_personal,2,0.0,562.9239623850699,0.0,
2023,3,urbana,19.0,mujer,desconocimiento,2,0.0,562.9239623850699,0.0,
2023,3,urbana,19.0,mujer,distancia,2,0.0,562.9239623850699,0.0,
2023,3,urbana,19.0,mujer,falta_de_dinero,2,0.0,562.9239623850699,0.0,
2023,3,urbana,19.0,mujer,horarios,2,0.0,562.9239623850699,0.0,
2023,3,urbana,19.0,mujer,idioma,2,0.0,562.9239623850699,0.0,
2023,3,urbana,19.0,mujer,otra_razon,2,415.85121031585805,562.9239623850699,73.87342485012101,0.3694855691531874
2023,3,urbana,19.0,mujer,tiempo_de_espera,2,147.07275206921182,562.9239623850699,26.126575149878988,1.0447279932199072
2023,3,urbana,21.0,hombre,calidad_o_falta_de_personal,1,0.0,582.4051799545828,0.0,
2023,3,urbana,21.0,hombre,desconocimiento,1,0.0,582.4051799545828,0.0,
2023,3,urbana,21.0,hombre,distancia,1,0.0,582.4051799545828,0.0,
2023,3,urbana,21.0,hombre,falta_de_dinero,1,0.0,582.4051799545828,0.0,
2023,3,urbana,21.0,hombre,horarios,1,0.0,582.4051799545828,0.0,
2023,3,urbana,21.0,hombre,idioma,1,0.0,582.4051799545828,0.0,
2023,3,urbana,21.0,hombre,otra_razon,1,582.4051799545828,582.4051799545828,100.0,0.0
2023,3,urbana,21.0,hombre,tiempo_de_espera,1,0.0,582.4051799545828,0.0,
2023,3,urbana,22.0,hombre,calidad_o_falta_de_personal,1,0.0,376.15592338361586,0.0,
2023,3,urbana,22.0,hombre,desconocimiento,1,0.0,376.15592338361586,0.0,
2023,3,urbana,22.0,hombre,distancia,1,0.0,376.15592338361586,0.0,
2023,3,urbana,22.0,hombre,falta_de_dinero,1,0.0,376.15592338361586,0.0,
2023,3,urbana,22.0,hombre,horarios,1,0.0,376.15592338361586,0.0,
2023,3,urbana,22.0,hombre,idioma,1,0.0,376.15592338361586,0.0,
2023,3,urbana,22.0,hombre,otra_razon,1,0.0,376.15592338361586,0.0,
2023,3,urbana,22.0,hombre,tiempo_de_espera,1,376.15592338361586,376.15592338361586,100.0,0.0
2023,3,urbana,23.0,hombre,calidad_o_falta_de_personal,1,0.0,202.3091677736972,0.0,
2023,3,urbana,23.0,hombre,desconocimiento,1,0.0,202.3091677736972,0.0,
2023,3,urbana,23.0,hombre,distancia,1,0.0,202.3091677736972,0.0,
2023,3,urbana,23.0,hombre,falta_de_dinero,1,0.0,202.3091677736972,0.0,
2023,3,urbana,23.0,hombre,horarios,1,0.0,202.3091677736972,0.0,
2023,3,urbana,23.0,hombre,idioma,1,0.0,202.3091677736972,0.0,
2023,3,urbana,23.0,hombre,otra_razon,1,0.0,202.3091677736972,0.0,
2023,3,urbana,23.0,hombre,tiempo_de_espera,1,202.3091677736972,202.3091677736972,100.0,0.0
2023,3,urbana,24.0,hombre,calidad_o_falta_de_personal,1,0.0,570.1440182713284,0.0,
2023,3,urbana,24.0,hombre,desconocimiento,1,0.0,570.1440182713284,0.0,
2023,3,urbana,24.0,hombre,distancia,1,0.0,570.1440182713284,0.0,
2023,3,urbana,24.0,hombre,falta_de_dinero,1,0.0,570.1440182713284,0.0,
2023,3,urbana,24.0,hombre,horarios,1,0.0,570.1440182713284,0.0,
2023,3,urbana,24.0,hombre,idioma,1,0.0,570.1440182713284,0.0,
2023,3,urbana,24.0,hombre,otra_razon,1,570.1440182713284,570.1440182713284,100.0,0.0
2023,3,urbana,24.0,hombre,tiempo_de_espera,1,0.0,570.1440182713284,0.0,
2023,3,urbana,24.0,mujer,calidad_o_falta_de_personal,2,0.0,1507.763151405331,0.0,
2023,3,urbana,24.0,mujer,desconocimiento,2,0.0,1507.763151405331,0.0,
2023,3,urbana,24.0,mujer,distancia,2,0.0,1507.763151405331,0.0,
2023,3,urbana,24.0,mujer,falta_de_dinero,2,1213.855006642183,1507.763151405331,80.5070083793196,0.27567253121191326
2023,3,urbana,24.0,mujer,horarios,2,1507.763151405331,1507.763151405331,100.0,0.0
2023,3,urbana,24.0,mujer,idioma,2,0.0,1507.763151405331,0.0,
2023,3,urbana,24.0,mujer,otra_razon,2,0.0,1507.763151405331,0.0,
2023,3,urbana,24.0,mujer,tiempo_de_espera,2,1213.855006642183,1507.763151405331,80.5070083793196,0.27567253121191326
2023,3,urbana,25.0,mujer,calidad_o_falta_de_personal,1,0.0,346.8157161834809,0.0,
2023,3,urbana,25.0,mujer,desconocimiento,1,0.0,346.8157161834809,0.0,
2023,3,urbana,25.0,mujer,distancia,1,0.0,346.8157161834809,0.0,
2023,3,urbana,25.0,mujer,falta_de_dinero,1,0.0,346.8157161834809,0.0,
2023,3,urbana,25.0,mujer,horarios,1,0.0,346.8157161834809,0.0,
2023,3,urbana,25.0,mujer,idioma,1,0.0,346.8157161834809,0.0,
2023,3,urbana,25.0,mujer,otra_razon,1,346.8157161834809,346.8157161834809,100.0,0.0
2023,3,urbana,25.0,mujer,tiempo_de_espera,1,0.0,346.8157161834809,0.0,
2023,3,urbana,26.0,mujer,calidad_o_falta_de_personal,1,0.0,385.2376577777835,0.0,
2023,3,urbana,26.0,mujer,desconocimiento,1,0.0,385.2376577777835,0.0,
2023,3,urbana,26.0,mujer,distancia,1,0.0,385.2376577777835,0.0,
2023,3,urbana,26.0,mujer,falta_de_dinero,1,0.0,385.2376577777835,0.0,
2023,3,urbana,26.0,mujer,horarios,1,0.0,385.2376577777835,0.0,
2023,3,urbana,26.0,mujer,idioma,1,0.0,385.2376577777835,0.0,
2023,3,urbana,26.0,mujer,otra_razon,1,0.0,385.2376577777835,0.0,
2023,3,urbana,26.0,mujer,tiempo_de_espera,1,385.2376577777835,385.2376577777835,100.0,0.0
2023,3,urbana,27.0,mujer,calidad_o_falta_de_personal,1,0.0,582.4051799545828,0.0,
2023,3,urbana,27.0,mujer,desconocimiento,1,0.0,582.4051799545828,0.0,
2023,3,urbana,27.0,mujer,distancia,1,0.0,582.4051799545828,0.0,
2023,3,urbana,27.0,mujer,falta_de_dinero,1,0.0,582.4051799545828,0.0,
2023,3,urbana,27.0,mujer,horarios,1,0.0,582.4051799545828,0.0,
2023,3,urbana,27.0,mujer,idioma,1,0.0,582.4051799545828,0.0,
2023,3,urbana,27.0,mujer,otra_razon,1,0.0,582.4051799545828,0.0,
2023,3,urbana,27.0,mujer,tiempo_de_espera,1,582.4051799545828,582.4051799545828,100.0,0.0
2023,3,urbana,28.0,hombre,calidad_o_falta_de_personal,1,0.0,182.07825099632748,0.0,
2023,3,urbana,28.0,hombre,desconocimiento,1,0.0,182.07825099632748,0.0,
2023,3,urbana,28.0,hombre,distancia,1,0.0,182.07825099632748,0.0,
2023,3,urbana,28.0,hombre,falta_de_dinero,1,0.0,182.07825099632748,0.0,
2023,3,urbana,28.0,hombre,horarios,1,0.0,182.07825099632748,0.0,
2023,3,urbana,28.0,hombre,idioma,1,0.0,182.07825099632748,0.0,
2023,3,urbana,28.0,hombre,otra_razon,1,182.07825099632748,182.07825099632748,100.0,0.0
2023,3,urbana,28.0,hombre,tiempo_de_espera,1,0.0,182.07825099632748,0.0,
2023,3,urbana,28.0,mujer,calidad_o_falta_de_personal,2,242.77100132843665,606.2773040520889,40.042897813568615,0.847921470726408
2023,3,urbana,28.0,mujer,desconocimiento,2,0.0,606.2773040520889,0.0,
2023,3,urbana,28.0,mujer,distancia,2,0.0,606.2773040520889,0.0,
2023,3,urbana,28.0,mujer,falta_de_dinero,2,0.0,606.2773040520889,0.0,
2023,3,urbana,28.0,mujer,horarios,2,0.0,606.2773040520889,0.0,
2023,3,urbana,28.0,mujer,idioma,2,0.0,606.2773040520889,0.0,
2023,3,urbana,28.0,mujer,otra_razon,2,0.0,606.2773040520889,0.0,
2023,3,urbana,28.0,mujer,tiempo_de_espera,2,606.2773040520889,606.2773040520889,100.0,0.0
2023,4,rural,18.0,mujer,calidad_o_falta_de_personal,1,82.13115834880486,82.13115834880486,100.0,0.0
2023,4,rural,18.0,mujer,desconocimiento,1,0.0,82.13115834880486,0.0,
2023,4,rural,18.0,mujer,distancia,1,0.0,82.13115834880486,0.0,
2023,4,rural,18.0,mujer,falta_de_dinero,1,0.0,82.13115834880486,0.0,
2023,4,rural,18.0,mujer,horarios,1,0.0,82.13115834880486,0.0,
2023,4,rural,18.0,mujer,idioma,1,0.0,82.13115834880486,0.0,
2023,4,rural,18.0,mujer,otra_razon,1,0.0,82.13115834880486,0.0,
2023,4,rural,18.0,mujer,tiempo_de_espera,1,82.13115834880486,82.13115834880486,100.0,0.0
2023,4,rural,23.0,hombre,calidad_o_falta_de_personal,1,0.0,109.5082111317398,0.0,
2023,4,rural,23.0,hombre,desconocimiento,1,0.0,109.5082111317398,0.0,
2023,4,rural,23.0,hombre,distancia,1,0.0,109.5082111317398,0.0,
2023,4,rural,23.0,hombre,falta_de_dinero,1,0.0,109.5082111317398,0.0,
2023,4,rural,23.0,hombre,horarios,1,0.0,109.5082111317398,0.0,
2023,4,rural,23.0,hombre,idioma,1,0.0,109.5082111317398,0.0,
2023,4,rural,23.0,hombre,otra_razon,1,0.0,109.5082111317398,0.0,
2023,4,rural,23.0,hombre,tiempo_de_espera,1,109.5082111317398,109.5082111317398,100.0,0.0
2023,4,rural,27.0,hombre,calidad_o_falta_de_personal,1,43.22692544673939,43.22692544673939,100.0,0.0
2023,4,rural,27.0,hombre,desconocimiento,1,0.0,43.22692544673939,0.0,
2023,4,rural,27.0,hombre,distancia,1,0.0,43.22692544673939,0.0,
2023,4,rural,27.0,hombre,falta_de_dinero,1,0.0,43.22692544673939,0.0,
2023,4,rural,27.0,hombre,horarios,1,0.0,43.22692544673939,0.0,
2023,4,rural,27.0,hombre,idioma,1,0.0,43.22692544673939,0.0,
2023,4,rural,27.0,hombre,otra_razon,1,0.0,43.22692544673939,0.0,
2023,4,rural,27.0,hombre,tiempo_de_espera,1,43.22692544673939,43.22692544673939,100.0,0.0
2023,4,urbana,17.0,hombre,calidad_o_falta_de_personal,1,78.61984828102032,78.61984828102032,100.0,0.0
2023,4,urbana,17.0,hombre,desconocimiento,1,0.0,78.61984828102032,0.0,
2023,4,urbana,17.0,hombre,distancia,1,0.0,78.61984828102032,0.0,
2023,4,urbana,17.0,hombre,falta_de_dinero,1,0.0,78.61984828102032,0.0,
2023,4,urbana,17.0,hombre,horarios,1,0.0,78.61984828102032,0.0,
2023,4,urbana,17.0,hombre,idioma,1,0.0,78.61984828102032,0.0,
2023,4,urbana,17.0,hombre,otra_razon,1,0.0,78.61984828102032,0.0,
2023,4,urbana,17.0,hombre,tiempo_de_espera,1,78.61984828102032,78.61984828102032,100.0,0.0
2023,4,urbana,18.0,hombre,calidad_o_falta_de_personal,1,0.0,114.5183962223622,0.0,
2023,4,urbana,18.0,hombre,desconocimiento,1,0.0,114.5183962223622,0.0,
2023,4,urbana,18.0,hombre,distancia,1,0.0,114.5183962223622,0.0,
2023,4,urbana,18.0,hombre,falta_de_dinero,1,0.0,114.5183962223622,0.0,
2023,4,urbana,18.0,hombre,horarios,1,0.0,114.5183962223622,0.0,
2023,4,urbana,18.0,hombre,idioma,1,0.0,114.5183962223622,0.0,
2023,4,urbana,18.0,hombre,otra_razon,1,0.0,114.5183962223622,0.0,
2023,4,urbana,18.0,hombre,tiempo_de_espera,1,114.5183962223622,114.5183962223622,100.0,0.0
2023,4,urbana,23.0,hombre,calidad_o_falta_de_personal,1,0.0,94.0619722083872,0.0,
2023,4,urbana,23.0,hombre,desconocimiento,1,0.0,94.0619722083872,0.0,
2023,4,urbana,23.0,hombre,distancia,1,0.0,94.0619722083872,0.0,
2023,4,urbana,23.0,hombre,falta_de_dinero,1,0.0,94.0619722083872,0.0,
2023,4,urbana,23.0,hombre,horarios,1,0.0,94.0619722083872,0.0,
2023,4,urbana,23.0,hombre,idioma,1,0.0,94.0619722083872,0.0,
2023,4,urbana,23.0,hombre,otra_razon,1,0.0,94.0619722083872,0.0,
2023,4,urbana,23.0,hombre,tiempo_de_espera,1,94.0619722083872,94.0619722083872,100.0,0.0
2023,4,urbana,25.0,hombre,calidad_o_falta_de_personal,1,146.58354716462364,146.58354716462364,100.0,0.0
2023,4,urbana,25.0,hombre,desconocimiento,1,0.0,146.58354716462364,0.0,
2023,4,urbana,25.0,hombre,distancia,1,0.0,146.58354716462364,0.0,
2023,4,urbana,25.0,hombre,falta_de_dinero,1,0.0,146.58354716462364,0.0,
2023,4,urbana,25.0,hombre,horarios,1,0.0,146.58354716462364,0.0,
2023,4,urbana,25.0,hombre,idioma,1,0.0,146.58354716462364,0.0,
2023,4,urbana,25.0,hombre,otra_razon,1,0.0,146.58354716462364,0.0,
2023,4,urbana,25.0,hombre,tiempo_de_espera,1,146.58354716462364,146.58354716462364,100.0,0.0
2023,4,urbana,28.0,mujer,calidad_o_falta_de_personal,1,107.05831290589151,107.05831290589151,100.0,0.0
2023,4,urbana,28.0,mujer,desconocimiento,1,0.0,107.05831290589151,0.0,
2023,4,urbana,28.0,mujer,distancia,1,0.0,107.05831290589151,0.0,
2023,4,urbana,28.0,mujer,falta_de_dinero,1,0.0,107.05831290589151,0.0,
2023,4,urbana,28.0,mujer,horarios,1,0.0,107.05831290589151,0.0,
2023,4,urbana,28.0,mujer,idioma,1,0.0,107.05831290589151,0.0,
2023,4,urbana,28.0,mujer,otra_razon,1,0.0,107.05831290589151,0.0,
2023,4,urbana,28.0,mujer,tiempo_de_espera,1,107.05831290589151,107.05831290589151,100.0,0.0
2023,5,rural,16.0,hombre,calidad_o_falta_de_personal,1,214.18291367522542,214.18291367522542,100.0,0.0
2023,5,rural,16.0,hombre,desconocimiento,1,0.0,214.18291367522542,0.0,
2023,5,rural,16.0,hombre,distancia,1,0.0,214.18291367522542,0.0,
2023,5,rural,16.0,hombre,falta_de_dinero,1,0.0,214.18291367522542,0.0,
2023,5,rural,16.0,hombre,horarios,1,0.0,214.18291367522542,0.0,
2023,5,rural,16.0,hombre,idioma,1,0.0,214.18291367522542,0.0,
2023,5,rural,16.0,hombre,otra_razon,1,0.0,214.18291367522542,0.0,
2023,5,rural,16.0,hombre,tiempo_de_espera,1,0.0,214.18291367522542,0.0,
2023,5,rural,17.0,hombre,calidad_o_falta_de_personal,1,63.57668085297158,63.57668085297158,100.0,0.0
2023,5,rural,17.0,hombre,desconocimiento,1,0.0,63.57668085297158,0.0,
2023,5,rural,17.0,hombre,distancia,1,63.57668085297158,63.57668085297158,100.0,0.0
2023,5,rural,17.0,hombre,falta_de_dinero,1,0.0,63.57668085297158,0.0,
2023,5,rural,17.0,hombre,horarios,1,0.0,63.57668085297158,0.0,
2023,5,rural,17.0,hombre,idioma,1,0.0,63.57668085297158,0.0,
2023,5,rural,17.0,hombre,otra_razon,1,0.0,63.57668085297158,0.0,
2023,5,rural,17.0,hombre,tiempo_de_espera,1,63.57668085297158,63.57668085297158,100.0,0.0
2023,5,rural,18.0,hombre,calidad_o_falta_de_personal,1,0.0,136.57832579730476,0.0,
2023,5,rural,18.0,hombre,desconocimiento,1,0.0,136.57832579730476,0.0,
2023,5,rural,18.0,hombre,distancia,1,0.0,136.57832579730476,0.0,
2023,5,rural,18.0,hombre,falta_de_dinero,1,0.0,136.57832579730476,0.0,
2023,5,rural,18.0,hombre,horarios,1,0.0,136.57832579730476,0.0,
2023,5,rural,18.0,hombre,idioma,1,0.0,136.57832579730476,0.0,
2023,5,rural,18.0,hombre,otra_razon,1,136.57832579730476,136.57832579730476,100.0,0.0
2023,5,rural,18.0,hombre,tiempo_de_espera,1,0.0,136.57832579730476,0.0,
2023,5,rural,18.0,mujer,calidad_o_falta_de_personal,1,266.4310185969135,266.4310185969135,100.0,0.0
2023,5,rural,18.0,mujer,desconocimiento,1,0.0,266.4310185969135,0.0,
2023,5,rural,18.0,mujer,distancia,1,0.0,266.4310185969135,0.0,
2023,5,rural,18.0,mujer,falta_de_dinero,1,0.0,266.4310185969135,0.0,
2023,5,rural,18.0,mujer,horarios,1,0.0,266.4310185969135,0.0,
2023,5,rural,18.0,mujer,idioma,1,0.0,266.4310185969135,0.0,
2023,5,rural,18.0,mujer,otra_razon,1,0.0,266.4310185969135,0.0,
2023,5,rural,18.0,mujer,tiempo_de_espera,1,0.0,266.4310185969135,0.0,
2023,5,rural,27.0,hombre,calidad_o_falta_de_personal,1,0.0,63.57668085297158,0.0,
2023,5,rural,27.0,hombre,desconocimiento,1,0.0,63.57668085297158,0.0,
2023,5,rural,27.0,hombre,distancia,1,0.0,63.57668085297158,0.0,
2023,5,rural,27.0,hombre,falta_de_dinero,1,0.0,63.57668085297158,0.0,
2023,5,rural,27.0,hombre,horarios,1,0.0,63.57668085297158,0.0,
2023,5,rural,27.0,hombre,idioma,1,0.0,63.57668085297158,0.0,
2023,5,rural,27.0,hombre,otra_razon,1,0.0,63.57668085297158,0.0,
2023,5,rural,27.0,hombre,tiempo_de_espera,1,63.57668085297158,63.57668085297158,100.0,0.0
2023,5,urbana,20.0,mujer,calidad_o_falta_de_personal,1,170.60929228470823,170.60929228470823,100.0,0.0
2023,5,urbana,20.0,mujer,desconocimiento,1,0.0,170.60929228470823,0.0,
2023,5,urbana,20.0,mujer,distancia,1,170.60929228470823,170.60929228470823,100.0,0.0
2023,5,urbana,20.0,mujer,falta_de_dinero,1,0.0,170.60929228470823,0.0,
2023,5,urbana,20.0,mujer,horarios,1,0.0,170.60929228470823,0.0,
2023,5,urbana,20.0,mujer,idioma,1,0.0,170.60929228470823,0.0,
2023,5,urbana,20.0,mujer,otra_razon,1,0.0,170.60929228470823,0.0,
2023,5,urbana,20.0,mujer,tiempo_de_espera,1,170.60929228470823,170.60929228470823,100.0,0.0
2023,5,urbana,21.0,mujer,calidad_o_falta_de_personal,2,0.0,399.17670481963313,0.0,
2023,5,urbana,21.0,mujer,desconocimiento,2,303.81037925073196,399.17670481963313,76.10924575070277,0.3378662867467879
2023,5,urbana,21.0,mujer,distancia,2,0.0,399.17670481963313,0.0,
2023,5,urbana,21.0,mujer,falta_de_dinero,2,0.0,399.17670481963313,0.0,
2023,5,urbana,21.0,mujer,horarios,2,0.0,399.17670481963313,0.0,
2023,5,urbana,21.0,mujer,idioma,2,0.0,399.17670481963313,0.0,
2023,5,urbana,21.0,mujer,otra_razon,2,0.0,399.17670481963313,0.0,
2023,5,urbana,21.0,mujer,tiempo_de_espera,2,95.36632556890116,399.17670481963313,23.89075424929723,1.076347275626307
2023,5,urbana,23.0,mujer,calidad_o_falta_de_personal,1,0.0,125.5342743532436,0.0,
2023,5,urbana,23.0,mujer,desconocimiento,1,0.0,125.5342743532436,0.0,
2023,5,urbana,23.0,mujer,distancia,1,0.0,125.5342743532436,0.0,
2023,5,urbana,23.0,mujer,falta_de_dinero,1,0.0,125.5342743532436,0.0,
2023,5,urbana,23.0,mujer,horarios,1,0.0,125.5342743532436,0.0,
2023,5,urbana,23.0,mujer,idioma,1,0.0,125.5342743532436,0.0,
2023,5,urbana,23.0,mujer,otra_razon,1,0.0,125.5342743532436,0.0,
2023,5,urbana,23.0,mujer,tiempo_de_espera,1,125.5342743532436,125.5342743532436,100.0,0.0
2023,5,urbana,24.0,hombre,calidad_o_falta_de_personal,1,0.0,170.60929228470823,0.0,
2023,5,urbana,24.0,hombre,desconocimiento,1,0.0,170.60929228470823,0.0,
2023,5,urbana,24.0,hombre,distancia,1,0.0,170.60929228470823,0.0,
2023,5,urbana,24.0,hombre,falta_de_dinero,1,0.0,170.60929228470823,0.0,
2023,5,urbana,24.0,hombre,horarios,1,0.0,170.60929228470823,0.0,
2023,5,urbana,24.0,hombre,idioma,1,0.0,170.60929228470823,0.0,
2023,5,urbana,24.0,hombre,otra_razon,1,0.0,170.60929228470823,0.0,
2023,5,urbana,24.0,hombre,tiempo_de_espera,1,170.60929228470823,170.60929228470823,100.0,0.0
2023,5,urbana,26.0,mujer,calidad_o_falta_de_personal,2,0.0,189.7262551244226,0.0,
2023,5,urbana,26.0,mujer,desconocimiento,2,0.0,189.7262551244226,0.0,
2023,5,urbana,26.0,mujer,distancia,2,0.0,189.7262551244226,0.0,
2023,5,urbana,26.0,mujer,falta_de_dinero,2,0.0,189.7262551244226,0.0,
2023,5,urbana,26.0,mujer,horarios,2,0.0,189.7262551244226,0.0,
2023,5,urbana,26.0,mujer,idioma,2,0.0,189.7262551244226,0.0,
2023,5,urbana,26.0,mujer,otra_razon,2,0.0,189.7262551244226,0.0,
2023,5,urbana,26.0,mujer,tiempo_de_espera,2,189.7262551244226,189.7262551244226,100.0,0.0
2023,5,urbana,28.0,hombre,calidad_o_falta_de_personal,1,0.0,88.32653311270994,0.0,
2023,5,urbana,28.0,hombre,desconocimiento,1,0.0,88.32653311270994,0.0,
2023,5,urbana,28.0,hombre,distancia,1,0.0,88.32653311270994,0.0,
2023,5,urbana,28.0,hombre,falta_de_dinero,1,0.0,88.32653311270994,0.0,
2023,5,urbana,28.0,hombre,horarios,1,0.0,88.32653311270994,0.0,
2023,5,urbana,28.0,hombre,idioma,1,0.0,88.32653311270994,0.0,
2023,5,urbana,28.0,hombre,otra_razon,1,88.32653311270994,88.32653311270994,100.0,0.0
2023,5,urbana,28.0,hombre,tiempo_de_espera,1,0.0,88.32653311270994,0.0,
2023,6,rural,22.0,mujer,calidad_o_falta_de_personal,1,255.43138606635563,255.43138606635563,100.0,0.0
2023,6,rural,22.0,mujer,desconocimiento,1,0.0,255.43138606635563,0.0,
2023,6,rural,22.0,mujer,distancia,1,0.0,255.43138606635563,0.0,
2023,6,rural,22.0,mujer,falta_de_dinero,1,0.0,255.43138606635563,0.0,
2023,6,rural,22.0,mujer,horarios,1,0.0,255.43138606635563,0.0,
2023,6,rural,22.0,mujer,idioma,1,0.0,255.43138606635563,0.0,
2023,6,rural,22.0,mujer,otra_razon,1,0.0,255.43138606635563,0.0,
2023,6,rural,22.0,mujer,tiempo_de_espera,1,255.43138606635563,255.43138606635563,100.0,0.0
2023,6,rural,26.0,mujer,calidad_o_falta_de_personal,1,205.49387624528367,205.49387624528367,100.0,0.0
2023,6,rural,26.0,mujer,desconocimiento,1,0.0,205.49387624528367,0.0,
2023,6,rural,26.0,mujer,distancia,1,205.49387624528367,205.49387624528367,100.0,0.0
2023,6,rural,26.0,mujer,falta_de_dinero,1,205.49387624528367,205.49387624528367,100.0,0.0
2023,6,rural,26.0,mujer,horarios,1,0.0,205.49387624528367,0.0,
2023,6,rural,26.0,mujer,idioma,1,205.49387624528367,205.49387624528367,100.0,0.0
2023,6,rural,26.0,mujer,otra_razon,1,0.0,205.49387624528367,0.0,
2023,6,rural,26.0,mujer,tiempo_de_espera,1,205.49387624528367,205.49387624528367,100.0,0.0
2023,6,urbana,16.0,mujer,calidad_o_falta_de_personal,1,0.0,138.8773612562648,0.0,
2023,6,urbana,16.0,mujer,desconocimiento,1,0.0,138.8773612562648,0.0,
2023,6,urbana,16.0,mujer,distancia,1,0.0,138.8773612562648,0.0,
2023,6,urbana,16.0,mujer,falta_de_dinero,1,0.0,138.8773612562648,0.0,
2023,6,urbana,16.0,mujer,horarios,1,0.0,138.8773612562648,0.0,
2023,6,urbana,16.0,mujer,idioma,1,0.0,138.8773612562648,0.0,
2023,6,urbana,16.0,mujer,otra_razon,1,0.0,138.8773612562648,0.0,
2023,6,urbana,16.0,mujer,tiempo_de_espera,1,138.8773612562648,138.8773612562648,100.0,0.0
2023,6,urbana,17.0,hombre,calidad_o_falta_de_personal,1,0.0,90.99086455625377,0.0,
2023,6,urbana,17.0,hombre,desconocimiento,1,0.0,90.99086455625377,0.0,
2023,6,urbana,17.0,hombre,distancia,1,0.0,90.99086455625377,0.0,
2023,6,urbana,17.0,hombre,falta_de_dinero,1,0.0,90.99086455625377,0.0,
2023,6,urbana,17.0,hombre,horarios,1,0.0,90.99086455625377,0.0,
2023,6,urbana,17.0,hombre,idioma,1,0.0,90.99086455625377,0.0,
2023,6,urbana,17.0,hombre,otra_razon,1,0.0,90.99086455625377,0.0,
2023,6,urbana,17.0,hombre,tiempo_de_espera,1,90.99086455625377,90.99086455625377,100.0,0.0
2023,6,urbana,17.0,mujer,calidad_o_falta_de_personal,1,0.0,119.58285559270503,0.0,
2023,6,urbana,17.0,mujer,desconocimiento,1,0.0,119.58285559270503,0.0,
2023,6,urbana,17.0,mujer,distancia,1,0.0,119.58285559270503,0.0,
2023,6,urbana,17.0,mujer,falta_de_dinero,1,0.0,119.58285559270503,0.0,
2023,6,urbana,17.0,mujer,horarios,1,0.0,119.58285559270503,0.0,
2023,6,urbana,17.0,mujer,idioma,1,0.0,119.58285559270503,0.0,
2023,6,urbana,17.0,mujer,otra_razon,1,0.0,119.58285559270503,0.0,
2023,6,urbana,17.0,mujer,tiempo_de_espera,1,119.58285559270503,119.58285559270503,100.0,0.0
2023,6,urbana,19.0,hombre,calidad_o_falta_de_personal,1,0.0,191.0478478635835,0.0,
2023,6,urbana,19.0,hombre,desconocimiento,1,0.0,191.0478478635835,0.0,
2023,6,urbana,19.0,hombre,distancia,1,0.0,191.0478478635835,0.0,
2023,6,urbana,19.0,hombre,falta_de_dinero,1,0.0,191.0478478635835,0.0,
2023,6,urbana,19.0,hombre,horarios,1,0.0,191.0478478635835,0.0,
2023,6,urbana,19.0,hombre,idioma,1,0.0,191.0478478635835,0.0,
2023,6,urbana,19.0,hombre,otra_razon,1,191.0478478635835,191.0478478635835,100.0,0.0
2023,6,urbana,19.0,hombre,tiempo_de_espera,1,0.0,191.0478478635835,0.0,
2023,6,urbana,20.0,mujer,calidad_o_falta_de_personal,1,0.0,77.75456485418627,0.0,
2023,6,urbana,20.0,mujer,desconocimiento,1,0.0,77.75456485418627,0.0,
2023,6,urbana,20.0,mujer,distancia,1,0.0,77.75456485418627,0.0,
2023,6,urbana,20.0,mujer,falta_de_dinero,1,0.0,77.75456485418627,0.0,
2023,6,urbana,20.0,mujer,horarios,1,0.0,77.75456485418627,0.0,
2023,6,urbana,20.0,mujer,idioma,1,0.0,77.75456485418627,0.0,
2023,6,urbana,20.0,mujer,otra_razon,1,0.0,77.75456485418627,0.0,
2023,6,urbana,20.0,mujer,tiempo_de_espera,1,77.75456485418627,77.75456485418627,100.0,0.0
2023,6,urbana,21.0,hombre,calidad_o_falta_de_personal,2,85.09925514582618,253.8222057826515,33.5271119732908,0.9400685977748028
2023,6,urbana,21.0,hombre,desconocimiento,2,0.0,253.8222057826515,0.0,
2023,6,urbana,21.0,hombre,distancia,2,0.0,253.8222057826515,0.0,
2023,6,urbana,21.0,hombre,falta_de_dinero,2,0.0,253.8222057826515,0.0,
2023,6,urbana,21.0,hombre,horarios,2,0.0,253.8222057826515,0.0,
2023,6,urbana,21.0,hombre,idioma,2,0.0,253.8222057826515,0.0,
2023,6,urbana,21.0,hombre,otra_razon,2,168.72295063682532,253.8222057826515,66.47288802670919,0.4741449645982924
2023,6,urbana,21.0,hombre,tiempo_de_espera,2,0.0,253.8222057826515,0.0,
2023,6,urbana,21.0,mujer,calidad_o_falta_de_personal,1,0.0,65.93770484657541,0.0,
2023,6,urbana,21.0,mujer,desconocimiento,1,0.0,65.93770484657541,0.0,
2023,6,urbana,21.0,mujer,distancia,1,0.0,65.93770484657541,0.0,
2023,6,urbana,21.0,mujer,falta_de_dinero,1,65.93770484657541,65.93770484657541,100.0,0.0
2023,6,urbana,21.0,mujer,horarios,1,0.0,65.93770484657541,0.0,
2023,6,urbana,21.0,mujer,idioma,1,0.0,65.93770484657541,0.0,
2023,6,urbana,21.0,mujer,otra_razon,1,0.0,65.93770484657541,0.0,
2023,6,urbana,21.0,mujer,tiempo_de_espera,1,65.93770484657541,65.93770484657541,100.0,0.0
2023,6,urbana,23.0,hombre,calidad_o_falta_de_personal,1,85.09925514582618,85.09925514582618,100.0,0.0
2023,6,urbana,23.0,hombre,desconocimiento,1,0.0,85.09925514582618,0.0,
2023,6,urbana,23.0,hombre,distancia,1,0.0,85.09925514582618,0.0,
2023,6,urbana,23.0,hombre,falta_de_dinero,1,0.0,85.09925514582618,0.0,
2023,6,urbana,23.0,hombre,horarios,1,0.0,85.09925514582618,0.0,
2023,6,urbana,23.0,hombre,idioma,1,0.0,85.09925514582618,0.0,
2023,6,urbana,23.0,hombre,otra_razon,1,85.09925514582618,85.09925514582618,100.0,0.0
2023,6,urbana,23.0,hombre,tiempo_de_espera,1,0.0,85.09925514582618,0.0,
2023,6,urbana,23.0,mujer,calidad_o_falta_de_personal,1,0.0,160.24310914184403,0.0,
2023,6,urbana,23.0,mujer,desconocimiento,1,0.0,160.24310914184403,0.0,
2023,6,urbana,23.0,mujer,distancia,1,0.0,160.24310914184403,0.0,
2023,6,urbana,23.0,mujer,falta_de_dinero,1,0.0,160.24310914184403,0.0,
2023,6,urbana,23.0,mujer,horarios,1,0.0,160.24310914184403,0.0,
2023,6,urbana,23.0,mujer,idioma,1,0.0,160.24310914184403,0.0,
2023,6,urbana,23.0,mujer,otra_razon,1,0.0,160.24310914184403,0.0,
2023,6,urbana,23.0,mujer,tiempo_de_espera,1,160.24310914184403,160.24310914184403,100.0,0.0
2023,6,urbana,24.0,hombre,calidad_o_falta_de_personal,1,0.0,288.43759645531924,0.0,
2023,6,urbana,24.0,hombre,desconocimiento,1,0.0,288.43759645531924,0.0,
2023,6,urbana,24.0,hombre,distancia,1,0.0,288.43759645531924,0.0,
2023,6,urbana,24.0,hombre,falta_de_dinero,1,0.0,288.43759645531924,0.0,
2023,6,urbana,24.0,hombre,horarios,1,0.0,288.43759645531924,0.0,
2023,6,urbana,24.0,hombre,idioma,1,0.0,288.43759645531924,0.0,
2023,6,urbana,24.0,hombre,otra_razon,1,0.0,288.43759645531924,0.0,
2023,6,urbana,24.0,hombre,tiempo_de_espera,1,288.43759645531924,288.43759645531924,100.0,0.0
2023,7,rural,18.0,hombre,calidad_o_falta_de_personal,1,0.0,320.1144809922688,0.0,
2023,7,rural,18.0,hombre,desconocimiento,1,0.0,320.1144809922688,0.0,
2023,7,rural,18.0,hombre,distancia,1,0.0,320.1144809922688,0.0,
2023,7,rural,18.0,hombre,falta_de_dinero,1,0.0,320.1144809922688,0.0,
2023,7,rural,18.0,hombre,horarios,1,0.0,320.1144809922688,0.0,
2023,7,rural,18.0,hombre,idioma,1,0.0,320.1144809922688,0.0,
2023,7,rural,18.0,hombre,otra_razon,1,320.1144809922688,320.1144809922688,100.0,0.0
2023,7,rural,18.0,hombre,tiempo_de_espera,1,0.0,320.1144809922688,0.0,
2023,7,rural,22.0,hombre,calidad_o_falta_de_personal,1,0.0,255.34929034513732,0.0,
2023,7,rural,22.0,hombre,desconocimiento,1,0.0,255.34929034513732,0.0,
2023,7,rural,22.0,hombre,distancia,1,255.34929034513732,255.34929034513732,100.0,0.0
2023,7,rural,22.0,hombre,falta_de_dinero,1,0.0,255.34929034513732,0.0,
2023,7,rural,22.0,hombre,horarios,1,0.0,255.34929034513732,0.0,
2023,7,rural,22.0,hombre,idioma,1,0.0,255.34929034513732,0.0,
2023,7,rural,22.0,hombre,otra_razon,1,0.0,255.34929034513732,0.0,
2023,7,rural,22.0,hombre,tiempo_de_espera,1,0.0,255.34929034513732,0.0,
2023,7,urbana,16.0,mujer,calidad_o_falta_de_personal,1,0.0,310.3509112182173,0.0,
2023,7,urbana,16.0,mujer,desconocimiento,1,0.0,310.3509112182173,0.0,
2023,7,urbana,16.0,mujer,distancia,1,0.0,310.3509112182173,0.0,
2023,7,urbana,16.0,mujer,falta_de_dinero,1,0.0,310.3509112182173,0.0,
2023,7,urbana,16.0,mujer,horarios,1,0.0,310.3509112182173,0.0,
2023,7,urbana,16.0,mujer,idioma,1,0.0,310.3509112182173,0.0,
2023,7,urbana,16.0,mujer,otra_razon,1,310.3509112182173,310.3509112182173,100.0,0.0
2023,7,urbana,16.0,mujer,tiempo_de_espera,1,0.0,310.3509112182173,0.0,
2023,7,urbana,17.0,hombre,calidad_o_falta_de_personal,1,0.0,296.228481472926,0.0,
2023,7,urbana,17.0,hombre,desconocimiento,1,0.0,296.228481472926,0.0,
2023,7,urbana,17.0,hombre,distancia,1,0.0,296.228481472926,0.0,
2023,7,urbana,17.0,hombre,falta_de_dinero,1,0.0,296.228481472926,0.0,
2023,7,urbana,17.0,hombre,horarios,1,296.228481472926,296.228481472926,100.0,0.0
2023,7,urbana,17.0,hombre,idioma,1,0.0,296.228481472926,0.0,
2023,7,urbana,17.0,hombre,otra_razon,1,0.0,296.228481472926,0.0,
2023,7,urbana,17.0,hombre,tiempo_de_espera,1,0.0,296.228481472926,0.0,
2023,7,urbana,17.0,mujer,calidad_o_falta_de_personal,1,0.0,348.57920449184826,0.0,
2023,7,urbana,17.0,mujer,desconocimiento,1,0.0,348.57920449184826,0.0,
2023,7,urbana,17.0,mujer,distancia,1,0.0,348.57920449184826,0.0,
2023,7,urbana,17.0,mujer,falta_de_dinero,1,0.0,348.57920449184826,0.0,
2023,7,urbana,17.0,mujer,horarios,1,0.0,348.57920449184826,0.0,
2023,7,urbana,17.0,mujer,idioma,1,0.0,348.57920449184826,0.0,
2023,7,urbana,17.0,mujer,otra_razon,1,348.57920449184826,348.57920449184826,100.0,0.0
2023,7,urbana,17.0,mujer,tiempo_de_espera,1,0.0,348.57920449184826,0.0,
2023,7,urbana,19.0,hombre,calidad_o_falta_de_personal,3,0.0,847.613168873635,0.0,
2023,7,urbana,19.0,hombre,desconocimiento,3,0.0,847.613168873635,0.0,
2023,7,urbana,19.0,hombre,distancia,3,0.0,847.613168873635,0.0,
2023,7,urbana,19.0,hombre,falta_de_dinero,3,551.384687400709,847.613168873635,65.05145361691652,0.4285688724998565
2023,7,urbana,19.0,hombre,horarios,3,0.0,847.613168873635,0.0,
2023,7,urbana,19.0,hombre,idioma,3,0.0,847.613168873635,0.0,
2023,7,urbana,19.0,hombre,otra_razon,3,595.8776371318944,847.613168873635,70.3006582500053,0.3637431627074623
2023,7,urbana,19.0,hombre,tiempo_de_espera,3,299.6491556589684,847.613168873635,35.35211186692182,0.7926412325094189
2023,7,urbana,19.0,mujer,calidad_o_falta_de_personal,1,0.0,496.716339015733,0.0,
2023,7,urbana,19.0,mujer,desconocimiento,1,496.716339015733,496.716339015733,100.0,0.0
2023,7,urbana,19.0,mujer,distancia,1,0.0,496.716339015733,0.0,
2023,7,urbana,19.0,mujer,falta_de_dinero,1,0.0,496.716339015733,0.0,
2023,7,urbana,19.0,mujer,horarios,1,0.0,496.716339015733,0.0,
2023,7,urbana,19.0,mujer,idioma,1,0.0,496.716339015733,0.0,
2023,7,urbana,19.0,mujer,otra_razon,1,0.0,496.716339015733,0.0,
2023,7,urbana,19.0,mujer,tiempo_de_espera,1,0.0,496.716339015733,0.0,
2023,7,urbana,20.0,hombre,calidad_o_falta_de_personal,2,0.0,975.6928087809042,0.0,
2023,7,urbana,20.0,hombre,desconocimiento,2,0.0,975.6928087809042,0.0,
2023,7,urbana,20.0,hombre,distancia,2,0.0,975.6928087809042,0.0,
2023,7,urbana,20.0,hombre,falta_de_dinero,2,0.0,975.6928087809042,0.0,
2023,7,urbana,20.0,hombre,horarios,2,0.0,975.6928087809042,0.0,
2023,7,urbana,20.0,hombre,idioma,2,0.0,975.6928087809042,0.0,
2023,7,urbana,20.0,hombre,otra_razon,2,975.6928087809042,975.6928087809042,100.0,0.0
2023,7,urbana,20.0,hombre,tiempo_de_espera,2,0.0,975.6928087809042,0.0,
2023,7,urbana,22.0,hombre,calidad_o_falta_de_personal,1,0.0,153.1635898524788,0.0,
2023,7,urbana,22.0,hombre,desconocimiento,1,0.0,153.1635898524788,0.0,
2023,7,urbana,22.0,hombre,distancia,1,0.0,153.1635898524788,0.0,
2023,7,urbana,22.0,hombre,falta_de_dinero,1,0.0,153.1635898524788,0.0,
2023,7,urbana,22.0,hombre,horarios,1,0.0,153.1635898524788,0.0,
2023,7,urbana,22.0,hombre,idioma,1,0.0,153.1635898524788,0.0,
2023,7,urbana,22.0,hombre,otra_razon,1,153.1635898524788,153.1635898524788,100.0,0.0
2023,7,urbana,22.0,hombre,tiempo_de_espera,1,0.0,153.1635898524788,0.0,
2023,7,urbana,22.0,mujer,calidad_o_falta_de_personal,1,0.0,467.68746206026805,0.0,
2023,7,urbana,22.0,mujer,desconocimiento,1,0.0,467.68746206026805,0.0,
2023,7,urbana,22.0,mujer,distancia,1,0.0,467.68746206026805,0.0,
2023,7,urbana,22.0,mujer,falta_de_dinero,1,0.0,467.68746206026805,0.0,
2023,7,urbana,22.0,mujer,horarios,1,0.0,467.68746206026805,0.0,
2023,7,urbana,22.0,mujer,idioma,1,0.0,467.68746206026805,0.0,
2023,7,urbana,22.0,mujer,otra_razon,1,467.68746206026805,467.68746206026805,100.0,0.0
2023,7,urbana,22.0,mujer,tiempo_de_espera,1,0.0,467.68746206026805,0.0,
2023,7,urbana,23.0,hombre,calidad_o_falta_de_personal,4,0.0,2226.8379254927213,0.0,
2023,7,urbana,23.0,hombre,desconocimiento,4,0.0,2226.8379254927213,0.0,
2023,7,urbana,23.0,hombre,distancia,4,0.0,2226.8379254927213,0.0,
2023,7,urbana,23.0,hombre,falta_de_dinero,4,0.0,2226.8379254927213,0.0,
2023,7,urbana,23.0,hombre,horarios,4,0.0,2226.8379254927213,0.0,
2023,7,urbana,23.0,hombre,idioma,4,0.0,2226.8379254927213,0.0,
2023,7,urbana,23.0,hombre,otra_razon,4,1382.3721231810832,2226.8379254927213,62.077805814054145,0.4694478112061975
2023,7,urbana,23.0,hombre,tiempo_de_espera,4,844.4658023116384,2226.8379254927213,37.92219418594588,0.7684758408491916
2023,7,urbana,23.0,mujer,calidad_o_falta_de_personal,1,0.0,300.8570514959404,0.0,
2023,7,urbana,23.0,mujer,desconocimiento,1,0.0,300.8570514959404,0.0,
2023,7,urbana,23.0,mujer,distancia,1,0.0,300.8570514959404,0.0,
2023,7,urbana,23.0,mujer,falta_de_dinero,1,0.0,300.8570514959404,0.0,
2023,7,urbana,23.0,mujer,horarios,1,0.0,300.8570514959404,0.0,
2023,7,urbana,23.0,mujer,idioma,1,0.0,300.8570514959404,0.0,
2023,7,urbana,23.0,mujer,otra_razon,1,300.8570514959404,300.8570514959404,100.0,0.0
2023,7,urbana,23.0,mujer,tiempo_de_espera,1,0.0,300.8570514959404,0.0,
2023,7,urbana,24.0,mujer,calidad_o_falta_de_personal,1,0.0,678.7428234997593,0.0,
2023,7,urbana,24.0,mujer,desconocimiento,1,0.0,678.7428234997593,0.0,
2023,7,urbana,24.0,mujer,distancia,1,0.0,678.7428234997593,0.0,
2023,7,urbana,24.0,mujer,falta_de_dinero,1,0.0,678.7428234997593,0.0,
2023,7,urbana,24.0,mujer,horarios,1,0.0,678.7428234997593,0.0,
2023,7,urbana,24.0,mujer,idioma,1,0.0,678.7428234997593,0.0,
2023,7,urbana,24.0,mujer,otra_razon,1,678.7428234997593,678.7428234997593,100.0,0.0
2023,7,urbana,24.0,mujer,tiempo_de_espera,1,0.0,678.7428234997593,0.0,
2023,7,urbana,25.0,mujer,calidad_o_falta_de_personal,2,0.0,629.8176482724865,0.0,
2023,7,urbana,25.0,mujer,desconocimiento,2,0.0,629.8176482724865,0.0,
2023,7,urbana,25.0,mujer,distancia,2,0.0,629.8176482724865,0.0,
2023,7,urbana,25.0,mujer,falta_de_dinero,2,0.0,629.8176482724865,0.0,
2023,7,urbana,25.0,mujer,horarios,2,0.0,629.8176482724865,0.0,
2023,7,urbana,25.0,mujer,idioma,2,0.0,629.8176482724865,0.0,
2023,7,urbana,25.0,mujer,otra_razon,2,629.8176482724865,629.8176482724865,100.0,0.0
2023,7,urbana,25.0,mujer,tiempo_de_espera,2,304.11204429534683,629.8176482724865,48.28572923122896,0.7313502308943051
2023,7,urbana,26.0,hombre,calidad_o_falta_de_personal,2,0.0,581.159721185231,0.0,
2023,7,urbana,26.0,hombre,desconocimiento,2,0.0,581.159721185231,0.0,
2023,7,urbana,26.0,hombre,distancia,2,0.0,581.159721185231,0.0,
2023,7,urbana,26.0,hombre,falta_de_dinero,2,0.0,581.159721185231,0.0,
2023,7,urbana,26.0,hombre,horarios,2,0.0,581.159721185231,0.0,
2023,7,urbana,26.0,hombre,idioma,2,0.0,581.159721185231,0.0,
2023,7,urbana,26.0,hombre,otra_razon,2,255.45411720809128,581.159721185231,43.955922596822795,0.792582943542607
2023,7,urbana,26.0,hombre,tiempo_de_espera,2,325.7056039771397,581.159721185231,56.044077403177205,0.6216306188304878
2023,7,urbana,26.0,mujer,calidad_o_falta_de_personal,1,0.0,303.4731997698182,0.0,
2023,7,urbana,26.0,mujer,desconocimiento,1,0.0,303.4731997698182,0.0,
2023,7,urbana,26.0,mujer,distancia,1,0.0,303.4731997698182,0.0,
2023,7,urbana,26.0,mujer,falta_de_dinero,1,0.0,303.4731997698182,0.0,
2023,7,urbana,26.0,mujer,horarios,1,0.0,303.4731997698182,0.0,
2023,7,urbana,26.0,mujer,idioma,1,0.0,303.4731997698182,0.0,
2023,7,urbana,26.0,mujer,otra_razon,1,0.0,303.4731997698182,0.0,
2023,7,urbana,26.0,mujer,tiempo_de_espera,1,303.4731997698182,303.4731997698182,100.0,0.0
2023,7,urbana,27.0,hombre,calidad_o_falta_de_personal,2,0.0,468.0609931439901,0.0,
2023,7,urbana,27.0,hombre,desconocimiento,2,0.0,468.0609931439901,0.0,
2023,7,urbana,27.0,hombre,distancia,2,0.0,468.0609931439901,0.0,
2023,7,urbana,27.0,hombre,falta_de_dinero,2,0.0,468.0609931439901,0.0,
2023,7,urbana,27.0,hombre,horarios,2,0.0,468.0609931439901,0.0,
2023,7,urbana,27.0,hombre,idioma,2,0.0,468.0609931439901,0.0,
2023,7,urbana,27.0,hombre,otra_razon,2,468.0609931439901,468.0609931439901,100.0,0.0
2023,7,urbana,27.0,hombre,tiempo_de_espera,2,0.0,468.0609931439901,0.0,
2023,7,urbana,27.0,mujer,calidad_o_falta_de_personal,2,0.0,845.2955435075812,0.0,
2023,7,urbana,27.0,mujer,desconocimiento,2,0.0,845.2955435075812,0.0,
2023,7,urbana,27.0,mujer,distancia,2,0.0,845.2955435075812,0.0,
2023,7,urbana,27.0,mujer,falta_de_dinero,2,0.0,845.2955435075812,0.0,
2023,7,urbana,27.0,mujer,horarios,2,0.0,845.2955435075812,0.0,
2023,7,urbana,27.0,mujer,idioma,2,0.0,845.2955435075812,0.0,
2023,7,urbana,27.0,mujer,otra_razon,2,348.57920449184826,845.2955435075812,41.23755379632165,0.8310264837946134
2023,7,urbana,27.0,mujer,tiempo_de_espera,2,496.716339015733,845.2955435075812,58.762446203678365,0.5831870785784818
2023,7,urbana,28.0,hombre,calidad_o_falta_de_personal,3,762.0647932144741,1030.8506909502603,73.92581679428147,0.31752156130188375
2023,7,urbana,28.0,hombre,desconocimiento,3,0.0,1030.8506909502603,0.0,
2023,7,urbana,28.0,hombre,distancia,3,0.0,1030.8506909502603,0.0,
2023,7,urbana,28.0,hombre,falta_de_dinero,3,0.0,1030.8506909502603,0.0,
2023,7,urbana,28.0,hombre,horarios,3,0.0,1030.8506909502603,0.0,
2023,7,urbana,28.0,hombre,idioma,3,0.0,1030.8506909502603,0.0,
2023,7,urbana,28.0,hombre,otra_razon,3,682.271486458412,1030.8506909502603,66.18528681680172,0.4241008944754494
2023,7,urbana,28.0,hombre,tiempo_de_espera,3,762.0647932144741,1030.8506909502603,73.92581679428147,0.31752156130188375
2023,8,rural,21.0,hombre,calidad_o_falta_de_personal,1,0.0,116.05268406521925,0.0,
2023,8,rural,21.0,hombre,desconocimiento,1,0.0,116.05268406521925,0.0,
2023,8,rural,21.0,hombre,distancia,1,116.05268406521925,116.05268406521925,100.0,0.0
2023,8,rural,21.0,hombre,falta_de_dinero,1,0.0,116.05268406521925,0.0,
2023,8,rural,21.0,hombre,horarios,1,0.0,116.05268406521925,0.0,
2023,8,rural,21.0,hombre,idioma,1,0.0,116.05268406521925,0.0,
2023,8,rural,21.0,hombre,otra_razon,1,0.0,116.05268406521925,0.0,
2023,8,rural,21.0,hombre,tiempo_de_espera,1,116.05268406521925,116.05268406521925,100.0,0.0
2023,8,rural,22.0,hombre,calidad_o_falta_de_personal,1,0.0,202.6316705900653,0.0,
2023,8,rural,22.0,hombre,desconocimiento,1,0.0,202.6316705900653,0.0,
2023,8,rural,22.0,hombre,distancia,1,202.6316705900653,202.6316705900653,100.0,0.0
2023,8,rural,22.0,hombre,falta_de_dinero,1,0.0,202.6316705900653,0.0,
2023,8,rural,22.0,hombre,horarios,1,0.0,202.6316705900653,0.0,
2023,8,rural,22.0,hombre,idioma,1,0.0,202.6316705900653,0.0,
2023,8,rural,22.0,hombre,otra_razon,1,0.0,202.6316705900653,0.0,
2023,8,rural,22.0,hombre,tiempo_de_espera,1,0.0,202.6316705900653,0.0,
2023,8,rural,24.0,mujer,calidad_o_falta_de_personal,1,0.0,202.6316705900653,0.0,
2023,8,rural,24.0,mujer,desconocimiento,1,0.0,202.6316705900653,0.0,
2023,8,rural,24.0,mujer,distancia,1,0.0,202.6316705900653,0.0,
2023,8,rural,24.0,mujer,falta_de_dinero,1,0.0,202.6316705900653,0.0,
2023,8,rural,24.0,mujer,horarios,1,0.0,202.6316705900653,0.0,
2023,8,rural,24.0,mujer,idioma,1,0.0,202.6316705900653,0.0,
2023,8,rural,24.0,mujer,otra_razon,1,202.6316705900653,202.6316705900653,100.0,0.0
2023,8,rural,24.0,mujer,tiempo_de_espera,1,202.6316705900653,202.6316705900653,100.0,0.0
2023,8,rural,26.0,hombre,calidad_o_falta_de_personal,1,180.56250560334158,180.56250560334158,100.0,0.0
2023,8,rural,26.0,hombre,desconocimiento,1,0.0,180.56250560334158,0.0,
2023,8,rural,26.0,hombre,distancia,1,0.0,180.56250560334158,0.0,
2023,8,rural,26.0,hombre,falta_de_dinero,1,0.0,180.56250560334158,0.0,
2023,8,rural,26.0,hombre,horarios,1,0.0,180.56250560334158,0.0,
2023,8,rural,26.0,hombre,idioma,1,0.0,180.56250560334158,0.0,
2023,8,rural,26.0,hombre,otra_razon,1,0.0,180.56250560334158,0.0,
2023,8,rural,26.0,hombre,tiempo_de_espera,1,180.56250560334158,180.56250560334158,100.0,0.0
2023,8,urbana,16.0,hombre,calidad_o_falta_de_personal,1,0.0,65.87676130083989,0.0,
2023,8,urbana,16.0,hombre,desconocimiento,1,0.0,65.87676130083989,0.0,
2023,8,urbana,16.0,hombre,distancia,1,0.0,65.87676130083989,0.0,
2023,8,urbana,16.0,hombre,falta_de_dinero,1,0.0,65.87676130083989,0.0,
2023,8,urbana,16.0,hombre,horarios,1,0.0,65.87676130083989,0.0,
2023,8,urbana,16.0,hombre,idioma,1,0.0,65.87676130083989,0.0,
2023,8,urbana,16.0,hombre,otra_razon,1,0.0,65.87676130083989,0.0,
2023,8,urbana,16.0,hombre,tiempo_de_espera,1,65.87676130083989,65.87676130083989,100.0,0.0
2023,8,urbana,16.0,mujer,calidad_o_falta_de_personal,1,0.0,124.42433489502773,0.0,
2023,8,urbana,16.0,mujer,desconocimiento,1,0.0,124.42433489502773,0.0,
2023,8,urbana,16.0,mujer,distancia,1,0.0,124.42433489502773,0.0,
2023,8,urbana,16.0,mujer,falta_de_dinero,1,0.0,124.42433489502773,0.0,
2023,8,urbana,16.0,mujer,horarios,1,0.0,124.42433489502773,0.0,
2023,8,urbana,16.0,mujer,idioma,1,0.0,124.42433489502773,0.0,
2023,8,urbana,16.0,mujer,otra_razon,1,0.0,124.42433489502773,0.0,
2023,8,urbana,16.0,mujer,tiempo_de_espera,1,124.42433489502773,124.42433489502773,100.0,0.0
2023,8,urbana,17.0,hombre,calidad_o_falta_de_personal,1,0.0,83.82270982401867,0.0,
2023,8,urbana,17.0,hombre,desconocimiento,1,0.0,83.82270982401867,0.0,
2023,8,urbana,17.0,hombre,distancia,1,0.0,83.82270982401867,0.0,
2023,8,urbana,17.0,hombre,falta_de_dinero,1,0.0,83.82270982401867,0.0,
2023,8,urbana,17.0,hombre,horarios,1,0.0,83.82270982401867,0.0,
2023,8,urbana,17.0,hombre,idioma,1,0.0,83.82270982401867,0.0,
2023,8,urbana,17.0,hombre,otra_razon,1,83.82270982401867,83.82270982401867,100.0,0.0
2023,8,urbana,17.0,hombre,tiempo_de_espera,1,83.82270982401867,83.82270982401867,100.0,0.0
2023,8,urbana,18.0,hombre,calidad_o_falta_de_personal,1,0.0,155.31215915039496,0.0,
2023,8,urbana,18.0,hombre,desconocimiento,1,0.0,155.31215915039496,0.0,
2023,8,urbana,18.0,hombre,distancia,1,0.0,155.31215915039496,0.0,
2023,8,urbana,18.0,hombre,falta_de_dinero,1,0.0,155.31215915039496,0.0,
2023,8,urbana,18.0,hombre,horarios,1,0.0,155.31215915039496,0.0,
2023,8,urbana,18.0,hombre,idioma,1,0.0,155.31215915039496,0.0,
2023,8,urbana,18.0,hombre,otra_razon,1,0.0,155.31215915039496,0.0,
2023,8,urbana,18.0,hombre,tiempo_de_espera,1,155.31215915039496,155.31215915039496,100.0,0.0
2023,8,urbana,18.0,mujer,calidad_o_falta_de_personal,1,79.8748247059174,79.8748247059174,100.0,0.0
2023,8,urbana,18.0,mujer,desconocimiento,1,0.0,79.8748247059174,0.0,
2023,8,urbana,18.0,mujer,distancia,1,0.0,79.8748247059174,0.0,
2023,8,urbana,18.0,mujer,falta_de_dinero,1,0.0,79.8748247059174,0.0,
2023,8,urbana,18.0,mujer,horarios,1,79.8748247059174,79.8748247059174,100.0,0.0
2023,8,urbana,18.0,mujer,idioma,1,0.0,79.8748247059174,0.0,
2023,8,urbana,18.0,mujer,otra_razon,1,79.8748247059174,79.8748247059174,100.0,0.0
2023,8,urbana,18.0,mujer,tiempo_de_espera,1,79.8748247059174,79.8748247059174,100.0,0.0
2023,8,urbana,20.0,hombre,calidad_o_falta_de_personal,2,79.8748247059174,265.8267975662542,30.047694753577108,1.0149747219345153
2023,8,urbana,20.0,hombre,desconocimiento,2,0.0,265.8267975662542,0.0,
2023,8,urbana,20.0,hombre,distancia,2,0.0,265.8267975662542,0.0,
2023,8,urbana,20.0,hombre,falta_de_dinero,2,0.0,265.8267975662542,0.0,
2023,8,urbana,20.0,hombre,horarios,2,0.0,265.8267975662542,0.0,
2023,8,urbana,20.0,hombre,idioma,2,0.0,265.8267975662542,0.0,
2023,8,urbana,20.0,hombre,otra_razon,2,185.9519728603368,265.8267975662542,69.9523052464229,0.43597777828550777
2023,8,urbana,20.0,hombre,tiempo_de_espera,2,79.8748247059174,265.8267975662542,30.047694753577108,1.0149747219345153
2023,8,urbana,20.0,mujer,calidad_o_falta_de_personal,1,0.0,155.31215915039496,0.0,
2023,8,urbana,20.0,mujer,desconocimiento,1,0.0,155.31215915039496,0.0,
2023,8,urbana,20.0,mujer,distancia,1,0.0,155.31215915039496,0.0,
2023,8,urbana,20.0,mujer,falta_de_dinero,1,0.0,155.31215915039496,0.0,
2023,8,urbana,20.0,mujer,horarios,1,0.0,155.31215915039496,0.0,
2023,8,urbana,20.0,mujer,idioma,1,0.0,155.31215915039496,0.0,
2023,8,urbana,20.0,mujer,otra_razon,1,0.0,155.31215915039496,0.0,
2023,8,urbana,20.0,mujer,tiempo_de_espera,1,155.31215915039496,155.31215915039496,100.0,0.0
2023,8,urbana,24.0,hombre,calidad_o_falta_de_personal,1,79.8748247059174,79.8748247059174,100.0,0.0
2023,8,urbana,24.0,hombre,desconocimiento,1,0.0,79.8748247059174,0.0,
2023,8,urbana,24.0,hombre,distancia,1,0.0,79.8748247059174,0.0,
2023,8,urbana,24.0,hombre,falta_de_dinero,1,0.0,79.8748247059174,0.0,
2023,8,urbana,24.0,hombre,horarios,1,0.0,79.8748247059174,0.0,
2023,8,urbana,24.0,hombre,idioma,1,0.0,79.8748247059174,0.0,
2023,8,urbana,24.0,hombre,otra_razon,1,0.0,79.8748247059174,0.0,
2023,8,urbana,24.0,hombre,tiempo_de_espera,1,79.8748247059174,79.8748247059174,100.0,0.0
2023,8,urbana,26.0,hombre,calidad_o_falta_de_personal,1,0.0,118.33307363839614,0.0,
2023,8,urbana,26.0,hombre,desconocimiento,1,0.0,118.33307363839614,0.0,
2023,8,urbana,26.0,hombre,distancia,1,0.0,118.33307363839614,0.0,
2023,8,urbana,26.0,hombre,falta_de_dinero,1,0.0,118.33307363839614,0.0,
2023,8,urbana,26.0,hombre,horarios,1,0.0,118.33307363839614,0.0,
2023,8,urbana,26.0,hombre,idioma,1,0.0,118.33307363839614,0.0,
2023,8,urbana,26.0,hombre,otra_razon,1,0.0,118.33307363839614,0.0,
2023,8,urbana,26.0,hombre,tiempo_de_espera,1,118.33307363839614,118.33307363839614,100.0,0.0
2023,8,urbana,26.0,mujer,calidad_o_falta_de_personal,1,0.0,65.87676130083989,0.0,
2023,8,urbana,26.0,mujer,desconocimiento,1,0.0,65.87676130083989,0.0,
2023,8,urbana,26.0,mujer,distancia,1,0.0,65.87676130083989,0.0,
2023,8,urbana,26.0,mujer,falta_de_dinero,1,0.0,65.87676130083989,0.0,
2023,8,urbana,26.0,mujer,horarios,1,0.0,65.87676130083989,0.0,
2023,8,urbana,26.0,mujer,idioma,1,0.0,65.87676130083989,0.0,
2023,8,urbana,26.0,mujer,otra_razon,1,0.0,65.87676130083989,0.0,
2023,8,urbana,26.0,mujer,tiempo_de_espera,1,65.87676130083989,65.87676130083989,100.0,0.0
2023,8,urbana,28.0,hombre,calidad_o_falta_de_personal,1,0.0,94.08822296710748,0.0,
2023,8,urbana,28.0,hombre,desconocimiento,1,0.0,94.08822296710748,0.0,
2023,8,urbana,28.0,hombre,distancia,1,0.0,94.08822296710748,0.0,
2023,8,urbana,28.0,hombre,falta_de_dinero,1,94.08822296710748,94.08822296710748,100.0,0.0
2023,8,urbana,28.0,hombre,horarios,1,0.0,94.08822296710748,0.0,
2023,8,urbana,28.0,hombre,idioma,1,0.0,94.08822296710748,0.0,
2023,8,urbana,28.0,hombre,otra_razon,1,0.0,94.08822296710748,0.0,
2023,8,urbana,28.0,hombre,tiempo_de_espera,1,0.0,94.08822296710748,0.0,
2023,9,rural,16.0,mujer,calidad_o_falta_de_personal,1,0.0,106.64927294939562,0.0,
2023,9,rural,16.0,mujer,desconocimiento,1,0.0,106.64927294939562,0.0,
2023,9,rural,16.0,mujer,distancia,1,106.64927294939562,106.64927294939562,100.0,0.0
2023,9,rural,16.0,mujer,falta_de_dinero,1,0.0,106.64927294939562,0.0,
2023,9,rural,16.0,mujer,horarios,1,0.0,106.64927294939562,0.0,
2023,9,rural,16.0,mujer,idioma,1,0.0,106.64927294939562,0.0,
2023,9,rural,16.0,mujer,otra_razon,1,0.0,106.64927294939562,0.0,
2023,9,rural,16.0,mujer,tiempo_de_espera,1,0.0,106.64927294939562,0.0,
2023,9,rural,19.0,hombre,calidad_o_falta_de_personal,1,0.0,33.786106548000504,0.0,
2023,9,rural,19.0,hombre,desconocimiento,1,0.0,33.786106548000504,0.0,
2023,9,rural,19.0,hombre,distancia,1,0.0,33.786106548000504,0.0,
2023,9,rural,19.0,hombre,falta_de_dinero,1,0.0,33.786106548000504,0.0,
2023,9,rural,19.0,hombre,horarios,1,0.0,33.786106548000504,0.0,
2023,9,rural,19.0,hombre,idioma,1,0.0,33.786106548000504,0.0,
2023,9,rural,19.0,hombre,otra_razon,1,33.786106548000504,33.786106548000504,100.0,0.0
2023,9,rural,19.0,hombre,tiempo_de_espera,1,0.0,33.786106548000504,0.0,
2023,9,rural,21.0,mujer,calidad_o_falta_de_personal,1,0.0,32.84767820158653,0.0,
2023,9,rural,21.0,mujer,desconocimiento,1,0.0,32.84767820158653,0.0,
2023,9,rural,21.0,mujer,distancia,1,0.0,32.84767820158653,0.0,
2023,9,rural,21.0,mujer,falta_de_dinero,1,0.0,32.84767820158653,0.0,
2023,9,rural,21.0,mujer,horarios,1,0.0,32.84767820158653,0.0,
2023,9,rural,21.0,mujer,idioma,1,0.0,32.84767820158653,0.0,
2023,9,rural,21.0,mujer,otra_razon,1,32.84767820158653,32.84767820158653,100.0,0.0
2023,9,rural,21.0,mujer,tiempo_de_espera,1,0.0,32.84767820158653,0.0,
2023,9,rural,22.0,hombre,calidad_o_falta_de_personal,1,0.0,106.64927294939562,0.0,
2023,9,rural,22.0,hombre,desconocimiento,1,0.0,106.64927294939562,0.0,
2023,9,rural,22.0,hombre,distancia,1,0.0,106.64927294939562,0.0,
2023,9,rural,22.0,hombre,falta_de_dinero,1,106.64927294939562,106.64927294939562,100.0,0.0
2023,9,rural,22.0,hombre,horarios,1,0.0,106.64927294939562,0.0,
2023,9,rural,22.0,hombre,idioma,1,0.0,106.64927294939562,0.0,
2023,9,rural,22.0,hombre,otra_razon,1,0.0,106.64927294939562,0.0,
2023,9,rural,22.0,hombre,tiempo_de_espera,1,0.0,106.64927294939562,0.0,
2023,9,rural,24.0,hombre,calidad_o_falta_de_personal,1,0.0,41.49180404410931,0.0,
2023,9,rural,24.0,hombre,desconocimiento,1,0.0,41.49180404410931,0.0,
2023,9,rural,24.0,hombre,distancia,1,41.49180404410931,41.49180404410931,100.0,0.0
2023,9,rural,24.0,hombre,falta_de_dinero,1,0.0,41.49180404410931,0.0,
2023,9,rural,24.0,hombre,horarios,1,0.0,41.49180404410931,0.0,
2023,9,rural,24.0,hombre,idioma,1,0.0,41.49180404410931,0.0,
2023,9,rural,24.0,hombre,otra_razon,1,0.0,41.49180404410931,0.0,
2023,9,rural,24.0,hombre,tiempo_de_espera,1,0.0,41.49180404410931,0.0,
2023,9,rural,26.0,hombre,calidad_o_falta_de_personal,1,0.0,32.84767820158653,0.0,
2023,9,rural,26.0,hombre,desconocimiento,1,0.0,32.84767820158653,0.0,
2023,9,rural,26.0,hombre,distancia,1,0.0,32.84767820158653,0.0,
2023,9,rural,26.0,hombre,falta_de_dinero,1,0.0,32.84767820158653,0.0,
2023,9,rural,26.0,hombre,horarios,1,0.0,32.84767820158653,0.0,
2023,9,rural,26.0,hombre,idioma,1,0.0,32.84767820158653,0.0,
2023,9,rural,26.0,hombre,otra_razon,1,32.84767820158653,32.84767820158653,100.0,0.0
2023,9,rural,26.0,hombre,tiempo_de_espera,1,0.0,32.84767820158653,0.0,
2023,9,rural,26.0,mujer,calidad_o_falta_de_personal,1,0.0,7.34271917875579,0.0,
2023,9,rural,26.0,mujer,desconocimiento,1,0.0,7.34271917875579,0.0,
2023,9,rural,26.0,mujer,distancia,1,0.0,7.34271917875579,0.0,
2023,9,rural,26.0,mujer,falta_de_dinero,1,0.0,7.34271917875579,0.0,
2023,9,rural,26.0,mujer,horarios,1,0.0,7.34271917875579,0.0,
2023,9,rural,26.0,mujer,idioma,1,0.0,7.34271917875579,0.0,
2023,9,rural,26.0,mujer,otra_razon,1,7.34271917875579,7.34271917875579,100.0,0.0
2023,9,rural,26.0,mujer,tiempo_de_espera,1,0.0,7.34271917875579,0.0,
2023,9,urbana,16.0,hombre,calidad_o_falta_de_personal,1,0.0,41.52654739105772,0.0,
2023,9,urbana,16.0,hombre,desconocimiento,1,0.0,41.52654739105772,0.0,
2023,9,urbana,16.0,hombre,distancia,1,0.0,41.52654739105772,0.0,
2023,9,urbana,16.0,hombre,falta_de_dinero,1,0.0,41.52654739105772,0.0,
2023,9,urbana,16.0,hombre,horarios,1,0.0,41.52654739105772,0.0,
2023,9,urbana,16.0,hombre,idioma,1,0.0,41.52654739105772,0.0,
2023,9,urbana,16.0,hombre,otra_razon,1,41.52654739105772,41.52654739105772,100.0,0.0
2023,9,urbana,16.0,hombre,tiempo_de_espera,1,0.0,41.52654739105772,0.0,
2023,9,urbana,18.0,mujer,calidad_o_falta_de_personal,1,0.0,33.55156181905683,0.0,
2023,9,urbana,18.0,mujer,desconocimiento,1,0.0,33.55156181905683,0.0,
2023,9,urbana,18.0,mujer,distancia,1,0.0,33.55156181905683,0.0,
2023,9,urbana,18.0,mujer,falta_de_dinero,1,0.0,33.55156181905683,0.0,
2023,9,urbana,18.0,mujer,horarios,1,0.0,33.55156181905683,0.0,
2023,9,urbana,18.0,mujer,idioma,1,0.0,33.55156181905683,0.0,
2023,9,urbana,18.0,mujer,otra_razon,1,33.55156181905683,33.55156181905683,100.0,0.0
2023,9,urbana,18.0,mujer,tiempo_de_espera,1,0.0,33.55156181905683,0.0,
2023,9,urbana,19.0,mujer,calidad_o_falta_de_personal,1,0.0,134.94703809247696,0.0,
2023,9,urbana,19.0,mujer,desconocimiento,1,0.0,134.94703809247696,0.0,
2023,9,urbana,19.0,mujer,distancia,1,0.0,134.94703809247696,0.0,
2023,9,urbana,19.0,mujer,falta_de_dinero,1,0.0,134.94703809247696,0.0,
2023,9,urbana,19.0,mujer,horarios,1,0.0,134.94703809247696,0.0,
2023,9,urbana,19.0,mujer,idioma,1,0.0,134.94703809247696,0.0,
2023,9,urbana,19.0,mujer,otra_razon,1,0.0,134.94703809247696,0.0,
2023,9,urbana,19.0,mujer,tiempo_de_espera,1,134.94703809247696,134.94703809247696,100.0,0.0
2023,9,urbana,21.0,hombre,calidad_o_falta_de_personal,1,0.0,41.52654739105772,0.0,
2023,9,urbana,21.0,hombre,desconocimiento,1,0.0,41.52654739105772,0.0,
2023,9,urbana,21.0,hombre,distancia,1,0.0,41.52654739105772,0.0,
2023,9,urbana,21.0,hombre,falta_de_dinero,1,0.0,41.52654739105772,0.0,
2023,9,urbana,21.0,hombre,horarios,1,0.0,41.52654739105772,0.0,
2023,9,urbana,21.0,hombre,idioma,1,0.0,41.52654739105772,0.0,
2023,9,urbana,21.0,hombre,otra_razon,1,41.52654739105772,41.52654739105772,100.0,0.0
2023,9,urbana,21.0,hombre,tiempo_de_espera,1,0.0,41.52654739105772,0.0,
2023,9,urbana,21.0,mujer,calidad_o_falta_de_personal,1,0.0,134.94703809247696,0.0,
2023,9,urbana,21.0,mujer,desconocimiento,1,0.0,134.94703809247696,0.0,
2023,9,urbana,21.0,mujer,distancia,1,0.0,134.94703809247696,0.0,
2023,9,urbana,21.0,mujer,falta_de_dinero,1,0.0,134.94703809247696,0.0,
2023,9,urbana,21.0,mujer,horarios,1,0.0,134.94703809247696,0.0,
2023,9,urbana,21.0,mujer,idioma,1,0.0,134.94703809247696,0.0,
2023,9,urbana,21.0,mujer,otra_razon,1,0.0,134.94703809247696,0.0,
2023,9,urbana,21.0,mujer,tiempo_de_espera,1,134.94703809247696,134.94703809247696,100.0,0.0
2023,9,urbana,22.0,hombre,calidad_o_falta_de_personal,1,0.0,222.85913766534307,0.0,
2023,9,urbana,22.0,hombre,desconocimiento,1,0.0,222.85913766534307,0.0,
2023,9,urbana,22.0,hombre,distancia,1,0.0,222.85913766534307,0.0,
2023,9,urbana,22.0,hombre,falta_de_dinero,1,0.0,222.85913766534307,0.0,
2023,9,urbana,22.0,hombre,horarios,1,0.0,222.85913766534307,0.0,
2023,9,urbana,22.0,hombre,idioma,1,0.0,222.85913766534307,0.0,
2023,9,urbana,22.0,hombre,otra_razon,1,222.85913766534307,222.85913766534307,100.0,0.0
2023,9,urbana,22.0,hombre,tiempo_de_espera,1,0.0,222.85913766534307,0.0,
2023,9,urbana,22.0,mujer,calidad_o_falta_de_personal,1,0.0,83.78179900720676,0.0,
2023,9,urbana,22.0,mujer,desconocimiento,1,0.0,83.78179900720676,0.0,
2023,9,urbana,22.0,mujer,distancia,1,0.0,83.78179900720676,0.0,
2023,9,urbana,22.0,mujer,falta_de_dinero,1,0.0,83.78179900720676,0.0,
2023,9,urbana,22.0,mujer,horarios,1,0.0,83.78179900720676,0.0,
2023,9,urbana,22.0,mujer,idioma,1,0.0,83.78179900720676,0.0,
2023,9,urbana,22.0,mujer,otra_razon,1,0.0,83.78179900720676,0.0,
2023,9,urbana,22.0,mujer,tiempo_de_espera,1,83.78179900720676,83.78179900720676,100.0,0.0
2023,9,urbana,23.0,hombre,calidad_o_falta_de_personal,1,0.0,22.980406464314598,0.0,
2023,9,urbana,23.0,hombre,desconocimiento,1,0.0,22.980406464314598,0.0,
2023,9,urbana,23.0,hombre,distancia,1,0.0,22.980406464314598,0.0,
2023,9,urbana,23.0,hombre,falta_de_dinero,1,0.0,22.980406464314598,0.0,
2023,9,urbana,23.0,hombre,horarios,1,0.0,22.980406464314598,0.0,
2023,9,urbana,23.0,hombre,idioma,1,0.0,22.980406464314598,0.0,
2023,9,urbana,23.0,hombre,otra_razon,1,22.980406464314598,22.980406464314598,100.0,0.0
2023,9,urbana,23.0,hombre,tiempo_de_espera,1,0.0,22.980406464314598,0.0,
2023,9,urbana,24.0,hombre,calidad_o_falta_de_personal,1,0.0,34.245311593880565,0.0,
2023,9,urbana,24.0,hombre,desconocimiento,1,0.0,34.245311593880565,0.0,
2023,9,urbana,24.0,hombre,distancia,1,0.0,34.245311593880565,0.0,
2023,9,urbana,24.0,hombre,falta_de_dinero,1,0.0,34.245311593880565,0.0,
2023,9,urbana,24.0,hombre,horarios,1,0.0,34.245311593880565,0.0,
2023,9,urbana,24.0,hombre,idioma,1,0.0,34.245311593880565,0.0,
2023,9,urbana,24.0,hombre,otra_razon,1,0.0,34.245311593880565,0.0,
2023,9,urbana,24.0,hombre,tiempo_de_espera,1,34.245311593880565,34.245311593880565,100.0,0.0
2023,9,urbana,25.0,hombre,calidad_o_falta_de_personal,1,0.0,92.85797402722626,0.0,
2023,9,urbana,25.0,hombre,desconocimiento,1,0.0,92.85797402722626,0.0,
2023,9,urbana,25.0,hombre,distancia,1,0.0,92.85797402722626,0.0,
2023,9,urbana,25.0,hombre,falta_de_dinero,1,0.0,92.85797402722626,0.0,
2023,9,urbana,25.0,hombre,horarios,1,0.0,92.85797402722626,0.0,
2023,9,urbana,25.0,hombre,idioma,1,0.0,92.85797402722626,0.0,
2023,9,urbana,25.0,hombre,otra_razon,1,0.0,92.85797402722626,0.0,
2023,9,urbana,25.0,hombre,tiempo_de_espera,1,92.85797402722626,92.85797402722626,100.0,0.0
2023,9,urbana,26.0,mujer,calidad_o_falta_de_personal,2,0.0,82.84433346614532,0.0,
2023,9,urbana,26.0,mujer,desconocimiento,2,0.0,82.84433346614532,0.0,
2023,9,urbana,26.0,mujer,distancia,2,0.0,82.84433346614532,0.0,
2023,9,urbana,26.0,mujer,falta_de_dinero,2,0.0,82.84433346614532,0.0,
2023,9,urbana,26.0,mujer,horarios,2,0.0,82.84433346614532,0.0,
2023,9,urbana,26.0,mujer,idioma,2,0.0,82.84433346614532,0.0,
2023,9,urbana,26.0,mujer,otra_razon,2,54.00617633445641,82.84433346614532,65.18994610117332,0.4922885033065914
2023,9,urbana,26.0,mujer,tiempo_de_espera,2,28.8381571316889,82.84433346614532,34.81005389882669,0.9219250590665037
