gestion,codigo_departamento,area,edad,sexo,razon,observaciones,numerador,denominador,valor,cv
2023,1,rural,17,mujer,dependencia_economica,1,0.0,0.6166919950786207,0.0,
2023,1,rural,17,mujer,desconfianza_justicia,1,0.0,0.6166919950786207,0.0,
2023,1,rural,17,mujer,desconocimiento,1,0.0,0.6166919950786207,0.0,
2023,1,rural,17,mujer,miedo,1,0.0,0.6166919950786207,0.0,
2023,1,rural,17,mujer,otra_razon,1,0.0,0.6166919950786207,0.0,
2023,1,rural,17,mujer,verguenza,1,0.6166919950786207,0.6166919950786207,100.0,0.0
2023,1,rural,19,mujer,dependencia_economica,1,0.0,0.25785893800651133,0.0,
2023,1,rural,19,mujer,desconfianza_justicia,1,0.0,0.25785893800651133,0.0,
2023,1,rural,19,mujer,desconocimiento,1,0.0,0.25785893800651133,0.0,
2023,1,rural,19,mujer,miedo,1,0.0,0.25785893800651133,0.0,
2023,1,rural,19,mujer,otra_razon,1,0.25785893800651133,0.25785893800651133,100.0,0.0
2023,1,rural,19,mujer,verguenza,1,0.25785893800651133,0.25785893800651133,100.0,0.0
2023,1,rural,21,mujer,dependencia_economica,1,0.0,0.6803721467443478,0.0,
2023,1,rural,21,mujer,desconfianza_justicia,1,0.0,0.6803721467443478,0.0,
2023,1,rural,21,mujer,desconocimiento,1,0.0,0.6803721467443478,0.0,
2023,1,rural,21,mujer,miedo,1,0.0,0.6803721467443478,0.0,
2023,1,rural,21,mujer,otra_razon,1,0.6803721467443478,0.6803721467443478,100.0,0.0
2023,1,rural,21,mujer,verguenza,1,0.0,0.6803721467443478,0.0,
2023,1,rural,23,mujer,dependencia_economica,1,0.0,0.4576717081500852,0.0,
2023,1,rural,23,mujer,desconfianza_justicia,1,0.0,0.4576717081500852,0.0,
2023,1,rural,23,mujer,desconocimiento,1,0.0,0.4576717081500852,0.0,
2023,1,rural,23,mujer,miedo,1,0.0,0.4576717081500852,0.0,
2023,1,rural,23,mujer,otra_razon,1,0.4576717081500852,0.4576717081500852,100.0,0.0
2023,1,rural,23,mujer,verguenza,1,0.0,0.4576717081500852,0.0,
2023,1,rural,25,mujer,dependencia_economica,2,0.0,1.1642652757012928,0.0,
2023,1,rural,25,mujer,desconfianza_justicia,2,0.0,1.1642652757012928,0.0,
2023,1,rural,25,mujer,desconocimiento,2,0.0,1.1642652757012928,0.0,
2023,1,rural,25,mujer,miedo,2,0.6472049381785748,1.1642652757012928,55.58913004501764,0.6280645460712386
2023,1,rural,25,mujer,otra_razon,2,0.6472049381785748,1.1642652757012928,55.58913004501764,0.6280645460712386
2023,1,rural,25,mujer,verguenza,2,1.1642652757012928,1.1642652757012928,100.0,0.0
2023,1,rural,26,mujer,dependencia_economica,1,0.0,0.6166919950786207,0.0,
2023,1,rural,26,mujer,desconfianza_justicia,1,0.0,0.6166919950786207,0.0,
2023,1,rural,26,mujer,desconocimiento,1,0.6166919950786207,0.6166919950786207,100.0,0.0
2023,1,rural,26,mujer,miedo,1,0.0,0.6166919950786207,0.0,
2023,1,rural,26,mujer,otra_razon,1,0.6166919950786207,0.6166919950786207,100.0,0.0
2023,1,rural,26,mujer,verguenza,1,0.0,0.6166919950786207,0.0,
2023,1,rural,27,hombre,dependencia_economica,1,0.0,0.6221289386720871,0.0,
2023,1,rural,27,hombre,desconfianza_justicia,1,0.0,0.6221289386720871,0.0,
2023,1,rural,27,hombre,desconocimiento,1,0.0,0.6221289386720871,0.0,
2023,1,rural,27,hombre,miedo,1,0.0,0.6221289386720871,0.0,
2023,1,rural,27,hombre,otra_razon,1,0.6221289386720871,0.6221289386720871,100.0,0.0
2023,1,rural,27,hombre,verguenza,1,0.0,0.6221289386720871,0.0,
2023,1,rural,27,mujer,dependencia_economica,2,0.25785893800651133,0.7655800533017725,33.68151206322897,0.9378850507625808
2023,1,rural,27,mujer,desconfianza_justicia,2,0.0,0.7655800533017725,0.0,
2023,1,rural,27,mujer,desconocimiento,2,0.0,0.7655800533017725,0.0,
2023,1,rural,27,mujer,miedo,2,0.7655800533017725,0.7655800533017725,100.0,0.0
2023,1,rural,27,mujer,otra_razon,2,0.25785893800651133,0.7655800533017725,33.68151206322897,0.9378850507625808
2023,1,rural,27,mujer,verguenza,2,0.0,0.7655800533017725,0.0,
2023,1,rural,28,hombre,dependencia_economica,1,0.0,0.5404847154791846,0.0,
2023,1,rural,28,hombre,desconfianza_justicia,1,0.0,0.5404847154791846,0.0,
2023,1,rural,28,hombre,desconocimiento,1,0.0,0.5404847154791846,0.0,
2023,1,rural,28,hombre,miedo,1,0.0,0.5404847154791846,0.0,
2023,1,rural,28,hombre,otra_razon,1,0.5404847154791846,0.5404847154791846,100.0,0.0
2023,1,rural,28,hombre,verguenza,1,0.0,0.5404847154791846,0.0,
2023,1,rural,28,mujer,dependencia_economica,2,0.0,0.42410737177190455,0.0,
2023,1,rural,28,mujer,desconfianza_justicia,2,0.0,0.42410737177190455,0.0,
2023,1,rural,28,mujer,desconocimiento,2,0.3302626792201623,0.42410737177190455,77.87242127868168,0.31293121930166656
2023,1,rural,28,mujer,miedo,2,0.3302626792201623,0.42410737177190455,77.87242127868168,0.31293121930166656
2023,1,rural,28,mujer,otra_razon,2,0.09384469255174227,0.42410737177190455,22.127578721318304,1.1012823430714285
2023,1,rural,28,mujer,verguenza,2,0.09384469255174227,0.42410737177190455,22.127578721318304,1.1012823430714285
2023,1,urbana,19,mujer,dependencia_economica,1,0.0,0.5101416235605354,0.0,
2023,1,urbana,19,mujer,desconfianza_justicia,1,0.5101416235605354,0.5101416235605354,100.0,0.0
2023,1,urbana,19,mujer,desconocimiento,1,0.0,0.5101416235605354,0.0,
2023,1,urbana,19,mujer,miedo,1,0.0,0.5101416235605354,0.0,
2023,1,urbana,19,mujer,otra_razon,1,0.5101416235605354,0.5101416235605354,100.0,0.0
2023,1,urbana,19,mujer,verguenza,1,0.0,0.5101416235605354,0.0,
2023,1,urbana,21,mujer,dependencia_economica,2,0.0,0.9188967594935926,0.0,
2023,1,urbana,21,mujer,desconfianza_justicia,2,0.0,0.9188967594935926,0.0,
2023,1,urbana,21,mujer,desconocimiento,2,0.0,0.9188967594935926,0.0,
2023,1,urbana,21,mujer,miedo,2,0.5673126675802506,0.9188967594935926,61.738455568490494,0.578460179102985
2023,1,urbana,21,mujer,otra_razon,2,0.351584091913342,0.9188967594935926,38.261544431509506,0.9333977129339239
2023,1,urbana,21,mujer,verguenza,2,0.5673126675802506,0.9188967594935926,61.738455568490494,0.578460179102985
2023,1,urbana,23,hombre,dependencia_economica,2,0.0,1.0170493582792717,0.0,
2023,1,urbana,23,hombre,desconfianza_justicia,2,0.0,1.0170493582792717,0.0,
2023,1,urbana,23,hombre,desconocimiento,2,0.0,1.0170493582792717,0.0,
2023,1,urbana,23,hombre,miedo,2,0.0,1.0170493582792717,0.0,
2023,1,urbana,23,hombre,otra_razon,2,0.7015413456743881,1.0170493582792717,68.97810218978103,0.506585469918662
2023,1,urbana,23,hombre,verguenza,2,0.3155080126048836,1.0170493582792717,31.021897810218984,1.12640769193679
2023,1,urbana,23,mujer,dependencia_economica,2,0.0,0.9716268821848348,0.0,
2023,1,urbana,23,mujer,desconfianza_justicia,2,0.0,0.9716268821848348,0.0,
2023,1,urbana,23,mujer,desconocimiento,2,0.0,0.9716268821848348,0.0,
2023,1,urbana,23,mujer,miedo,2,0.7201999391442853,0.9716268821848348,74.12309728656518,0.3912219958877773
2023,1,urbana,23,mujer,otra_razon,2,0.25142694304054963,0.9716268821848348,25.87690271343482,1.1206358961491316
2023,1,urbana,23,mujer,verguenza,2,0.0,0.9716268821848348,0.0,
2023,1,urbana,24,mujer,dependencia_economica,1,0.0,0.3973218414269555,0.0,
2023,1,urbana,24,mujer,desconfianza_justicia,1,0.0,0.3973218414269555,0.0,
2023,1,urbana,24,mujer,desconocimiento,1,0.0,0.3973218414269555,0.0,
2023,1,urbana,24,mujer,miedo,1,0.0,0.3973218414269555,0.0,
2023,1,urbana,24,mujer,otra_razon,1,0.0,0.3973218414269555,0.0,
2023,1,urbana,24,mujer,verguenza,1,0.3973218414269555,0.3973218414269555,100.0,0.0
2023,1,urbana,26,mujer,dependencia_economica,3,0.0,2.259416036001162,0.0,
2023,1,urbana,26,mujer,desconfianza_justicia,3,0.0,2.259416036001162,0.0,
2023,1,urbana,26,mujer,desconocimiento,3,0.0,2.259416036001162,0.0,
2023,1,urbana,26,mujer,miedo,3,0.0,2.259416036001162,0.0,
2023,1,urbana,26,mujer,otra_razon,3,0.7845184267388088,2.259416036001162,34.72217662610257,0.8931525017701303
2023,1,urbana,26,mujer,verguenza,3,1.4748976092623531,2.259416036001162,65.27782337389742,0.4750801622608739
2023,1,urbana,27,mujer,dependencia_economica,6,0.0,3.2676112753649598,0.0,
2023,1,urbana,27,mujer,desconfianza_justicia,6,0.0,3.2676112753649598,0.0,
2023,1,urbana,27,mujer,desconocimiento,6,0.0,3.2676112753649598,0.0,
2023,1,urbana,27,mujer,miedo,6,1.1352407929366768,3.2676112753649598,34.74222290440229,0.6422287132771988
2023,1,urbana,27,mujer,otra_razon,6,0.7845184267388088,3.2676112753649598,24.008927642446878,0.8786406186199551
2023,1,urbana,27,mujer,verguenza,6,2.1323704824282825,3.2676112753649598,65.2577770955977,0.3419125521177016
2023,1,urbana,28,mujer,dependencia_economica,2,0.0,1.2375113660429826,0.0,
2023,1,urbana,28,mujer,desconfianza_justicia,2,0.0,1.2375113660429826,0.0,
2023,1,urbana,28,mujer,desconocimiento,2,0.0,1.2375113660429826,0.0,
2023,1,urbana,28,mujer,miedo,2,0.5673126675802506,1.2375113660429826,45.84302683168617,0.7658952595170523
2023,1,urbana,28,mujer,otra_razon,2,0.6701986984627321,1.2375113660429826,54.156973168313826,0.6483183028560429
2023,1,urbana,28,mujer,verguenza,2,0.0,1.2375113660429826,0.0,
2023,2,rural,19,mujer,dependencia_economica,1,0.0,1.8543874535166405,0.0,
2023,2,rural,19,mujer,desconfianza_justicia,1,0.0,1.8543874535166405,0.0,
2023,2,rural,19,mujer,desconocimiento,1,0.0,1.8543874535166405,0.0,
2023,2,rural,19,mujer,miedo,1,1.8543874535166405,1.8543874535166405,100.0,0.0
2023,2,rural,19,mujer,otra_razon,1,1.8543874535166405,1.8543874535166405,100.0,0.0
2023,2,rural,19,mujer,verguenza,1,0.0,1.8543874535166405,0.0,
2023,2,rural,21,mujer,dependencia_economica,2,0.0,2.675730623884695,0.0,
2023,2,rural,21,mujer,desconfianza_justicia,2,0.0,2.675730623884695,0.0,
2023,2,rural,21,mujer,desconocimiento,2,1.5332010186446738,2.675730623884695,57.30027548209367,0.6972835815085263
2023,2,rural,21,mujer,miedo,2,0.0,2.675730623884695,0.0,
2023,2,rural,21,mujer,otra_razon,2,1.1425296052400213,2.675730623884695,42.69972451790633,0.9357095803469258
2023,2,rural,21,mujer,verguenza,2,0.0,2.675730623884695,0.0,
2023,2,rural,22,mujer,dependencia_economica,1,0.0,1.2229365533967502,0.0,
2023,2,rural,22,mujer,desconfianza_justicia,1,0.0,1.2229365533967502,0.0,
2023,2,rural,22,mujer,desconocimiento,1,0.0,1.2229365533967502,0.0,
2023,2,rural,22,mujer,miedo,1,0.0,1.2229365533967502,0.0,
2023,2,rural,22,mujer,otra_razon,1,1.2229365533967502,1.2229365533967502,100.0,0.0
2023,2,rural,22,mujer,verguenza,1,0.0,1.2229365533967502,0.0,
2023,2,rural,24,mujer,dependencia_economica,1,0.0,1.0114867831336392,0.0,
2023,2,rural,24,mujer,desconfianza_justicia,1,0.0,1.0114867831336392,0.0,
2023,2,rural,24,mujer,desconocimiento,1,1.0114867831336392,1.0114867831336392,100.0,0.0
2023,2,rural,24,mujer,miedo,1,1.0114867831336392,1.0114867831336392,100.0,0.0
2023,2,rural,24,mujer,otra_razon,1,1.0114867831336392,1.0114867831336392,100.0,0.0
2023,2,rural,24,mujer,verguenza,1,1.0114867831336392,1.0114867831336392,100.0,0.0
2023,2,rural,25,mujer,dependencia_economica,3,0.0,7.338670576473972,0.0,
2023,2,rural,25,mujer,desconfianza_justicia,3,2.1383405323363758,7.338670576473972,29.137982282395747,0.8168784979381797
2023,2,rural,25,mujer,desconocimiento,3,2.1383405323363758,7.338670576473972,29.137982282395747,0.8168784979381797
2023,2,rural,25,mujer,miedo,3,2.1383405323363758,7.338670576473972,29.137982282395747,0.8168784979381797
2023,2,rural,25,mujer,otra_razon,3,3.854396663715687,7.338670576473972,52.52172888195804,0.27738668270766736
2023,2,rural,25,mujer,verguenza,3,3.4842739127582854,7.338670576473972,47.47827111804196,0.30685254120598343
2023,2,rural,27,mujer,dependencia_economica,2,0.0,1.8605696257374933,0.0,
2023,2,rural,27,mujer,desconfianza_justicia,2,0.0,1.8605696257374933,0.0,
2023,2,rural,27,mujer,desconocimiento,2,1.8605696257374933,1.8605696257374933,100.0,0.0
2023,2,rural,27,mujer,miedo,2,0.8490828426038542,1.8605696257374933,45.635639261137264,0.8877662933520585
2023,2,rural,27,mujer,otra_razon,2,0.0,1.8605696257374933,0.0,
2023,2,rural,27,mujer,verguenza,2,0.8490828426038542,1.8605696257374933,45.635639261137264,0.8877662933520585
2023,2,urbana,21,mujer,dependencia_economica,2,0.0,2.045676347224254,0.0,
2023,2,urbana,21,mujer,desconfianza_justicia,2,0.0,2.045676347224254,0.0,
2023,2,urbana,21,mujer,desconocimiento,2,0.0,2.045676347224254,0.0,
2023,2,urbana,21,mujer,miedo,2,1.2232655250191031,2.045676347224254,59.79760809567617,0.593828683252641
2023,2,urbana,21,mujer,otra_razon,2,0.8224108222051507,2.045676347224254,40.20239190432382,0.8832692084993518
2023,2,urbana,21,mujer,verguenza,2,0.0,2.045676347224254,0.0,
2023,2,urbana,22,hombre,dependencia_economica,1,0.0,1.8522691558524604,0.0,
2023,2,urbana,22,hombre,desconfianza_justicia,1,0.0,1.8522691558524604,0.0,
2023,2,urbana,22,hombre,desconocimiento,1,0.0,1.8522691558524604,0.0,
2023,2,urbana,22,hombre,miedo,1,0.0,1.8522691558524604,0.0,
2023,2,urbana,22,hombre,otra_razon,1,0.0,1.8522691558524604,0.0,
2023,2,urbana,22,hombre,verguenza,1,1.8522691558524604,1.8522691558524604,100.0,0.0
2023,2,urbana,23,hombre,dependencia_economica,1,0.0,0.7731795024429508,0.0,
2023,2,urbana,23,hombre,desconfianza_justicia,1,0.0,0.7731795024429508,0.0,
2023,2,urbana,23,hombre,desconocimiento,1,0.7731795024429508,0.7731795024429508,100.0,0.0
2023,2,urbana,23,hombre,miedo,1,0.0,0.7731795024429508,0.0,
2023,2,urbana,23,hombre,otra_razon,1,0.0,0.7731795024429508,0.0,
2023,2,urbana,23,hombre,verguenza,1,0.0,0.7731795024429508,0.0,
2023,2,urbana,23,mujer,dependencia_economica,1,0.0,1.4332594401473824,0.0,
2023,2,urbana,23,mujer,desconfianza_justicia,1,0.0,1.4332594401473824,0.0,
2023,2,urbana,23,mujer,desconocimiento,1,0.0,1.4332594401473824,0.0,
2023,2,urbana,23,mujer,miedo,1,0.0,1.4332594401473824,0.0,
2023,2,urbana,23,mujer,otra_razon,1,0.0,1.4332594401473824,0.0,
2023,2,urbana,23,mujer,verguenza,1,1.4332594401473824,1.4332594401473824,100.0,0.0
2023,2,urbana,24,mujer,dependencia_economica,3,0.0,2.668034909861208,0.0,
2023,2,urbana,24,mujer,desconfianza_justicia,3,0.0,2.668034909861208,0.0,
2023,2,urbana,24,mujer,desconocimiento,3,0.0,2.668034909861208,0.0,
2023,2,urbana,24,mujer,miedo,3,1.7396591890388926,2.668034909861208,65.20376411151945,0.4695541035688151
2023,2,urbana,24,mujer,otra_razon,3,0.9283757208223156,2.668034909861208,34.79623588848055,0.8798852584176435
2023,2,urbana,24,mujer,verguenza,3,0.0,2.668034909861208,0.0,
2023,2,urbana,25,hombre,dependencia_economica,1,0.0,1.508248243845316,0.0,
2023,2,urbana,25,hombre,desconfianza_justicia,1,1.508248243845316,1.508248243845316,100.0,0.0
2023,2,urbana,25,hombre,desconocimiento,1,0.0,1.508248243845316,0.0,
2023,2,urbana,25,hombre,miedo,1,0.0,1.508248243845316,0.0,
2023,2,urbana,25,hombre,otra_razon,1,0.0,1.508248243845316,0.0,
2023,2,urbana,25,hombre,verguenza,1,0.0,1.508248243845316,0.0,
2023,2,urbana,25,mujer,dependencia_economica,1,0.0,0.9296817990145183,0.0,
2023,2,urbana,25,mujer,desconfianza_justicia,1,0.0,0.9296817990145183,0.0,
2023,2,urbana,25,mujer,desconocimiento,1,0.0,0.9296817990145183,0.0,
2023,2,urbana,25,mujer,miedo,1,0.0,0.9296817990145183,0.0,
2023,2,urbana,25,mujer,otra_razon,1,0.9296817990145183,0.9296817990145183,100.0,0.0
2023,2,urbana,25,mujer,verguenza,1,0.0,0.9296817990145183,0.0,
2023,2,urbana,26,mujer,dependencia_economica,6,0.0,7.076368605083513,0.0,
2023,2,urbana,26,mujer,desconfianza_justicia,6,0.0,7.076368605083513,0.0,
2023,2,urbana,26,mujer,desconocimiento,6,1.4957946005321885,7.076368605083513,21.137884189040708,0.3171648882453076
2023,2,urbana,26,mujer,miedo,6,0.9296817990145183,7.076368605083513,13.137837369673685,0.9661183815067726
2023,2,urbana,26,mujer,otra_razon,6,1.3522644349302082,7.076368605083513,19.10958162861627,0.8961540744046045
2023,2,urbana,26,mujer,verguenza,6,3.298627770606598,7.076368605083513,46.61469681266934,0.40592539768588315
2023,2,urbana,27,mujer,dependencia_economica,5,1.4500344591891403,5.530596994822927,26.218407534421445,0.7878245073439836
2023,2,urbana,27,mujer,desconfianza_justicia,5,1.2643488356401473,5.530596994822927,22.86098294313755,0.3808354041580421
2023,2,urbana,27,mujer,desconocimiento,5,0.7359980908864936,5.530596994822927,13.30775125317295,0.973276730961854
2023,2,urbana,27,mujer,miedo,5,1.4500344591891403,5.530596994822927,26.218407534421445,0.7878245073439836
2023,2,urbana,27,mujer,otra_razon,5,3.5367941170344386,5.530596994822927,63.94959025843242,0.3135230502137964
2023,2,urbana,27,mujer,verguenza,5,1.2578047869019953,5.530596994822927,22.74265848839464,0.8610546286595567
2023,2,urbana,28,hombre,dependencia_economica,1,0.0,1.6140902258695482,0.0,
2023,2,urbana,28,hombre,desconfianza_justicia,1,0.0,1.6140902258695482,0.0,
2023,2,urbana,28,hombre,desconocimiento,1,0.0,1.6140902258695482,0.0,
2023,2,urbana,28,hombre,miedo,1,0.0,1.6140902258695482,0.0,
2023,2,urbana,28,hombre,otra_razon,1,1.6140902258695482,1.6140902258695482,100.0,0.0
2023,2,urbana,28,hombre,verguenza,1,0.0,1.6140902258695482,0.0,
2023,3,rural,19,mujer,dependencia_economica,1,0.0,0.9954785486371988,0.0,
2023,3,rural,19,mujer,desconfianza_justicia,1,0.0,0.9954785486371988,0.0,
2023,3,rural,19,mujer,desconocimiento,1,0.9954785486371988,0.9954785486371988,100.0,0.0
2023,3,rural,19,mujer,miedo,1,0.9954785486371988,0.9954785486371988,100.0,0.0
2023,3,rural,19,mujer,otra_razon,1,0.9954785486371988,0.9954785486371988,100.0,0.0
2023,3,rural,19,mujer,verguenza,1,0.0,0.9954785486371988,0.0,
2023,3,rural,20,mujer,dependencia_economica,1,0.0,1.4124314879991748,0.0,
2023,3,rural,20,mujer,desconfianza_justicia,1,1.4124314879991748,1.4124314879991748,100.0,0.0
2023,3,rural,20,mujer,desconocimiento,1,0.0,1.4124314879991748,0.0,
2023,3,rural,20,mujer,miedo,1,0.0,1.4124314879991748,0.0,
2023,3,rural,20,mujer,otra_razon,1,0.0,1.4124314879991748,0.0,
2023,3,rural,20,mujer,verguenza,1,0.0,1.4124314879991748,0.0,
2023,3,rural,21,mujer,dependencia_economica,2,0.0,2.1363446795978875,0.0,
2023,3,rural,21,mujer,desconfianza_justicia,2,0.0,2.1363446795978875,0.0,
2023,3,rural,21,mujer,desconocimiento,2,2.1363446795978875,2.1363446795978875,100.0,0.0
2023,3,rural,21,mujer,miedo,2,0.0,2.1363446795978875,0.0,
2023,3,rural,21,mujer,otra_razon,2,0.0,2.1363446795978875,0.0,
2023,3,rural,21,mujer,verguenza,2,0.483534386352886,2.1363446795978875,22.633725305220832,1.0941243494363908
2023,3,rural,22,mujer,dependencia_economica,3,0.0,2.558678105654692,0.0,
2023,3,rural,22,mujer,desconfianza_justicia,3,0.6338962134890859,2.558678105654692,24.77436345307258,0.9284401881074934
2023,3,rural,22,mujer,desconocimiento,3,1.1699967630470063,2.558678105654692,45.72661017661062,0.6655495837443798
2023,3,rural,22,mujer,miedo,3,0.6338962134890859,2.558678105654692,24.77436345307258,0.9284401881074934
2023,3,rural,22,mujer,otra_razon,3,0.7547851291186,2.558678105654692,29.4990263703168,0.8760752961636308
2023,3,rural,22,mujer,verguenza,3,0.0,2.558678105654692,0.0,
2023,3,rural,24,mujer,dependencia_economica,3,0.0,4.45983751715786,0.0,
2023,3,rural,24,mujer,desconfianza_justicia,3,0.0,4.45983751715786,0.0,
2023,3,rural,24,mujer,desconocimiento,3,1.273110014693134,4.45983751715786,28.546107560986982,0.9814504668195069
2023,3,rural,24,mujer,miedo,3,3.1867275024647252,4.45983751715786,71.453892439013,0.39209327351233
2023,3,rural,24,mujer,otra_razon,3,1.3760821482344903,4.45983751715786,30.854983907831514,0.9515897803933767
2023,3,rural,24,mujer,verguenza,3,0.0,4.45983751715786,0.0,
2023,3,rural,25,mujer,dependencia_economica,3,0.0,4.905451051991335,0.0,
2023,3,rural,25,mujer,desconfianza_justicia,3,0.0,4.905451051991335,0.0,
2023,3,rural,25,mujer,desconocimiento,3,4.414348301330317,4.905451051991335,89.9886321266694,0.12986257476638038
2023,3,rural,25,mujer,miedo,3,1.3644381214058872,4.905451051991335,27.814733180387208,0.895574241424431
2023,3,rural,25,mujer,otra_razon,3,0.0,4.905451051991335,0.0,
2023,3,rural,25,mujer,verguenza,3,0.0,4.905451051991335,0.0,
2023,3,rural,27,mujer,dependencia_economica,1,0.0,1.1335823435002188,0.0,
2023,3,rural,27,mujer,desconfianza_justicia,1,1.1335823435002188,1.1335823435002188,100.0,0.0
2023,3,rural,27,mujer,desconocimiento,1,0.0,1.1335823435002188,0.0,
2023,3,rural,27,mujer,miedo,1,0.0,1.1335823435002188,0.0,
2023,3,rural,27,mujer,otra_razon,1,0.0,1.1335823435002188,0.0,
2023,3,rural,27,mujer,verguenza,1,0.0,1.1335823435002188,0.0,
2023,3,rural,28,mujer,dependencia_economica,5,1.5744714457783924,4.179479281601589,37.67147387736422,0.6218319838336439
2023,3,rural,28,mujer,desconfianza_justicia,5,0.0,4.179479281601589,0.0,
2023,3,rural,28,mujer,desconocimiento,5,1.535595423480964,4.179479281601589,36.74130962296622,0.6282136818704581
2023,3,rural,28,mujer,miedo,5,1.9902300698316413,4.179479281601589,47.61909165557531,0.4755949986175496
2023,3,rural,28,mujer,otra_razon,5,1.5744714457783924,4.179479281601589,37.67147387736422,0.6218319838336439
2023,3,rural,28,mujer,verguenza,5,2.643883858120625,4.179479281601589,63.25869037703379,0.36487308316717626
2023,3,urbana,19,mujer,dependencia_economica,1,0.0,1.0240062785655282,0.0,
2023,3,urbana,19,mujer,desconfianza_justicia,1,0.0,1.0240062785655282,0.0,
2023,3,urbana,19,mujer,desconocimiento,1,0.0,1.0240062785655282,0.0,
2023,3,urbana,19,mujer,miedo,1,1.0240062785655282,1.0240062785655282,100.0,0.0
2023,3,urbana,19,mujer,otra_razon,1,0.0,1.0240062785655282,0.0,
2023,3,urbana,19,mujer,verguenza,1,1.0240062785655282,1.0240062785655282,100.0,0.0
2023,3,urbana,21,mujer,dependencia_economica,1,0.0,2.55005019467809,0.0,
2023,3,urbana,21,mujer,desconfianza_justicia,1,0.0,2.55005019467809,0.0,
2023,3,urbana,21,mujer,desconocimiento,1,0.0,2.55005019467809,0.0,
2023,3,urbana,21,mujer,miedo,1,2.55005019467809,2.55005019467809,100.0,0.0
2023,3,urbana,21,mujer,otra_razon,1,0.0,2.55005019467809,0.0,
2023,3,urbana,21,mujer,verguenza,1,0.0,2.55005019467809,0.0,
2023,3,urbana,23,mujer,dependencia_economica,1,0.0,0.9539459027864594,0.0,
2023,3,urbana,23,mujer,desconfianza_justicia,1,0.9539459027864594,0.9539459027864594,100.0,0.0
2023,3,urbana,23,mujer,desconocimiento,1,0.9539459027864594,0.9539459027864594,100.0,0.0
2023,3,urbana,23,mujer,miedo,1,0.9539459027864594,0.9539459027864594,100.0,0.0
2023,3,urbana,23,mujer,otra_razon,1,0.0,0.9539459027864594,0.0,
2023,3,urbana,23,mujer,verguenza,1,0.9539459027864594,0.9539459027864594,100.0,0.0
2023,3,urbana,24,mujer,dependencia_economica,5,0.0,8.596996254801168,0.0,
2023,3,urbana,24,mujer,desconfianza_justicia,5,0.0,8.596996254801168,0.0,
2023,3,urbana,24,mujer,desconocimiento,5,0.8060154813129508,8.596996254801168,9.375547661345264,1.0817267632091179
2023,3,urbana,24,mujer,miedo,5,0.0,8.596996254801168,0.0,
2023,3,urbana,24,mujer,otra_razon,5,7.790980773488217,8.596996254801168,90.62445233865473,0.11190998194528096
2023,3,urbana,24,mujer,verguenza,5,0.8060154813129508,8.596996254801168,9.375547661345264,1.0817267632091179
2023,3,urbana,25,mujer,dependencia_economica,1,0.0,0.8445382800521727,0.0,
2023,3,urbana,25,mujer,desconfianza_justicia,1,0.0,0.8445382800521727,0.0,
2023,3,urbana,25,mujer,desconocimiento,1,0.0,0.8445382800521727,0.0,
2023,3,urbana,25,mujer,miedo,1,0.0,0.8445382800521727,0.0,
2023,3,urbana,25,mujer,otra_razon,1,0.8445382800521727,0.8445382800521727,100.0,0.0
2023,3,urbana,25,mujer,verguenza,1,0.0,0.8445382800521727,0.0,
2023,3,urbana,26,mujer,dependencia_economica,1,0.0,0.3346777085036474,0.0,
2023,3,urbana,26,mujer,desconfianza_justicia,1,0.0,0.3346777085036474,0.0,
2023,3,urbana,26,mujer,desconocimiento,1,0.0,0.3346777085036474,0.0,
2023,3,urbana,26,mujer,miedo,1,0.3346777085036474,0.3346777085036474,100.0,0.0
2023,3,urbana,26,mujer,otra_razon,1,0.0,0.3346777085036474,0.0,
2023,3,urbana,26,mujer,verguenza,1,0.0,0.3346777085036474,0.0,
2023,3,urbana,27,mujer,dependencia_economica,1,0.0,1.5759432069525054,0.0,
2023,3,urbana,27,mujer,desconfianza_justicia,1,0.0,1.5759432069525054,0.0,
2023,3,urbana,27,mujer,desconocimiento,1,0.0,1.5759432069525054,0.0,
2023,3,urbana,27,mujer,miedo,1,0.0,1.5759432069525054,0.0,
2023,3,urbana,27,mujer,otra_razon,1,1.5759432069525054,1.5759432069525054,100.0,0.0
2023,3,urbana,27,mujer,verguenza,1,0.0,1.5759432069525054,0.0,
2023,3,urbana,28,hombre,dependencia_economica,1,0.0,0.7337764259758388,0.0,
2023,3,urbana,28,hombre,desconfianza_justicia,1,0.0,0.7337764259758388,0.0,
2023,3,urbana,28,hombre,desconocimiento,1,0.0,0.7337764259758388,0.0,
2023,3,urbana,28,hombre,miedo,1,0.0,0.7337764259758388,0.0,
2023,3,urbana,28,hombre,otra_razon,1,0.7337764259758388,0.7337764259758388,100.0,0.0
2023,3,urbana,28,hombre,verguenza,1,0.0,0.7337764259758388,0.0,
2023,3,urbana,28,mujer,dependencia_economica,1,0.0,1.8107428096585558,0.0,
2023,3,urbana,28,mujer,desconfianza_justicia,1,0.0,1.8107428096585558,0.0,
2023,3,urbana,28,mujer,desconocimiento,1,0.0,1.8107428096585558,0.0,
2023,3,urbana,28,mujer,miedo,1,0.0,1.8107428096585558,0.0,
2023,3,urbana,28,mujer,otra_razon,1,0.0,1.8107428096585558,0.0,
2023,3,urbana,28,mujer,verguenza,1,1.8107428096585558,1.8107428096585558,100.0,0.0
2023,4,rural,17,mujer,dependencia_economica,1,0.0,0.2541592688052586,0.0,
2023,4,rural,17,mujer,desconfianza_justicia,1,0.0,0.2541592688052586,0.0,
2023,4,rural,17,mujer,desconocimiento,1,0.2541592688052586,0.2541592688052586,100.0,0.0
2023,4,rural,17,mujer,miedo,1,0.2541592688052586,0.2541592688052586,100.0,0.0
2023,4,rural,17,mujer,otra_razon,1,0.0,0.2541592688052586,0.0,
2023,4,rural,17,mujer,verguenza,1,0.0,0.2541592688052586,0.0,
2023,4,rural,20,mujer,dependencia_economica,1,0.0,0.11960436179070993,0.0,
2023,4,rural,20,mujer,desconfianza_justicia,1,0.11960436179070993,0.11960436179070993,100.0,0.0
2023,4,rural,20,mujer,desconocimiento,1,0.11960436179070993,0.11960436179070993,100.0,0.0
2023,4,rural,20,mujer,miedo,1,0.0,0.11960436179070993,0.0,
2023,4,rural,20,mujer,otra_razon,1,0.11960436179070993,0.11960436179070993,100.0,0.0
2023,4,rural,20,mujer,verguenza,1,0.11960436179070993,0.11960436179070993,100.0,0.0
2023,4,rural,21,mujer,dependencia_economica,1,0.0,0.5184108446256405,0.0,
2023,4,rural,21,mujer,desconfianza_justicia,1,0.0,0.5184108446256405,0.0,
2023,4,rural,21,mujer,desconocimiento,1,0.5184108446256405,0.5184108446256405,100.0,0.0
2023,4,rural,21,mujer,miedo,1,0.0,0.5184108446256405,0.0,
2023,4,rural,21,mujer,otra_razon,1,0.0,0.5184108446256405,0.0,
2023,4,rural,21,mujer,verguenza,1,0.0,0.5184108446256405,0.0,
2023,4,rural,23,mujer,dependencia_economica,4,0.4776898854842594,2.1283276406692897,22.444377282721444,1.0333114019892826
2023,4,rural,23,mujer,desconfianza_justicia,4,0.0,2.1283276406692897,0.0,
2023,4,rural,23,mujer,desconocimiento,4,0.4776898854842594,2.1283276406692897,22.444377282721444,1.0333114019892826
2023,4,rural,23,mujer,miedo,4,1.3489058829998302,2.1283276406692897,63.37867615982486,0.3960386416301451
2023,4,rural,23,mujer,otra_razon,4,0.4776898854842594,2.1283276406692897,22.444377282721444,1.0333114019892826
2023,4,rural,23,mujer,verguenza,4,1.5917004638054095,2.1283276406692897,74.78643952135451,0.2816556742125777
2023,4,rural,24,mujer,dependencia_economica,1,0.0,0.5184108446256405,0.0,
2023,4,rural,24,mujer,desconfianza_justicia,1,0.5184108446256405,0.5184108446256405,100.0,0.0
2023,4,rural,24,mujer,desconocimiento,1,0.0,0.5184108446256405,0.0,
2023,4,rural,24,mujer,miedo,1,0.0,0.5184108446256405,0.0,
2023,4,rural,24,mujer,otra_razon,1,0.0,0.5184108446256405,0.0,
2023,4,rural,24,mujer,verguenza,1,0.0,0.5184108446256405,0.0,
2023,4,rural,26,mujer,dependencia_economica,3,0.0,1.1640322033976924,0.0,
2023,4,rural,26,mujer,desconfianza_justicia,3,0.0,1.1640322033976924,0.0,
2023,4,rural,26,mujer,desconocimiento,3,0.0,1.1640322033976924,0.0,
2023,4,rural,26,mujer,miedo,3,0.0,1.1640322033976924,0.0,
2023,4,rural,26,mujer,otra_razon,3,0.9005221830450965,1.1640322033976924,77.36230839804631,0.30189735973603
2023,4,rural,26,mujer,verguenza,3,0.580820003193847,1.1640322033976924,49.89724523930627,0.5797763938184235
2023,4,rural,27,mujer,dependencia_economica,1,0.0,0.11960436179070993,0.0,
2023,4,rural,27,mujer,desconfianza_justicia,1,0.0,0.11960436179070993,0.0,
2023,4,rural,27,mujer,desconocimiento,1,0.11960436179070993,0.11960436179070993,100.0,0.0
2023,4,rural,27,mujer,miedo,1,0.0,0.11960436179070993,0.0,
2023,4,rural,27,mujer,otra_razon,1,0.0,0.11960436179070993,0.0,
2023,4,rural,27,mujer,verguenza,1,0.0,0.11960436179070993,0.0,
2023,4,rural,28,mujer,dependencia_economica,1,0.0,0.2488705747774518,0.0,
2023,4,rural,28,mujer,desconfianza_justicia,1,0.0,0.2488705747774518,0.0,
2023,4,rural,28,mujer,desconocimiento,1,0.0,0.2488705747774518,0.0,
2023,4,rural,28,mujer,miedo,1,0.2488705747774518,0.2488705747774518,100.0,0.0
2023,4,rural,28,mujer,otra_razon,1,0.0,0.2488705747774518,0.0,
2023,4,rural,28,mujer,verguenza,1,0.0,0.2488705747774518,0.0,
2023,4,urbana,18,mujer,dependencia_economica,1,0.0,0.18041743084205622,0.0,
2023,4,urbana,18,mujer,desconfianza_justicia,1,0.0,0.18041743084205622,0.0,
2023,4,urbana,18,mujer,desconocimiento,1,0.0,0.18041743084205622,0.0,
2023,4,urbana,18,mujer,miedo,1,0.18041743084205622,0.18041743084205622,100.0,0.0
2023,4,urbana,18,mujer,otra_razon,1,0.18041743084205622,0.18041743084205622,100.0,0.0
2023,4,urbana,18,mujer,verguenza,1,0.18041743084205622,0.18041743084205622,100.0,0.0
2023,4,urbana,20,mujer,dependencia_economica,1,0.20818401359349673,0.20818401359349673,100.0,0.0
2023,4,urbana,20,mujer,desconfianza_justicia,1,0.0,0.20818401359349673,0.0,
2023,4,urbana,20,mujer,desconocimiento,1,0.0,0.20818401359349673,0.0,
2023,4,urbana,20,mujer,miedo,1,0.0,0.20818401359349673,0.0,
2023,4,urbana,20,mujer,otra_razon,1,0.20818401359349673,0.20818401359349673,100.0,0.0
2023,4,urbana,20,mujer,verguenza,1,0.0,0.20818401359349673,0.0,
2023,4,urbana,21,mujer,dependencia_economica,1,0.0,0.4101996119694083,0.0,
2023,4,urbana,21,mujer,desconfianza_justicia,1,0.0,0.4101996119694083,0.0,
2023,4,urbana,21,mujer,desconocimiento,1,0.0,0.4101996119694083,0.0,
2023,4,urbana,21,mujer,miedo,1,0.4101996119694083,0.4101996119694083,100.0,0.0
2023,4,urbana,21,mujer,otra_razon,1,0.0,0.4101996119694083,0.0,
2023,4,urbana,21,mujer,verguenza,1,0.0,0.4101996119694083,0.0,
2023,4,urbana,22,mujer,dependencia_economica,1,0.0,0.6208797404353102,0.0,
2023,4,urbana,22,mujer,desconfianza_justicia,1,0.0,0.6208797404353102,0.0,
2023,4,urbana,22,mujer,desconocimiento,1,0.0,0.6208797404353102,0.0,
2023,4,urbana,22,mujer,miedo,1,0.6208797404353102,0.6208797404353102,100.0,0.0
2023,4,urbana,22,mujer,otra_razon,1,0.0,0.6208797404353102,0.0,
2023,4,urbana,22,mujer,verguenza,1,0.6208797404353102,0.6208797404353102,100.0,0.0
2023,4,urbana,23,mujer,dependencia_economica,2,0.0,0.864083786785941,0.0,
2023,4,urbana,23,mujer,desconfianza_justicia,2,0.0,0.864083786785941,0.0,
2023,4,urbana,23,mujer,desconocimiento,2,0.42348542936113,0.864083786785941,49.009764543359005,0.7211108253137916
2023,4,urbana,23,mujer,miedo,2,0.0,0.864083786785941,0.0,
2023,4,urbana,23,mujer,otra_razon,2,0.0,0.864083786785941,0.0,
2023,4,urbana,23,mujer,verguenza,2,0.440598357424811,0.864083786785941,50.99023545664099,0.6931027370593036
2023,4,urbana,24,mujer,dependencia_economica,2,0.0,0.7018395743555532,0.0,
2023,4,urbana,24,mujer,desconfianza_justicia,2,0.23631698840342868,0.7018395743555532,33.67108339828527,0.9887731093023233
2023,4,urbana,24,mujer,desconocimiento,2,0.46552258595212453,0.7018395743555532,66.32891660171472,0.5019388756975366
2023,4,urbana,24,mujer,miedo,2,0.7018395743555532,0.7018395743555532,100.0,0.0
2023,4,urbana,24,mujer,otra_razon,2,0.0,0.7018395743555532,0.0,
2023,4,urbana,24,mujer,verguenza,2,0.23631698840342868,0.7018395743555532,33.67108339828527,0.9887731093023233
2023,4,urbana,26,hombre,dependencia_economica,1,0.0,0.3940647002182537,0.0,
2023,4,urbana,26,hombre,desconfianza_justicia,1,0.0,0.3940647002182537,0.0,
2023,4,urbana,26,hombre,desconocimiento,1,0.0,0.3940647002182537,0.0,
2023,4,urbana,26,hombre,miedo,1,0.0,0.3940647002182537,0.0,
2023,4,urbana,26,hombre,otra_razon,1,0.3940647002182537,0.3940647002182537,100.0,0.0
2023,4,urbana,26,hombre,verguenza,1,0.0,0.3940647002182537,0.0,
2023,4,urbana,26,mujer,dependencia_economica,3,0.0,1.638663227225392,0.0,
2023,4,urbana,26,mujer,desconfianza_justicia,3,0.0,1.638663227225392,0.0,
2023,4,urbana,26,mujer,desconocimiento,3,0.42348542936113,1.638663227225392,25.843347328796874,0.9730341896074273
2023,4,urbana,26,mujer,miedo,3,0.41636802718699345,1.638663227225392,25.40900535688433,0.9779813791505754
2023,4,urbana,26,mujer,otra_razon,3,0.41636802718699345,1.638663227225392,25.40900535688433,0.9779813791505754
2023,4,urbana,26,mujer,verguenza,3,1.638663227225392,1.638663227225392,100.0,0.0
2023,4,urbana,27,mujer,dependencia_economica,4,0.0,1.619690929923781,0.0,
2023,4,urbana,27,mujer,desconfianza_justicia,4,0.0,1.619690929923781,0.0,
2023,4,urbana,27,mujer,desconocimiento,4,0.0,1.619690929923781,0.0,
2023,4,urbana,27,mujer,miedo,4,0.0,1.619690929923781,0.0,
2023,4,urbana,27,mujer,otra_razon,4,0.8497585797459561,1.619690929923781,52.46424265559997,0.3942926362667642
2023,4,urbana,27,mujer,verguenza,4,0.7699323501778249,1.619690929923781,47.53575734440003,0.4351727142273602
2023,4,urbana,28,hombre,dependencia_economica,2,0.0,1.4522643046836505,0.0,
2023,4,urbana,28,hombre,desconfianza_justicia,2,0.0,1.4522643046836505,0.0,
2023,4,urbana,28,hombre,desconocimiento,2,0.0,1.4522643046836505,0.0,
2023,4,urbana,28,hombre,miedo,2,0.0,1.4522643046836505,0.0,
2023,4,urbana,28,hombre,otra_razon,2,0.0,1.4522643046836505,0.0,
2023,4,urbana,28,hombre,verguenza,2,0.7261321523418253,1.4522643046836505,50.0,0.0
2023,4,urbana,28,mujer,dependencia_economica,3,0.0,1.0862935068276043,0.0,
2023,4,urbana,28,mujer,desconfianza_justicia,3,0.0,1.0862935068276043,0.0,
2023,4,urbana,28,mujer,desconocimiento,3,0.681491258173583,1.0862935068276043,62.73546273546273,0.4816779893376756
2023,4,urbana,28,mujer,miedo,3,0.0,1.0862935068276043,0.0,
2023,4,urbana,28,mujer,otra_razon,3,0.0,1.0862935068276043,0.0,
2023,4,urbana,28,mujer,verguenza,3,0.7161885937724992,1.0862935068276043,65.92956592956594,0.44109285364084827
2023,5,rural,20,mujer,dependencia_economica,1,0.0,5.368423078976741,0.0,
2023,5,rural,20,mujer,desconfianza_justicia,1,0.0,5.368423078976741,0.0,
2023,5,rural,20,mujer,desconocimiento,1,0.0,5.368423078976741,0.0,
2023,5,rural,20,mujer,miedo,1,5.368423078976741,5.368423078976741,100.0,0.0
2023,5,rural,20,mujer,otra_razon,1,0.0,5.368423078976741,0.0,
2023,5,rural,20,mujer,verguenza,1,5.368423078976741,5.368423078976741,100.0,0.0
2023,5,rural,22,mujer,dependencia_economica,1,0.0,1.1162068094719755,0.0,
2023,5,rural,22,mujer,desconfianza_justicia,1,0.0,1.1162068094719755,0.0,
2023,5,rural,22,mujer,desconocimiento,1,1.1162068094719755,1.1162068094719755,100.0,0.0
2023,5,rural,22,mujer,miedo,1,1.1162068094719755,1.1162068094719755,100.0,0.0
2023,5,rural,22,mujer,otra_razon,1,0.0,1.1162068094719755,0.0,
2023,5,rural,22,mujer,verguenza,1,0.0,1.1162068094719755,0.0,
2023,5,rural,23,mujer,dependencia_economica,1,0.0,0.27870060990301415,0.0,
2023,5,rural,23,mujer,desconfianza_justicia,1,0.0,0.27870060990301415,0.0,
2023,5,rural,23,mujer,desconocimiento,1,0.27870060990301415,0.27870060990301415,100.0,0.0
2023,5,rural,23,mujer,miedo,1,0.27870060990301415,0.27870060990301415,100.0,0.0
2023,5,rural,23,mujer,otra_razon,1,0.0,0.27870060990301415,0.0,
2023,5,rural,23,mujer,verguenza,1,0.0,0.27870060990301415,0.0,
2023,5,rural,24,mujer,dependencia_economica,1,0.0,0.397660968813092,0.0,
2023,5,rural,24,mujer,desconfianza_justicia,1,0.0,0.397660968813092,0.0,
2023,5,rural,24,mujer,desconocimiento,1,0.0,0.397660968813092,0.0,
2023,5,rural,24,mujer,miedo,1,0.0,0.397660968813092,0.0,
2023,5,rural,24,mujer,otra_razon,1,0.0,0.397660968813092,0.0,
2023,5,rural,24,mujer,verguenza,1,0.397660968813092,0.397660968813092,100.0,0.0
2023,5,rural,25,mujer,dependencia_economica,1,0.0,1.2581341818478926,0.0,
2023,5,rural,25,mujer,desconfianza_justicia,1,0.0,1.2581341818478926,0.0,
2023,5,rural,25,mujer,desconocimiento,1,0.0,1.2581341818478926,0.0,
2023,5,rural,25,mujer,miedo,1,1.2581341818478926,1.2581341818478926,100.0,0.0
2023,5,rural,25,mujer,otra_razon,1,0.0,1.2581341818478926,0.0,
2023,5,rural,25,mujer,verguenza,1,0.0,1.2581341818478926,0.0,
2023,5,rural,27,hombre,dependencia_economica,1,0.0,1.0640252579245206,0.0,
2023,5,rural,27,hombre,desconfianza_justicia,1,0.0,1.0640252579245206,0.0,
2023,5,rural,27,hombre,desconocimiento,1,0.0,1.0640252579245206,0.0,
2023,5,rural,27,hombre,miedo,1,0.0,1.0640252579245206,0.0,
2023,5,rural,27,hombre,otra_razon,1,1.0640252579245206,1.0640252579245206,100.0,0.0
2023,5,rural,27,hombre,verguenza,1,0.0,1.0640252579245206,0.0,
2023,5,rural,27,mujer,dependencia_economica,1,0.0,1.167698492647022,0.0,
2023,5,rural,27,mujer,desconfianza_justicia,1,1.167698492647022,1.167698492647022,100.0,0.0
2023,5,rural,27,mujer,desconocimiento,1,0.0,1.167698492647022,0.0,
2023,5,rural,27,mujer,miedo,1,1.167698492647022,1.167698492647022,100.0,0.0
2023,5,rural,27,mujer,otra_razon,1,1.167698492647022,1.167698492647022,100.0,0.0
2023,5,rural,27,mujer,verguenza,1,1.167698492647022,1.167698492647022,100.0,0.0
2023,5,rural,28,mujer,dependencia_economica,1,0.0,1.1162068094719755,0.0,
2023,5,rural,28,mujer,desconfianza_justicia,1,0.0,1.1162068094719755,0.0,
2023,5,rural,28,mujer,desconocimiento,1,1.1162068094719755,1.1162068094719755,100.0,0.0
2023,5,rural,28,mujer,miedo,1,0.0,1.1162068094719755,0.0,
2023,5,rural,28,mujer,otra_razon,1,0.0,1.1162068094719755,0.0,
2023,5,rural,28,mujer,verguenza,1,0.0,1.1162068094719755,0.0,
2023,5,urbana,19,mujer,dependencia_economica,1,0.3679992876496365,0.3679992876496365,100.0,0.0
2023,5,urbana,19,mujer,desconfianza_justicia,1,0.0,0.3679992876496365,0.0,
2023,5,urbana,19,mujer,desconocimiento,1,0.3679992876496365,0.3679992876496365,100.0,0.0
2023,5,urbana,19,mujer,miedo,1,0.3679992876496365,0.3679992876496365,100.0,0.0
2023,5,urbana,19,mujer,otra_razon,1,0.3679992876496365,0.3679992876496365,100.0,0.0
2023,5,urbana,19,mujer,verguenza,1,0.3679992876496365,0.3679992876496365,100.0,0.0
2023,5,urbana,20,hombre,dependencia_economica,1,0.0,0.34873236744894587,0.0,
2023,5,urbana,20,hombre,desconfianza_justicia,1,0.0,0.34873236744894587,0.0,
2023,5,urbana,20,hombre,desconocimiento,1,0.0,0.34873236744894587,0.0,
2023,5,urbana,20,hombre,miedo,1,0.34873236744894587,0.34873236744894587,100.0,0.0
2023,5,urbana,20,hombre,otra_razon,1,0.0,0.34873236744894587,0.0,
2023,5,urbana,20,hombre,verguenza,1,0.0,0.34873236744894587,0.0,
2023,5,urbana,21,mujer,dependencia_economica,1,0.0,0.4138159477999827,0.0,
2023,5,urbana,21,mujer,desconfianza_justicia,1,0.0,0.4138159477999827,0.0,
2023,5,urbana,21,mujer,desconocimiento,1,0.0,0.4138159477999827,0.0,
2023,5,urbana,21,mujer,miedo,1,0.4138159477999827,0.4138159477999827,100.0,0.0
2023,5,urbana,21,mujer,otra_razon,1,0.0,0.4138159477999827,0.0,
2023,5,urbana,21,mujer,verguenza,1,0.0,0.4138159477999827,0.0,
2023,5,urbana,22,hombre,dependencia_economica,1,0.0,0.36698677327232493,0.0,
2023,5,urbana,22,hombre,desconfianza_justicia,1,0.0,0.36698677327232493,0.0,
2023,5,urbana,22,hombre,desconocimiento,1,0.0,0.36698677327232493,0.0,
2023,5,urbana,22,hombre,miedo,1,0.0,0.36698677327232493,0.0,
2023,5,urbana,22,hombre,otra_razon,1,0.0,0.36698677327232493,0.0,
2023,5,urbana,22,hombre,verguenza,1,0.0,0.36698677327232493,0.0,
2023,5,urbana,22,mujer,dependencia_economica,1,0.0,1.337924541903705,0.0,
2023,5,urbana,22,mujer,desconfianza_justicia,1,0.0,1.337924541903705,0.0,
2023,5,urbana,22,mujer,desconocimiento,1,0.0,1.337924541903705,0.0,
2023,5,urbana,22,mujer,miedo,1,1.337924541903705,1.337924541903705,100.0,0.0
2023,5,urbana,22,mujer,otra_razon,1,1.337924541903705,1.337924541903705,100.0,0.0
2023,5,urbana,22,mujer,verguenza,1,0.0,1.337924541903705,0.0,
2023,5,urbana,23,mujer,dependencia_economica,2,0.0,0.735998575299273,0.0,
2023,5,urbana,23,mujer,desconfianza_justicia,2,0.0,0.735998575299273,0.0,
2023,5,urbana,23,mujer,desconocimiento,2,0.735998575299273,0.735998575299273,100.0,0.0
2023,5,urbana,23,mujer,miedo,2,0.0,0.735998575299273,0.0,
2023,5,urbana,23,mujer,otra_razon,2,0.0,0.735998575299273,0.0,
2023,5,urbana,23,mujer,verguenza,2,0.0,0.735998575299273,0.0,
2023,5,urbana,24,mujer,dependencia_economica,3,0.0,1.5780490128339542,0.0,
2023,5,urbana,24,mujer,desconfianza_justicia,3,0.0,1.5780490128339542,0.0,
2023,5,urbana,24,mujer,desconocimiento,3,0.0,1.5780490128339542,0.0,
2023,5,urbana,24,mujer,miedo,3,1.0796065364384562,1.5780490128339542,68.41400537361223,0.39073418001740906
2023,5,urbana,24,mujer,otra_razon,3,0.29342624009605073,1.5780490128339542,18.59424122506173,0.5898884603342732
2023,5,urbana,24,mujer,verguenza,3,0.49844247639549794,1.5780490128339542,31.585994626387766,0.846314659631856
2023,5,urbana,25,mujer,dependencia_economica,3,0.0,2.61569869473863,0.0,
2023,5,urbana,25,mujer,desconfianza_justicia,3,0.0,2.61569869473863,0.0,
2023,5,urbana,25,mujer,desconocimiento,3,0.8095005631686282,2.61569869473863,30.947775628626694,0.9075046405456879
2023,5,urbana,25,mujer,miedo,3,0.7673390755035953,2.61569869473863,29.33591231463571,0.9275814048621494
2023,5,urbana,25,mujer,otra_razon,3,1.0388590560664064,2.61569869473863,39.71631205673759,0.7893927937513531
2023,5,urbana,25,mujer,verguenza,3,0.7673390755035953,2.61569869473863,29.33591231463571,0.9275814048621494
2023,5,urbana,26,mujer,dependencia_economica,5,0.4791553079789273,2.191430183420821,21.86495885673009,0.9510986032172268
2023,5,urbana,26,mujer,desconfianza_justicia,5,0.0,2.191430183420821,0.0,
2023,5,urbana,26,mujer,desconocimiento,5,0.4791553079789273,2.191430183420821,21.86495885673009,0.9510986032172268
2023,5,urbana,26,mujer,miedo,5,0.9618908762446916,2.191430183420821,43.89329322566784,0.5737662291873631
2023,5,urbana,26,mujer,otra_razon,5,2.191430183420821,2.191430183420821,100.0,0.0
2023,5,urbana,26,mujer,verguenza,5,0.8047652720048486,2.191430183420821,36.72329048368817,0.6522609638756642
2023,5,urbana,27,hombre,dependencia_economica,1,0.0,0.412178124544862,0.0,
2023,5,urbana,27,hombre,desconfianza_justicia,1,0.0,0.412178124544862,0.0,
2023,5,urbana,27,hombre,desconocimiento,1,0.412178124544862,0.412178124544862,100.0,0.0
2023,5,urbana,27,hombre,miedo,1,0.0,0.412178124544862,0.0,
2023,5,urbana,27,hombre,otra_razon,1,0.0,0.412178124544862,0.0,
2023,5,urbana,27,hombre,verguenza,1,0.412178124544862,0.412178124544862,100.0,0.0
2023,5,urbana,27,mujer,dependencia_economica,5,0.0,3.550834226989219,0.0,
2023,5,urbana,27,mujer,desconfianza_justicia,5,0.0,3.550834226989219,0.0,
2023,5,urbana,27,mujer,desconocimiento,5,0.8027547251422228,3.550834226989219,22.607496543787825,0.8875716229295203
2023,5,urbana,27,mujer,miedo,5,0.4311470390789432,3.550834226989219,12.142133693594484,1.013405979629313
2023,5,urbana,27,mujer,otra_razon,5,2.3169324627680528,3.550834226989219,65.2503697626177,0.3158601338495613
2023,5,urbana,27,mujer,verguenza,5,0.0,3.550834226989219,0.0,
2023,6,rural,22,mujer,dependencia_economica,1,0.0,0.8488716688305015,0.0,
2023,6,rural,22,mujer,desconfianza_justicia,1,0.0,0.8488716688305015,0.0,
2023,6,rural,22,mujer,desconocimiento,1,0.0,0.8488716688305015,0.0,
2023,6,rural,22,mujer,miedo,1,0.8488716688305015,0.8488716688305015,100.0,0.0
2023,6,rural,22,mujer,otra_razon,1,0.0,0.8488716688305015,0.0,
2023,6,rural,22,mujer,verguenza,1,0.0,0.8488716688305015,0.0,
2023,6,rural,23,mujer,dependencia_economica,1,0.0,0.6433151291958152,0.0,
2023,6,rural,23,mujer,desconfianza_justicia,1,0.0,0.6433151291958152,0.0,
2023,6,rural,23,mujer,desconocimiento,1,0.6433151291958152,0.6433151291958152,100.0,0.0
2023,6,rural,23,mujer,miedo,1,0.0,0.6433151291958152,0.0,
2023,6,rural,23,mujer,otra_razon,1,0.0,0.6433151291958152,0.0,
2023,6,rural,23,mujer,verguenza,1,0.6433151291958152,0.6433151291958152,100.0,0.0
2023,6,rural,25,mujer,dependencia_economica,1,0.0,0.8488716688305015,0.0,
2023,6,rural,25,mujer,desconfianza_justicia,1,0.0,0.8488716688305015,0.0,
2023,6,rural,25,mujer,desconocimiento,1,0.0,0.8488716688305015,0.0,
2023,6,rural,25,mujer,miedo,1,0.8488716688305015,0.8488716688305015,100.0,0.0
2023,6,rural,25,mujer,otra_razon,1,0.0,0.8488716688305015,0.0,
2023,6,rural,25,mujer,verguenza,1,0.0,0.8488716688305015,0.0,
2023,6,urbana,20,mujer,dependencia_economica,1,0.0,0.7763344626463349,0.0,
2023,6,urbana,20,mujer,desconfianza_justicia,1,0.0,0.7763344626463349,0.0,
2023,6,urbana,20,mujer,desconocimiento,1,0.0,0.7763344626463349,0.0,
2023,6,urbana,20,mujer,miedo,1,0.0,0.7763344626463349,0.0,
2023,6,urbana,20,mujer,otra_razon,1,0.7763344626463349,0.7763344626463349,100.0,0.0
2023,6,urbana,20,mujer,verguenza,1,0.0,0.7763344626463349,0.0,
2023,6,urbana,22,mujer,dependencia_economica,2,0.0,1.2024872124473258,0.0,
2023,6,urbana,22,mujer,desconfianza_justicia,2,0.0,1.2024872124473258,0.0,
2023,6,urbana,22,mujer,desconocimiento,2,0.0,1.2024872124473258,0.0,
2023,6,urbana,22,mujer,miedo,2,0.355369313500884,1.2024872124473258,29.552855932465956,0.7044714406753404
2023,6,urbana,22,mujer,otra_razon,2,0.8471178989464417,1.2024872124473258,70.44714406753404,0.29552855932465955
2023,6,urbana,22,mujer,verguenza,2,0.0,1.2024872124473258,0.0,
2023,6,urbana,24,mujer,dependencia_economica,1,0.0,0.8124872930146689,0.0,
2023,6,urbana,24,mujer,desconfianza_justicia,1,0.0,0.8124872930146689,0.0,
2023,6,urbana,24,mujer,desconocimiento,1,0.0,0.8124872930146689,0.0,
2023,6,urbana,24,mujer,miedo,1,0.0,0.8124872930146689,0.0,
2023,6,urbana,24,mujer,otra_razon,1,0.8124872930146689,0.8124872930146689,100.0,0.0
2023,6,urbana,24,mujer,verguenza,1,0.0,0.8124872930146689,0.0,
2023,6,urbana,25,mujer,dependencia_economica,2,0.0,0.9510984165380911,0.0,
2023,6,urbana,25,mujer,desconfianza_justicia,2,0.0,0.9510984165380911,0.0,
2023,6,urbana,25,mujer,desconocimiento,2,0.0,0.9510984165380911,0.0,
2023,6,urbana,25,mujer,miedo,2,0.355369313500884,0.9510984165380911,37.36409474788056,0.6263590525211944
2023,6,urbana,25,mujer,otra_razon,2,0.0,0.9510984165380911,0.0,
2023,6,urbana,25,mujer,verguenza,2,0.595729103037207,0.9510984165380911,62.63590525211944,0.37364094747880555
2023,6,urbana,26,mujer,dependencia_economica,2,0.0,1.6172857394699376,0.0,
2023,6,urbana,26,mujer,desconfianza_justicia,2,0.0,1.6172857394699376,0.0,
2023,6,urbana,26,mujer,desconocimiento,2,0.0,1.6172857394699376,0.0,
2023,6,urbana,26,mujer,miedo,2,0.0,1.6172857394699376,0.0,
2023,6,urbana,26,mujer,otra_razon,2,0.0,1.6172857394699376,0.0,
2023,6,urbana,26,mujer,verguenza,2,1.6172857394699376,1.6172857394699376,100.0,0.0
2023,6,urbana,27,hombre,dependencia_economica,1,0.0,0.8249236530472827,0.0,
2023,6,urbana,27,hombre,desconfianza_justicia,1,0.8249236530472827,0.8249236530472827,100.0,0.0
2023,6,urbana,27,hombre,desconocimiento,1,0.0,0.8249236530472827,0.0,
2023,6,urbana,27,hombre,miedo,1,0.0,0.8249236530472827,0.0,
2023,6,urbana,27,hombre,otra_razon,1,0.0,0.8249236530472827,0.0,
2023,6,urbana,27,hombre,verguenza,1,0.0,0.8249236530472827,0.0,
2023,6,urbana,27,mujer,dependencia_economica,1,0.0,0.8598532499861384,0.0,
2023,6,urbana,27,mujer,desconfianza_justicia,1,0.0,0.8598532499861384,0.0,
2023,6,urbana,27,mujer,desconocimiento,1,0.0,0.8598532499861384,0.0,
2023,6,urbana,27,mujer,miedo,1,0.0,0.8598532499861384,0.0,
2023,6,urbana,27,mujer,otra_razon,1,0.0,0.8598532499861384,0.0,
2023,6,urbana,27,mujer,verguenza,1,0.8598532499861384,0.8598532499861384,100.0,0.0
2023,6,urbana,28,mujer,dependencia_economica,1,0.0,0.8124872930146689,0.0,
2023,6,urbana,28,mujer,desconfianza_justicia,1,0.0,0.8124872930146689,0.0,
2023,6,urbana,28,mujer,desconocimiento,1,0.0,0.8124872930146689,0.0,
2023,6,urbana,28,mujer,miedo,1,0.8124872930146689,0.8124872930146689,100.0,0.0
2023,6,urbana,28,mujer,otra_razon,1,0.0,0.8124872930146689,0.0,
2023,6,urbana,28,mujer,verguenza,1,0.0,0.8124872930146689,0.0,
2023,7,rural,17,mujer,dependencia_economica,1,0.0,1.0258026603891401,0.0,
2023,7,rural,17,mujer,desconfianza_justicia,1,0.0,1.0258026603891401,0.0,
2023,7,rural,17,mujer,desconocimiento,1,0.0,1.0258026603891401,0.0,
2023,7,rural,17,mujer,miedo,1,1.0258026603891401,1.0258026603891401,100.0,0.0
2023,7,rural,17,mujer,otra_razon,1,0.0,1.0258026603891401,0.0,
2023,7,rural,17,mujer,verguenza,1,0.0,1.0258026603891401,0.0,
2023,7,rural,18,mujer,dependencia_economica,1,0.0,1.393026286175174,0.0,
2023,7,rural,18,mujer,desconfianza_justicia,1,0.0,1.393026286175174,0.0,
2023,7,rural,18,mujer,desconocimiento,1,0.0,1.393026286175174,0.0,
2023,7,rural,18,mujer,miedo,1,0.0,1.393026286175174,0.0,
2023,7,rural,18,mujer,otra_razon,1,0.0,1.393026286175174,0.0,
2023,7,rural,18,mujer,verguenza,1,1.393026286175174,1.393026286175174,100.0,0.0
2023,7,rural,21,mujer,dependencia_economica,1,0.0,1.8042871567071312,0.0,
2023,7,rural,21,mujer,desconfianza_justicia,1,0.0,1.8042871567071312,0.0,
2023,7,rural,21,mujer,desconocimiento,1,0.0,1.8042871567071312,0.0,
2023,7,rural,21,mujer,miedo,1,0.0,1.8042871567071312,0.0,
2023,7,rural,21,mujer,otra_razon,1,1.8042871567071312,1.8042871567071312,100.0,0.0
2023,7,rural,21,mujer,verguenza,1,0.0,1.8042871567071312,0.0,
2023,7,rural,23,mujer,dependencia_economica,2,0.0,3.2518679414667226,0.0,
2023,7,rural,23,mujer,desconfianza_justicia,2,0.0,3.2518679414667226,0.0,
2023,7,rural,23,mujer,desconocimiento,2,0.0,3.2518679414667226,0.0,
2023,7,rural,23,mujer,miedo,2,0.0,3.2518679414667226,0.0,
2023,7,rural,23,mujer,otra_razon,2,0.0,3.2518679414667226,0.0,
2023,7,rural,23,mujer,verguenza,2,3.2518679414667226,3.2518679414667226,100.0,0.0
2023,7,rural,24,mujer,dependencia_economica,4,0.0,6.258984025867908,0.0,
2023,7,rural,24,mujer,desconfianza_justicia,4,0.0,6.258984025867908,0.0,
2023,7,rural,24,mujer,desconocimiento,4,2.0840963949130504,6.258984025867908,33.29767876542962,0.8854864351250303
2023,7,rural,24,mujer,miedo,4,0.0,6.258984025867908,0.0,
2023,7,rural,24,mujer,otra_razon,4,3.1490849705657165,6.258984025867908,50.31303734840649,0.5981895981802312
2023,7,rural,24,mujer,verguenza,4,1.0258026603891401,6.258984025867908,16.389283886163877,0.4352915091506529
2023,7,rural,25,mujer,dependencia_economica,1,0.0,0.813698129495373,0.0,
2023,7,rural,25,mujer,desconfianza_justicia,1,0.0,0.813698129495373,0.0,
2023,7,rural,25,mujer,desconocimiento,1,0.0,0.813698129495373,0.0,
2023,7,rural,25,mujer,miedo,1,0.0,0.813698129495373,0.0,
2023,7,rural,25,mujer,otra_razon,1,0.813698129495373,0.813698129495373,100.0,0.0
2023,7,rural,25,mujer,verguenza,1,0.813698129495373,0.813698129495373,100.0,0.0
2023,7,rural,27,mujer,dependencia_economica,1,0.0,1.8315740220017205,0.0,
2023,7,rural,27,mujer,desconfianza_justicia,1,0.0,1.8315740220017205,0.0,
2023,7,rural,27,mujer,desconocimiento,1,0.0,1.8315740220017205,0.0,
2023,7,rural,27,mujer,miedo,1,1.8315740220017205,1.8315740220017205,100.0,0.0
2023,7,rural,27,mujer,otra_razon,1,0.0,1.8315740220017205,0.0,
2023,7,rural,27,mujer,verguenza,1,1.8315740220017205,1.8315740220017205,100.0,0.0
2023,7,rural,28,mujer,dependencia_economica,2,0.0,3.976714789350283,0.0,
2023,7,rural,28,mujer,desconfianza_justicia,2,0.0,3.976714789350283,0.0,
2023,7,rural,28,mujer,desconocimiento,2,0.0,3.976714789350283,0.0,
2023,7,rural,28,mujer,miedo,2,2.9678918886149415,3.976714789350283,74.63175122749591,0.40110723185441793
2023,7,rural,28,mujer,otra_razon,2,1.008822900735342,3.976714789350283,25.368248772504092,1.1800315982297716
2023,7,rural,28,mujer,verguenza,2,0.0,3.976714789350283,0.0,
2023,7,urbana,18,mujer,dependencia_economica,1,0.0,1.6293128072036425,0.0,
2023,7,urbana,18,mujer,desconfianza_justicia,1,0.0,1.6293128072036425,0.0,
2023,7,urbana,18,mujer,desconocimiento,1,0.0,1.6293128072036425,0.0,
2023,7,urbana,18,mujer,miedo,1,0.0,1.6293128072036425,0.0,
2023,7,urbana,18,mujer,otra_razon,1,0.0,1.6293128072036425,0.0,
2023,7,urbana,18,mujer,verguenza,1,1.6293128072036425,1.6293128072036425,100.0,0.0
2023,7,urbana,20,mujer,dependencia_economica,2,0.0,2.149328178337269,0.0,
2023,7,urbana,20,mujer,desconfianza_justicia,2,0.0,2.149328178337269,0.0,
2023,7,urbana,20,mujer,desconocimiento,2,0.0,2.149328178337269,0.0,
2023,7,urbana,20,mujer,miedo,2,0.0,2.149328178337269,0.0,
2023,7,urbana,20,mujer,otra_razon,2,2.149328178337269,2.149328178337269,100.0,0.0
2023,7,urbana,20,mujer,verguenza,2,0.0,2.149328178337269,0.0,
2023,7,urbana,21,mujer,dependencia_economica,2,0.0,2.7155796764324536,0.0,
2023,7,urbana,21,mujer,desconfianza_justicia,2,0.0,2.7155796764324536,0.0,
2023,7,urbana,21,mujer,desconocimiento,2,0.0,2.7155796764324536,0.0,
2023,7,urbana,21,mujer,miedo,2,1.2854538912849245,2.7155796764324536,47.336261294077275,0.7447777352318883
2023,7,urbana,21,mujer,otra_razon,2,1.430125785147529,2.7155796764324536,52.663738705922725,0.6694358271412068
2023,7,urbana,21,mujer,verguenza,2,0.0,2.7155796764324536,0.0,
2023,7,urbana,23,hombre,dependencia_economica,1,0.0,2.0401834289453373,0.0,
2023,7,urbana,23,hombre,desconfianza_justicia,1,0.0,2.0401834289453373,0.0,
2023,7,urbana,23,hombre,desconocimiento,1,0.0,2.0401834289453373,0.0,
2023,7,urbana,23,hombre,miedo,1,0.0,2.0401834289453373,0.0,
2023,7,urbana,23,hombre,otra_razon,1,2.0401834289453373,2.0401834289453373,100.0,0.0
2023,7,urbana,23,hombre,verguenza,1,0.0,2.0401834289453373,0.0,
2023,7,urbana,23,mujer,dependencia_economica,3,0.0,6.046644164428181,0.0,
2023,7,urbana,23,mujer,desconfianza_justicia,3,0.0,6.046644164428181,0.0,
2023,7,urbana,23,mujer,desconocimiento,3,1.7942793899185405,6.046644164428181,29.673970240784325,0.8831637992492845
2023,7,urbana,23,mujer,miedo,3,1.7942793899185405,6.046644164428181,29.673970240784325,0.8831637992492845
2023,7,urbana,23,mujer,otra_razon,3,4.2523647745096405,6.046644164428181,70.32602975921567,0.3726497341935768
2023,7,urbana,23,mujer,verguenza,3,0.0,6.046644164428181,0.0,
2023,7,urbana,24,mujer,dependencia_economica,2,0.0,3.27624857693943,0.0,
2023,7,urbana,24,mujer,desconfianza_justicia,2,1.86181229362735,3.27624857693943,56.82756512225936,0.6105504292477004
2023,7,urbana,24,mujer,desconocimiento,2,1.86181229362735,3.27624857693943,56.82756512225936,0.6105504292477004
2023,7,urbana,24,mujer,miedo,2,0.0,3.27624857693943,0.0,
2023,7,urbana,24,mujer,otra_razon,2,0.0,3.27624857693943,0.0,
2023,7,urbana,24,mujer,verguenza,2,3.27624857693943,3.27624857693943,100.0,0.0
2023,7,urbana,25,hombre,dependencia_economica,1,0.0,1.6863781422133044,0.0,
2023,7,urbana,25,hombre,desconfianza_justicia,1,0.0,1.6863781422133044,0.0,
2023,7,urbana,25,hombre,desconocimiento,1,0.0,1.6863781422133044,0.0,
2023,7,urbana,25,hombre,miedo,1,0.0,1.6863781422133044,0.0,
2023,7,urbana,25,hombre,otra_razon,1,1.6863781422133044,1.6863781422133044,100.0,0.0
2023,7,urbana,25,hombre,verguenza,1,0.0,1.6863781422133044,0.0,
2023,7,urbana,26,mujer,dependencia_economica,1,0.0,2.5901895909391235,0.0,
2023,7,urbana,26,mujer,desconfianza_justicia,1,0.0,2.5901895909391235,0.0,
2023,7,urbana,26,mujer,desconocimiento,1,0.0,2.5901895909391235,0.0,
2023,7,urbana,26,mujer,miedo,1,0.0,2.5901895909391235,0.0,
2023,7,urbana,26,mujer,otra_razon,1,2.5901895909391235,2.5901895909391235,100.0,0.0
2023,7,urbana,26,mujer,verguenza,1,2.5901895909391235,2.5901895909391235,100.0,0.0
2023,7,urbana,27,mujer,dependencia_economica,3,0.0,5.963909312363825,0.0,
2023,7,urbana,27,mujer,desconfianza_justicia,3,0.0,5.963909312363825,0.0,
2023,7,urbana,27,mujer,desconocimiento,3,4.451284690291478,5.963909312363825,74.63702845151397,0.3274810885095573
2023,7,urbana,27,mujer,miedo,3,0.0,5.963909312363825,0.0,
2023,7,urbana,27,mujer,otra_razon,3,1.5126246220723465,5.963909312363825,25.36297154848604,0.9636968315678135
2023,7,urbana,27,mujer,verguenza,3,0.0,5.963909312363825,0.0,
2023,7,urbana,28,hombre,dependencia_economica,1,0.0,1.5119654109708163,0.0,
2023,7,urbana,28,hombre,desconfianza_justicia,1,0.0,1.5119654109708163,0.0,
2023,7,urbana,28,hombre,desconocimiento,1,0.0,1.5119654109708163,0.0,
2023,7,urbana,28,hombre,miedo,1,0.0,1.5119654109708163,0.0,
2023,7,urbana,28,hombre,otra_razon,1,1.5119654109708163,1.5119654109708163,100.0,0.0
2023,7,urbana,28,hombre,verguenza,1,0.0,1.5119654109708163,0.0,
2023,7,urbana,28,mujer,dependencia_economica,4,1.86181229362735,7.658390679133667,24.310751065496202,0.8703602541550427
2023,7,urbana,28,mujer,desconfianza_justicia,4,0.0,7.658390679133667,0.0,
2023,7,urbana,28,mujer,desconocimiento,4,0.0,7.658390679133667,0.0,
2023,7,urbana,28,mujer,miedo,4,1.86181229362735,7.658390679133667,24.310751065496202,0.8703602541550427
2023,7,urbana,28,mujer,otra_razon,4,5.796578385506317,7.658390679133667,75.6892489345038,0.27955240372876305
2023,7,urbana,28,mujer,verguenza,4,1.86181229362735,7.658390679133667,24.310751065496202,0.8703602541550427
2023,8,rural,20,mujer,dependencia_economica,1,0.0,0.5016126748184511,0.0,
2023,8,rural,20,mujer,desconfianza_justicia,1,0.0,0.5016126748184511,0.0,
2023,8,rural,20,mujer,desconocimiento,1,0.5016126748184511,0.5016126748184511,100.0,0.0
2023,8,rural,20,mujer,miedo,1,0.0,0.5016126748184511,0.0,
2023,8,rural,20,mujer,otra_razon,1,0.0,0.5016126748184511,0.0,
2023,8,rural,20,mujer,verguenza,1,0.0,0.5016126748184511,0.0,
2023,8,rural,21,mujer,dependencia_economica,1,0.0,0.5016126748184511,0.0,
2023,8,rural,21,mujer,desconfianza_justicia,1,0.0,0.5016126748184511,0.0,
2023,8,rural,21,mujer,desconocimiento,1,0.5016126748184511,0.5016126748184511,100.0,0.0
2023,8,rural,21,mujer,miedo,1,0.5016126748184511,0.5016126748184511,100.0,0.0
2023,8,rural,21,mujer,otra_razon,1,0.0,0.5016126748184511,0.0,
2023,8,rural,21,mujer,verguenza,1,0.0,0.5016126748184511,0.0,
2023,8,rural,23,mujer,dependencia_economica,2,0.0,1.2800933013552909,0.0,
2023,8,rural,23,mujer,desconfianza_justicia,2,0.0,1.2800933013552909,0.0,
2023,8,rural,23,mujer,desconocimiento,2,0.5079063019426506,1.2800933013552909,39.67728769496004,0.853091978609179
2023,8,rural,23,mujer,miedo,2,0.0,1.2800933013552909,0.0,
2023,8,rural,23,mujer,otra_razon,2,0.0,1.2800933013552909,0.0,
2023,8,rural,23,mujer,verguenza,2,1.2800933013552909,1.2800933013552909,100.0,0.0
2023,8,rural,24,mujer,dependencia_economica,2,0.0,1.4074875891108543,0.0,
2023,8,rural,24,mujer,desconfianza_justicia,2,0.0,1.4074875891108543,0.0,
2023,8,rural,24,mujer,desconocimiento,2,0.528519101820207,1.4074875891108543,37.55053372471199,0.8831688216947353
2023,8,rural,24,mujer,miedo,2,0.528519101820207,1.4074875891108543,37.55053372471199,0.8831688216947353
2023,8,rural,24,mujer,otra_razon,2,1.4074875891108543,1.4074875891108543,100.0,0.0
2023,8,rural,24,mujer,verguenza,2,0.0,1.4074875891108543,0.0,
2023,8,rural,25,mujer,dependencia_economica,2,0.0,1.0465768602235925,0.0,
2023,8,rural,25,mujer,desconfianza_justicia,2,0.0,1.0465768602235925,0.0,
2023,8,rural,25,mujer,desconocimiento,2,0.503409224539189,1.0465768602235925,48.10054986612639,0.7339690625903019
2023,8,rural,25,mujer,miedo,2,0.0,1.0465768602235925,0.0,
2023,8,rural,25,mujer,otra_razon,2,0.0,1.0465768602235925,0.0,
2023,8,rural,25,mujer,verguenza,2,1.0465768602235925,1.0465768602235925,100.0,0.0
2023,8,rural,26,mujer,dependencia_economica,2,0.0,0.911169142894027,0.0,
2023,8,rural,26,mujer,desconfianza_justicia,2,0.0,0.911169142894027,0.0,
2023,8,rural,26,mujer,desconocimiento,2,0.37493499535991676,0.911169142894027,41.14878102314351,0.8322819203925931
2023,8,rural,26,mujer,miedo,2,0.37493499535991676,0.911169142894027,41.14878102314351,0.8322819203925931
2023,8,rural,26,mujer,otra_razon,2,0.911169142894027,0.911169142894027,100.0,0.0
2023,8,rural,26,mujer,verguenza,2,0.37493499535991676,0.911169142894027,41.14878102314351,0.8322819203925931
2023,8,rural,27,mujer,dependencia_economica,2,0.0,0.8799897096042666,0.0,
2023,8,rural,27,mujer,desconfianza_justicia,2,0.0,0.8799897096042666,0.0,
2023,8,rural,27,mujer,desconocimiento,2,0.8799897096042666,0.8799897096042666,100.0,0.0
2023,8,rural,27,mujer,miedo,2,0.3368220739198631,0.8799897096042666,38.275683254447685,0.8729136586977282
2023,8,rural,27,mujer,otra_razon,2,0.3368220739198631,0.8799897096042666,38.275683254447685,0.8729136586977282
2023,8,rural,27,mujer,verguenza,2,0.8799897096042666,0.8799897096042666,100.0,0.0
2023,8,urbana,19,mujer,dependencia_economica,3,0.0,1.4465738580733047,0.0,
2023,8,urbana,19,mujer,desconfianza_justicia,3,0.0,1.4465738580733047,0.0,
2023,8,urbana,19,mujer,desconocimiento,3,1.1016011931463234,1.4465738580733047,76.1524333512807,0.2928926164399524
2023,8,urbana,19,mujer,miedo,3,0.7692745762194996,1.4465738580733047,53.17907356933011,0.6039226365438647
2023,8,urbana,19,mujer,otra_razon,3,1.1142472411464808,1.4465738580733047,77.02664021804938,0.30844556473193285
2023,8,urbana,19,mujer,verguenza,3,0.33232661692682386,1.4465738580733047,22.97335978195061,1.0341772281878387
2023,8,urbana,21,mujer,dependencia_economica,3,0.0,0.9873319546225843,0.0,
2023,8,urbana,21,mujer,desconfianza_justicia,3,0.0,0.9873319546225843,0.0,
2023,8,urbana,21,mujer,desconocimiento,3,0.27481556679539787,0.9873319546225843,27.834161095337826,0.9470441076312952
2023,8,urbana,21,mujer,miedo,3,0.41584049185488187,0.9873319546225843,42.11759681310429,0.6789570067287307
2023,8,urbana,21,mujer,otra_razon,3,0.29667589597230454,0.9873319546225843,30.04824209155788,0.9173551748879247
2023,8,urbana,21,mujer,verguenza,3,0.27481556679539787,0.9873319546225843,27.834161095337826,0.9470441076312952
2023,8,urbana,22,mujer,dependencia_economica,4,0.0,1.9919229752461136,0.0,
2023,8,urbana,22,mujer,desconfianza_justicia,4,0.5116098172517638,1.9919229752461136,25.68421689039213,0.9296922440732409
2023,8,urbana,22,mujer,desconocimiento,4,0.966673143055079,1.9919229752461136,48.529644723618944,0.4699075091576164
2023,8,urbana,22,mujer,miedo,4,0.0,1.9919229752461136,0.0,
2023,8,urbana,22,mujer,otra_razon,4,0.5136400149392708,1.9919229752461136,25.786138385988927,0.9282293693590452
2023,8,urbana,22,mujer,verguenza,4,0.49233572878047976,1.9919229752461136,24.716604753235945,0.843666001562903
2023,8,urbana,23,mujer,dependencia_economica,2,0.0,0.7330560435127825,0.0,
2023,8,urbana,23,mujer,desconfianza_justicia,2,0.0,0.7330560435127825,0.0,
2023,8,urbana,23,mujer,desconocimiento,2,0.281573326634629,0.7330560435127825,38.41088674275681,0.9738093848148015
2023,8,urbana,23,mujer,miedo,2,0.281573326634629,0.7330560435127825,38.41088674275681,0.9738093848148015
2023,8,urbana,23,mujer,otra_razon,2,0.45148271687815356,0.7330560435127825,61.58911325724319,0.6073294452693881
2023,8,urbana,23,mujer,verguenza,2,0.281573326634629,0.7330560435127825,38.41088674275681,0.9738093848148015
2023,8,urbana,24,mujer,dependencia_economica,1,0.0,0.7634480283469273,0.0,
2023,8,urbana,24,mujer,desconfianza_justicia,1,0.0,0.7634480283469273,0.0,
2023,8,urbana,24,mujer,desconocimiento,1,0.0,0.7634480283469273,0.0,
2023,8,urbana,24,mujer,miedo,1,0.0,0.7634480283469273,0.0,
2023,8,urbana,24,mujer,otra_razon,1,0.7634480283469273,0.7634480283469273,100.0,0.0
2023,8,urbana,24,mujer,verguenza,1,0.0,0.7634480283469273,0.0,
2023,8,urbana,25,mujer,dependencia_economica,1,0.0,0.5120687995009878,0.0,
2023,8,urbana,25,mujer,desconfianza_justicia,1,0.0,0.5120687995009878,0.0,
2023,8,urbana,25,mujer,desconocimiento,1,0.0,0.5120687995009878,0.0,
2023,8,urbana,25,mujer,miedo,1,0.0,0.5120687995009878,0.0,
2023,8,urbana,25,mujer,otra_razon,1,0.5120687995009878,0.5120687995009878,100.0,0.0
2023,8,urbana,25,mujer,verguenza,1,0.0,0.5120687995009878,0.0,
2023,8,urbana,26,mujer,dependencia_economica,1,0.0,0.9415920812926677,0.0,
2023,8,urbana,26,mujer,desconfianza_justicia,1,0.9415920812926677,0.9415920812926677,100.0,0.0
2023,8,urbana,26,mujer,desconocimiento,1,0.0,0.9415920812926677,0.0,
2023,8,urbana,26,mujer,miedo,1,0.0,0.9415920812926677,0.0,
2023,8,urbana,26,mujer,otra_razon,1,0.0,0.9415920812926677,0.0,
2023,8,urbana,26,mujer,verguenza,1,0.0,0.9415920812926677,0.0,
2023,8,urbana,27,hombre,dependencia_economica,1,0.0,0.8422329095196371,0.0,
2023,8,urbana,27,hombre,desconfianza_justicia,1,0.0,0.8422329095196371,0.0,
2023,8,urbana,27,hombre,desconocimiento,1,0.0,0.8422329095196371,0.0,
2023,8,urbana,27,hombre,miedo,1,0.0,0.8422329095196371,0.0,
2023,8,urbana,27,hombre,otra_razon,1,0.0,0.8422329095196371,0.0,
2023,8,urbana,27,hombre,verguenza,1,0.8422329095196371,0.8422329095196371,100.0,0.0
2023,8,urbana,27,mujer,dependencia_economica,3,0.0,1.5246197869020932,0.0,
2023,8,urbana,27,mujer,desconfianza_justicia,3,0.0,1.5246197869020932,0.0,
2023,8,urbana,27,mujer,desconocimiento,3,0.49233572878047976,1.5246197869020932,32.29236121753785,0.8351079486486391
2023,8,urbana,27,mujer,miedo,3,1.0322840581216135,1.5246197869020932,67.70763878246215,0.3982949046568161
2023,8,urbana,27,mujer,otra_razon,3,0.0,1.5246197869020932,0.0,
2023,8,urbana,27,mujer,verguenza,3,0.90199076838127,1.5246197869020932,59.16168582686729,0.5008651009574707
2023,8,urbana,28,hombre,dependencia_economica,1,0.0,0.43360741178807455,0.0,
2023,8,urbana,28,hombre,desconfianza_justicia,1,0.0,0.43360741178807455,0.0,
2023,8,urbana,28,hombre,desconocimiento,1,0.0,0.43360741178807455,0.0,
2023,8,urbana,28,hombre,miedo,1,0.0,0.43360741178807455,0.0,
2023,8,urbana,28,hombre,otra_razon,1,0.0,0.43360741178807455,0.0,
2023,8,urbana,28,hombre,verguenza,1,0.43360741178807455,0.43360741178807455,100.0,0.0
2023,8,urbana,28,mujer,dependencia_economica,4,0.0,2.119088145110446,0.0,
2023,8,urbana,28,mujer,desconfianza_justicia,4,0.0,2.119088145110446,0.0,
2023,8,urbana,28,mujer,desconocimiento,4,0.9918808151061829,2.119088145110446,46.80696352319438,0.5598720028849928
2023,8,urbana,28,mujer,miedo,4,0.0,2.119088145110446,0.0,
2023,8,urbana,28,mujer,otra_razon,4,1.127207330004263,2.119088145110446,53.193036476805624,0.4926567489359722
2023,8,urbana,28,mujer,verguenza,4,0.6226290185208232,2.119088145110446,29.38193108943904,0.8164418168901137
2023,9,rural,17,mujer,dependencia_economica,2,0.0,0.28766868637354137,0.0,
2023,9,rural,17,mujer,desconfianza_justicia,2,0.0,0.28766868637354137,0.0,
2023,9,rural,17,mujer,desconocimiento,2,0.0,0.28766868637354137,0.0,
2023,9,rural,17,mujer,miedo,2,0.0,0.28766868637354137,0.0,
2023,9,rural,17,mujer,otra_razon,2,0.28766868637354137,0.28766868637354137,100.0,0.0
2023,9,rural,17,mujer,verguenza,2,0.08749047639097975,0.28766868637354137,30.413625304136254,1.1002571907641807
2023,9,rural,18,hombre,dependencia_economica,1,0.0,0.2366529703940663,0.0,
2023,9,rural,18,hombre,desconfianza_justicia,1,0.0,0.2366529703940663,0.0,
2023,9,rural,18,hombre,desconocimiento,1,0.0,0.2366529703940663,0.0,
2023,9,rural,18,hombre,miedo,1,0.2366529703940663,0.2366529703940663,100.0,0.0
2023,9,rural,18,hombre,otra_razon,1,0.0,0.2366529703940663,0.0,
2023,9,rural,18,hombre,verguenza,1,0.0,0.2366529703940663,0.0,
2023,9,rural,19,mujer,dependencia_economica,1,0.0,0.040475411760202196,0.0,
2023,9,rural,19,mujer,desconfianza_justicia,1,0.0,0.040475411760202196,0.0,
2023,9,rural,19,mujer,desconocimiento,1,0.040475411760202196,0.040475411760202196,100.0,0.0
2023,9,rural,19,mujer,miedo,1,0.0,0.040475411760202196,0.0,
2023,9,rural,19,mujer,otra_razon,1,0.040475411760202196,0.040475411760202196,100.0,0.0
2023,9,rural,19,mujer,verguenza,1,0.040475411760202196,0.040475411760202196,100.0,0.0
2023,9,rural,21,hombre,dependencia_economica,2,0.0,0.09818956153535444,0.0,
2023,9,rural,21,hombre,desconfianza_justicia,2,0.0,0.09818956153535444,0.0,
2023,9,rural,21,hombre,desconocimiento,2,0.0,0.09818956153535444,0.0,
2023,9,rural,21,hombre,miedo,2,0.0,0.09818956153535444,0.0,
2023,9,rural,21,hombre,otra_razon,2,0.09818956153535444,0.09818956153535444,100.0,0.0
2023,9,rural,21,hombre,verguenza,2,0.0,0.09818956153535444,0.0,
2023,9,rural,21,mujer,dependencia_economica,2,0.0,0.29932852827479006,0.0,
2023,9,rural,21,mujer,desconfianza_justicia,2,0.0,0.29932852827479006,0.0,
2023,9,rural,21,mujer,desconocimiento,2,0.0,0.29932852827479006,0.0,
2023,9,rural,21,mujer,miedo,2,0.12998585063802706,0.29932852827479006,43.42581423401689,0.8945164189499215
2023,9,rural,21,mujer,otra_razon,2,0.169342677636763,0.29932852827479006,56.57418576598311,0.6866224111342681
2023,9,rural,21,mujer,verguenza,2,0.0,0.29932852827479006,0.0,
2023,9,rural,22,mujer,dependencia_economica,1,0.0,0.13671694639001633,0.0,
2023,9,rural,22,mujer,desconfianza_justicia,1,0.0,0.13671694639001633,0.0,
2023,9,rural,22,mujer,desconocimiento,1,0.0,0.13671694639001633,0.0,
2023,9,rural,22,mujer,miedo,1,0.13671694639001633,0.13671694639001633,100.0,0.0
2023,9,rural,22,mujer,otra_razon,1,0.0,0.13671694639001633,0.0,
2023,9,rural,22,mujer,verguenza,1,0.0,0.13671694639001633,0.0,
2023,9,rural,23,mujer,dependencia_economica,2,0.0,0.21828221184824595,0.0,
2023,9,rural,23,mujer,desconfianza_justicia,2,0.0,0.21828221184824595,0.0,
2023,9,rural,23,mujer,desconocimiento,2,0.12998585063802706,0.21828221184824595,59.54944726709832,0.5720572028035762
2023,9,rural,23,mujer,miedo,2,0.0,0.21828221184824595,0.0,
2023,9,rural,23,mujer,otra_razon,2,0.08829636121021889,0.21828221184824595,40.45055273290168,0.8421563595695188
2023,9,rural,23,mujer,verguenza,2,0.0,0.21828221184824595,0.0,
2023,9,rural,24,mujer,dependencia_economica,2,0.0,0.2578352274929307,0.0,
2023,9,rural,24,mujer,desconfianza_justicia,2,0.17034475110195094,0.2578352274929307,66.06729140866581,0.4798809669791886
2023,9,rural,24,mujer,desconocimiento,2,0.17034475110195094,0.2578352274929307,66.06729140866581,0.4798809669791886
2023,9,rural,24,mujer,miedo,2,0.17034475110195094,0.2578352274929307,66.06729140866581,0.4798809669791886
2023,9,rural,24,mujer,otra_razon,2,0.0,0.2578352274929307,0.0,
2023,9,rural,24,mujer,verguenza,2,0.2578352274929307,0.2578352274929307,100.0,0.0
2023,9,rural,25,mujer,dependencia_economica,2,0.0,0.28790632221486606,0.0,
2023,9,rural,25,mujer,desconfianza_justicia,2,0.0,0.28790632221486606,0.0,
2023,9,rural,25,mujer,desconocimiento,2,0.0,0.28790632221486606,0.0,
2023,9,rural,25,mujer,miedo,2,0.0,0.28790632221486606,0.0,
2023,9,rural,25,mujer,otra_razon,2,0.28790632221486606,0.28790632221486606,100.0,0.0
2023,9,rural,25,mujer,verguenza,2,0.0,0.28790632221486606,0.0,
2023,9,rural,26,mujer,dependencia_economica,2,0.0,0.2193359821342071,0.0,
2023,9,rural,26,mujer,desconfianza_justicia,2,0.0,0.2193359821342071,0.0,
2023,9,rural,26,mujer,desconocimiento,2,0.0,0.2193359821342071,0.0,
2023,9,rural,26,mujer,miedo,2,0.1652188575214923,0.2193359821342071,75.326836898288,0.3489312188508454
2023,9,rural,26,mujer,otra_razon,2,0.054117124612714805,0.2193359821342071,24.673163101712,1.06528234352225
2023,9,rural,26,mujer,verguenza,2,0.0,0.2193359821342071,0.0,
2023,9,rural,27,mujer,dependencia_economica,1,0.0,0.07898174943477293,0.0,
2023,9,rural,27,mujer,desconfianza_justicia,1,0.0,0.07898174943477293,0.0,
2023,9,rural,27,mujer,desconocimiento,1,0.0,0.07898174943477293,0.0,
2023,9,rural,27,mujer,miedo,1,0.0,0.07898174943477293,0.0,
2023,9,rural,27,mujer,otra_razon,1,0.0,0.07898174943477293,0.0,
2023,9,rural,27,mujer,verguenza,1,0.07898174943477293,0.07898174943477293,100.0,0.0
2023,9,urbana,18,mujer,dependencia_economica,1,0.0,0.1758419073883728,0.0,
2023,9,urbana,18,mujer,desconfianza_justicia,1,0.0,0.1758419073883728,0.0,
2023,9,urbana,18,mujer,desconocimiento,1,0.0,0.1758419073883728,0.0,
2023,9,urbana,18,mujer,miedo,1,0.0,0.1758419073883728,0.0,
2023,9,urbana,18,mujer,otra_razon,1,0.1758419073883728,0.1758419073883728,100.0,0.0
2023,9,urbana,18,mujer,verguenza,1,0.0,0.1758419073883728,0.0,
2023,9,urbana,19,mujer,dependencia_economica,1,0.0,0.09879561153111514,0.0,
2023,9,urbana,19,mujer,desconfianza_justicia,1,0.0,0.09879561153111514,0.0,
2023,9,urbana,19,mujer,desconocimiento,1,0.0,0.09879561153111514,0.0,
2023,9,urbana,19,mujer,miedo,1,0.09879561153111514,0.09879561153111514,100.0,0.0
2023,9,urbana,19,mujer,otra_razon,1,0.09879561153111514,0.09879561153111514,100.0,0.0
2023,9,urbana,19,mujer,verguenza,1,0.09879561153111514,0.09879561153111514,100.0,0.0
2023,9,urbana,20,mujer,dependencia_economica,2,0.0,1.0089165783057608,0.0,
2023,9,urbana,20,mujer,desconfianza_justicia,2,0.0,1.0089165783057608,0.0,
2023,9,urbana,20,mujer,desconocimiento,2,0.0,1.0089165783057608,0.0,
2023,9,urbana,20,mujer,miedo,2,0.1512618558179551,1.0089165783057608,14.992503748125932,1.3169304691451906
2023,9,urbana,20,mujer,otra_razon,2,0.8576547224878056,1.0089165783057608,85.00749625187406,0.23226286933777607
2023,9,urbana,20,mujer,verguenza,2,0.0,1.0089165783057608,0.0,
2023,9,urbana,21,mujer,dependencia_economica,1,0.11486447176175968,0.11486447176175968,100.0,0.0
2023,9,urbana,21,mujer,desconfianza_justicia,1,0.0,0.11486447176175968,0.0,
2023,9,urbana,21,mujer,desconocimiento,1,0.0,0.11486447176175968,0.0,
2023,9,urbana,21,mujer,miedo,1,0.0,0.11486447176175968,0.0,
2023,9,urbana,21,mujer,otra_razon,1,0.0,0.11486447176175968,0.0,
2023,9,urbana,21,mujer,verguenza,1,0.0,0.11486447176175968,0.0,
2023,9,urbana,22,mujer,dependencia_economica,1,0.0,0.1613972563571139,0.0,
2023,9,urbana,22,mujer,desconfianza_justicia,1,0.0,0.1613972563571139,0.0,
2023,9,urbana,22,mujer,desconocimiento,1,0.1613972563571139,0.1613972563571139,100.0,0.0
2023,9,urbana,22,mujer,miedo,1,0.1613972563571139,0.1613972563571139,100.0,0.0
2023,9,urbana,22,mujer,otra_razon,1,0.0,0.1613972563571139,0.0,
2023,9,urbana,22,mujer,verguenza,1,0.1613972563571139,0.1613972563571139,100.0,0.0
2023,9,urbana,23,mujer,dependencia_economica,1,0.0,0.13670877337919013,0.0,
2023,9,urbana,23,mujer,desconfianza_justicia,1,0.0,0.13670877337919013,0.0,
2023,9,urbana,23,mujer,desconocimiento,1,0.0,0.13670877337919013,0.0,
2023,9,urbana,23,mujer,miedo,1,0.13670877337919013,0.13670877337919013,100.0,0.0
2023,9,urbana,23,mujer,otra_razon,1,0.0,0.13670877337919013,0.0,
2023,9,urbana,23,mujer,verguenza,1,0.0,0.13670877337919013,0.0,
2023,9,urbana,24,mujer,dependencia_economica,3,0.47023636720587686,0.6743183638293568,69.73506765194296,0.3629223177534786
2023,9,urbana,24,mujer,desconfianza_justicia,3,0.0,0.6743183638293568,0.0,
2023,9,urbana,24,mujer,desconocimiento,3,0.0,0.6743183638293568,0.0,
2023,9,urbana,24,mujer,miedo,3,0.47023636720587686,0.6743183638293568,69.73506765194296,0.3629223177534786
2023,9,urbana,24,mujer,otra_razon,3,0.1151231775824759,0.6743183638293568,17.072525939929616,1.105737777550053
2023,9,urbana,24,mujer,verguenza,3,0.0889588190410041,0.6743183638293568,13.192406408127427,1.1451395020444122
2023,9,urbana,25,mujer,dependencia_economica,1,0.0,0.13670877337919013,0.0,
2023,9,urbana,25,mujer,desconfianza_justicia,1,0.0,0.13670877337919013,0.0,
2023,9,urbana,25,mujer,desconocimiento,1,0.0,0.13670877337919013,0.0,
2023,9,urbana,25,mujer,miedo,1,0.13670877337919013,0.13670877337919013,100.0,0.0
2023,9,urbana,25,mujer,otra_razon,1,0.0,0.13670877337919013,0.0,
2023,9,urbana,25,mujer,verguenza,1,0.0,0.13670877337919013,0.0,
2023,9,urbana,26,mujer,dependencia_economica,4,0.0,0.5103269265051074,0.0,
2023,9,urbana,26,mujer,desconfianza_justicia,4,0.08938650567100895,0.5103269265051074,17.515537791266116,1.0550235750220462
2023,9,urbana,26,mujer,desconocimiento,4,0.08938650567100895,0.5103269265051074,17.515537791266116,1.0550235750220462
2023,9,urbana,26,mujer,miedo,4,0.0,0.5103269265051074,0.0,
2023,9,urbana,26,mujer,otra_razon,4,0.3221448093029832,0.5103269265051074,63.12518359733448,0.3138371490246986
2023,9,urbana,26,mujer,verguenza,4,0.09879561153111514,0.5103269265051074,19.359278611399393,0.7927384812805424
2023,9,urbana,27,mujer,dependencia_economica,5,0.0,0.5081852475459924,0.0,
2023,9,urbana,27,mujer,desconfianza_justicia,5,0.0,0.5081852475459924,0.0,
2023,9,urbana,27,mujer,desconocimiento,5,0.0,0.5081852475459924,0.0,
2023,9,urbana,27,mujer,miedo,5,0.23428175755375552,0.5081852475459924,46.10164476145135,0.4965304652524343
2023,9,urbana,27,mujer,otra_razon,5,0.15903901823047714,0.5081852475459924,31.29548112592222,0.7040893260407579
2023,9,urbana,27,mujer,verguenza,5,0.1918797456537401,0.5081852475459924,37.757834683379784,0.6364109049126497
2023,9,urbana,28,mujer,dependencia_economica,3,0.0,0.8130892356057505,0.0,
2023,9,urbana,28,mujer,desconfianza_justicia,3,0.0,0.8130892356057505,0.0,
2023,9,urbana,28,mujer,desconocimiento,3,0.0,0.8130892356057505,0.0,
2023,9,urbana,28,mujer,miedo,3,0.42992859886099954,0.8130892356057505,52.87594276668825,0.3377677506017672
2023,9,urbana,28,mujer,otra_razon,3,0.8130892356057505,0.8130892356057505,100.0,0.0
2023,9,urbana,28,mujer,verguenza,3,0.42992859886099954,0.8130892356057505,52.87594276668825,0.3377677506017672
