gestion,codigo_departamento,area,edad,sexo,medida,observaciones,valor,cv
2025,1,rural,16,hombre,dias_por_semana,1,7.0,0.0
2025,1,rural,16,hombre,horas_por_dia,1,24.000000000000004,0.0
2025,1,rural,16,mujer,dias_por_semana,2,6.999999999999999,8.447799217587912e-17
2025,1,rural,16,mujer,horas_por_dia,2,24.0,0.0
2025,1,rural,17,hombre,dias_por_semana,5,4.793262291553941,0.07179858533567252
2025,1,rural,17,hombre,horas_por_dia,5,15.173049166215767,0.09072651064564614
2025,1,rural,17,mujer,dias_por_semana,2,7.0,0.0
2025,1,rural,17,mujer,horas_por_dia,2,24.0,0.0
2025,1,rural,18,hombre,dias_por_semana,4,4.8248874037834675,0.20825741749563517
2025,1,rural,18,hombre,horas_por_dia,4,17.03963969210709,0.18870231691757774
2025,1,rural,19,hombre,dias_por_semana,1,7.0,0.0
2025,1,rural,19,hombre,horas_por_dia,1,24.000000000000004,0.0
2025,1,rural,19,mujer,dias_por_semana,2,6.999999999999999,8.447799217587912e-17
2025,1,rural,19,mujer,horas_por_dia,2,24.0,0.0
2025,1,rural,20,hombre,dias_por_semana,1,7.0,0.0
2025,1,rural,20,hombre,horas_por_dia,1,24.000000000000004,0.0
2025,1,rural,20,mujer,dias_por_semana,2,7.0,0.0
2025,1,rural,20,mujer,horas_por_dia,2,24.0,0.0
2025,1,rural,21,hombre,dias_por_semana,1,7.0,0.0
2025,1,rural,21,hombre,horas_por_dia,1,24.000000000000004,0.0
2025,1,rural,22,hombre,dias_por_semana,1,7.0,0.0
2025,1,rural,22,hombre,horas_por_dia,1,24.000000000000004,0.0
2025,1,rural,22,mujer,dias_por_semana,1,7.0,0.0
2025,1,rural,22,mujer,horas_por_dia,1,24.0,0.0
2025,1,rural,23,mujer,dias_por_semana,1,7.0,0.0
2025,1,rural,23,mujer,horas_por_dia,1,24.0,0.0
2025,1,rural,24,mujer,dias_por_semana,2,7.0,0.0
2025,1,rural,24,mujer,horas_por_dia,2,24.000000000000004,0.0
2025,1,rural,26,hombre,dias_por_semana,1,7.0,0.0
2025,1,rural,26,hombre,horas_por_dia,1,24.0,0.0
2025,1,rural,27,hombre,dias_por_semana,1,7.0,0.0
2025,1,rural,27,hombre,horas_por_dia,1,24.0,0.0
2025,1,rural,27,mujer,dias_por_semana,1,7.0,0.0
2025,1,rural,27,mujer,horas_por_dia,1,24.0,0.0
2025,1,rural,28,hombre,dias_por_semana,2,3.5249252670249005,0.0
2025,1,rural,28,hombre,horas_por_dia,2,10.794716014694623,0.0
2025,1,urbana,16,hombre,dias_por_semana,18,6.57267920499597,0.039562762792888
2025,1,urbana,16,hombre,horas_por_dia,18,20.685486034198835,0.09961004309414455
2025,1,urbana,16,mujer,dias_por_semana,19,6.978037415337638,0.003234327678296159
2025,1,urbana,16,mujer,horas_por_dia,19,23.105841039363884,0.038506545140400326
2025,1,urbana,17,hombre,dias_por_semana,6,6.999999999999999,5.667054066702174e-17
2025,1,urbana,17,hombre,horas_por_dia,6,23.999999999999993,1.3223126155638409e-16
2025,1,urbana,17,mujer,dias_por_semana,17,6.578554035243969,0.04334893604380295
2025,1,urbana,17,mujer,horas_por_dia,17,21.85799262165722,0.07244109407751066
2025,1,urbana,18,hombre,dias_por_semana,17,6.479526368258695,0.07166841816434369
2025,1,urbana,18,hombre,horas_por_dia,17,22.024641039324717,0.07967692453850234
2025,1,urbana,18,mujer,dias_por_semana,12,6.6672001703770185,0.03126961361359844
2025,1,urbana,18,mujer,horas_por_dia,12,23.999999999999993,8.33601204337879e-17
2025,1,urbana,19,hombre,dias_por_semana,15,6.935667885080802,0.009741209039943246
2025,1,urbana,19,hombre,horas_por_dia,15,23.614007310484812,0.017166537592337033
2025,1,urbana,19,mujer,dias_por_semana,18,6.910296718539934,0.013034853811708326
2025,1,urbana,19,mujer,horas_por_dia,18,22.457096035308787,0.0403772024807047
2025,1,urbana,20,hombre,dias_por_semana,9,7.000000000000001,5.827004334934441e-17
2025,1,urbana,20,hombre,horas_por_dia,9,24.0,0.0
2025,1,urbana,20,mujer,dias_por_semana,20,6.926844532569798,0.010633940580772213
2025,1,urbana,20,mujer,horas_por_dia,20,23.41521469732421,0.01963122362751611
2025,1,urbana,21,hombre,dias_por_semana,10,6.165446211925361,0.07358752345518611
2025,1,urbana,21,hombre,horas_por_dia,10,20.611730714355993,0.11505544774116777
2025,1,urbana,21,mujer,dias_por_semana,9,5.9781487142366965,0.12138980896839434
2025,1,urbana,21,mujer,horas_por_dia,9,23.08861912350841,0.037388971458585114
2025,1,urbana,22,hombre,dias_por_semana,16,6.831026881240451,0.017357089319319986
2025,1,urbana,22,hombre,horas_por_dia,16,22.49685571729879,0.04749228858966313
2025,1,urbana,22,mujer,dias_por_semana,13,6.939783560862588,0.008901308830342841
2025,1,urbana,22,mujer,horas_por_dia,13,21.777412278051806,0.09248372393536276
2025,1,urbana,23,hombre,dias_por_semana,16,6.72268711577296,0.02693935233442982
2025,1,urbana,23,hombre,horas_por_dia,16,23.524853025926035,0.01983592154190551
2025,1,urbana,23,mujer,dias_por_semana,13,6.881975424438156,0.016939287080293346
2025,1,urbana,23,mujer,horas_por_dia,13,22.02594462699637,0.06467324107420158
2025,1,urbana,24,hombre,dias_por_semana,15,6.76819166431977,0.03242319262947647
2025,1,urbana,24,hombre,horas_por_dia,15,20.452444096257757,0.11579233043196832
2025,1,urbana,24,mujer,dias_por_semana,12,6.999999999999998,5.92185145328117e-17
2025,1,urbana,24,mujer,horas_por_dia,12,22.901275679267563,0.03615646808531482
2025,1,urbana,25,hombre,dias_por_semana,20,6.96023253141663,0.005389907977544082
2025,1,urbana,25,hombre,horas_por_dia,20,20.853533825257557,0.10583501711765743
2025,1,urbana,25,mujer,dias_por_semana,12,7.0,0.0
2025,1,urbana,25,mujer,horas_por_dia,12,24.000000000000004,4.598712856960706e-17
2025,1,urbana,26,hombre,dias_por_semana,9,7.0,0.0
2025,1,urbana,26,hombre,horas_por_dia,9,18.687168911946447,0.18348404419377223
2025,1,urbana,26,mujer,dias_por_semana,12,7.0,0.0
2025,1,urbana,26,mujer,horas_por_dia,12,21.290928519823524,0.11809894537776579
2025,1,urbana,27,hombre,dias_por_semana,11,6.904249533580205,0.010645721456513607
2025,1,urbana,27,hombre,horas_por_dia,11,23.300631741281176,0.030664371047023558
2025,1,urbana,27,mujer,dias_por_semana,14,6.594044239393956,0.04984866543229278
2025,1,urbana,27,mujer,horas_por_dia,14,20.29877492114285,0.09226078708369959
2025,1,urbana,28,hombre,dias_por_semana,11,6.87388829272667,0.01717064990192117
2025,1,urbana,28,hombre,horas_por_dia,11,19.851714174966354,0.09975935194660282
2025,1,urbana,28,mujer,dias_por_semana,17,6.922813319658834,0.008194581953258256
2025,1,urbana,28,mujer,horas_por_dia,17,21.107397118700593,0.1036886423310595
2025,2,rural,16,hombre,dias_por_semana,2,4.8977002517255634,0.12844361749603045
2025,2,rural,16,hombre,horas_por_dia,2,15.590801006902252,0.16139731049465622
2025,2,rural,16,mujer,dias_por_semana,1,7.0,0.0
2025,2,rural,16,mujer,horas_por_dia,1,24.0,0.0
2025,2,rural,17,hombre,dias_por_semana,4,7.0,0.0
2025,2,rural,17,hombre,horas_por_dia,4,24.0,0.0
2025,2,rural,17,mujer,dias_por_semana,2,7.000000000000001,9.736087213894244e-17
2025,2,rural,17,mujer,horas_por_dia,2,24.0,0.0
2025,2,rural,18,hombre,dias_por_semana,3,7.0,0.0
2025,2,rural,18,hombre,horas_por_dia,3,24.0,0.0
2025,2,rural,18,mujer,dias_por_semana,2,6.999999999999999,7.332962372966784e-17
2025,2,rural,18,mujer,horas_por_dia,2,24.000000000000004,8.555122768461246e-17
2025,2,rural,19,hombre,dias_por_semana,1,7.0,0.0
2025,2,rural,19,hombre,horas_por_dia,1,23.999999999999996,1.4802973661668756e-16
2025,2,rural,19,mujer,dias_por_semana,3,7.0,0.0
2025,2,rural,19,mujer,horas_por_dia,3,24.0,0.0
2025,2,rural,20,hombre,dias_por_semana,1,7.0,0.0
2025,2,rural,20,hombre,horas_por_dia,1,24.000000000000004,1.480297366166875e-16
2025,2,rural,20,mujer,dias_por_semana,3,7.0,0.0
2025,2,rural,20,mujer,horas_por_dia,3,24.0,0.0
2025,2,rural,21,hombre,dias_por_semana,1,7.0,0.0
2025,2,rural,21,hombre,horas_por_dia,1,24.000000000000004,1.480297366166875e-16
2025,2,rural,21,mujer,dias_por_semana,1,7.0,0.0
2025,2,rural,21,mujer,horas_por_dia,1,23.999999999999996,1.4802973661668756e-16
2025,2,rural,22,hombre,dias_por_semana,1,7.0,0.0
2025,2,rural,22,hombre,horas_por_dia,1,24.000000000000004,1.480297366166875e-16
2025,2,rural,22,mujer,dias_por_semana,1,7.0,0.0
2025,2,rural,22,mujer,horas_por_dia,1,24.0,0.0
2025,2,rural,23,mujer,dias_por_semana,1,7.0,0.0
2025,2,rural,23,mujer,horas_por_dia,1,24.0,0.0
2025,2,rural,24,hombre,dias_por_semana,4,7.0,0.0
2025,2,rural,24,hombre,horas_por_dia,4,23.999999999999996,8.332059732834968e-17
2025,2,rural,24,mujer,dias_por_semana,2,7.0,0.0
2025,2,rural,24,mujer,horas_por_dia,2,23.999999999999996,1.0813438729838469e-16
2025,2,rural,25,hombre,dias_por_semana,1,7.000000000000001,1.2688263138573217e-16
2025,2,rural,25,hombre,horas_por_dia,1,24.0,0.0
2025,2,rural,25,mujer,dias_por_semana,2,7.0,0.0
2025,2,rural,25,mujer,horas_por_dia,2,24.0,0.0
2025,2,rural,26,mujer,dias_por_semana,4,7.0,0.0
2025,2,rural,26,mujer,horas_por_dia,4,24.0,0.0
2025,2,rural,27,hombre,dias_por_semana,2,7.0,0.0
2025,2,rural,27,hombre,horas_por_dia,2,23.999999999999996,4.511664490421107e-17
2025,2,rural,28,hombre,dias_por_semana,2,7.0,0.0
2025,2,rural,28,hombre,horas_por_dia,2,24.0,0.0
2025,2,urbana,16,hombre,dias_por_semana,84,6.885871434812939,0.011363665641410186
2025,2,urbana,16,hombre,horas_por_dia,84,23.363511186910678,0.015372935803147374
2025,2,urbana,16,mujer,dias_por_semana,78,6.901458659377431,0.012046121223520884
2025,2,urbana,16,mujer,horas_por_dia,78,23.291290552632105,0.017082965068073743
2025,2,urbana,17,hombre,dias_por_semana,74,6.91355033204048,0.009778549716056005
2025,2,urbana,17,hombre,horas_por_dia,74,24.000000000000004,1.7272998520593996e-17
2025,2,urbana,17,mujer,dias_por_semana,82,6.9609188822730665,0.005598603265535733
2025,2,urbana,17,mujer,horas_por_dia,82,24.0,0.0
2025,2,urbana,18,hombre,dias_por_semana,77,6.855022599125643,0.012436359444725362
2025,2,urbana,18,hombre,horas_por_dia,77,23.44856117176238,0.01729898912422333
2025,2,urbana,18,mujer,dias_por_semana,73,7.000000000000001,1.5502369613389776e-17
2025,2,urbana,18,mujer,horas_por_dia,73,23.749934463677544,0.010526741991449606
2025,2,urbana,19,hombre,dias_por_semana,50,6.978857609959339,0.0030113165511286687
2025,2,urbana,19,hombre,horas_por_dia,50,23.694221631643334,0.01270276981967156
2025,2,urbana,19,mujer,dias_por_semana,59,6.750018184222314,0.02355536621602509
2025,2,urbana,19,mujer,horas_por_dia,59,23.51667107892394,0.02024859406394056
2025,2,urbana,20,hombre,dias_por_semana,60,6.963357024746038,0.0031519938365098693
2025,2,urbana,20,hombre,horas_por_dia,60,23.434546644543694,0.017456565409054332
2025,2,urbana,20,mujer,dias_por_semana,81,6.866844974713271,0.010916705350418523
2025,2,urbana,20,mujer,horas_por_dia,81,23.604137367208924,0.011921562753876474
2025,2,urbana,21,hombre,dias_por_semana,61,6.7823991634578595,0.01851993509705921
2025,2,urbana,21,hombre,horas_por_dia,61,23.218400247359234,0.023124104300267987
2025,2,urbana,21,mujer,dias_por_semana,65,6.976707315727818,0.003330951487308704
2025,2,urbana,21,mujer,horas_por_dia,65,23.86800812245764,0.005517347032624516
2025,2,urbana,22,hombre,dias_por_semana,54,6.934682243468351,0.00813940606019172
2025,2,urbana,22,hombre,horas_por_dia,54,23.368577370286364,0.01892996694955996
2025,2,urbana,22,mujer,dias_por_semana,74,6.944072128428623,0.008048684718371913
2025,2,urbana,22,mujer,horas_por_dia,74,23.999999999999996,1.6779060498966326e-17
2025,2,urbana,23,hombre,dias_por_semana,61,6.911445163032955,0.008431946967635095
2025,2,urbana,23,hombre,horas_por_dia,61,23.77243952192591,0.009596816922581618
2025,2,urbana,23,mujer,dias_por_semana,75,6.9568849755290625,0.00621894770244937
2025,2,urbana,23,mujer,horas_por_dia,75,23.76286736540984,0.010013722983515739
2025,2,urbana,24,hombre,dias_por_semana,60,6.862779975104615,0.01978145665315815
2025,2,urbana,24,hombre,horas_por_dia,60,23.95763030810247,0.001771718003137191
2025,2,urbana,24,mujer,dias_por_semana,60,6.861176569210664,0.014203289776332072
2025,2,urbana,24,mujer,horas_por_dia,60,23.297110900479833,0.0217795153260656
2025,2,urbana,25,hombre,dias_por_semana,105,6.9879637619564745,0.0016979456565655215
2025,2,urbana,25,hombre,horas_por_dia,105,23.855616681339068,0.00510230187719772
2025,2,urbana,25,mujer,dias_por_semana,84,6.894241671986439,0.01212582475582869
2025,2,urbana,25,mujer,horas_por_dia,84,23.753996010766482,0.010335631875072913
2025,2,urbana,26,hombre,dias_por_semana,63,6.894000940090998,0.01372353679681049
2025,2,urbana,26,hombre,horas_por_dia,63,23.441356768502494,0.017308298408661018
2025,2,urbana,26,mujer,dias_por_semana,71,6.88074848950346,0.012908162270193266
2025,2,urbana,26,mujer,horas_por_dia,71,24.0,0.0
2025,2,urbana,27,hombre,dias_por_semana,64,6.993314277398017,0.0009618160788399024
2025,2,urbana,27,hombre,horas_por_dia,64,23.571846242576008,0.017900798478789524
2025,2,urbana,27,mujer,dias_por_semana,70,6.815601989155163,0.017390224256233676
2025,2,urbana,27,mujer,horas_por_dia,70,22.911191593880098,0.021911790929271438
2025,2,urbana,28,hombre,dias_por_semana,69,6.876143970849156,0.013406080395410632
2025,2,urbana,28,hombre,horas_por_dia,69,23.769588785498975,0.00966860981201288
2025,2,urbana,28,mujer,dias_por_semana,72,6.9054213545098015,0.013664417026532852
2025,2,urbana,28,mujer,horas_por_dia,72,24.0,0.0
2025,3,rural,17,mujer,dias_por_semana,1,2.0,0.0
2025,3,rural,17,mujer,horas_por_dia,1,2.0,0.0
2025,3,rural,18,hombre,dias_por_semana,1,2.0,0.0
2025,3,rural,18,hombre,horas_por_dia,1,2.0,0.0
2025,3,rural,19,hombre,dias_por_semana,1,2.0,0.0
2025,3,rural,19,hombre,horas_por_dia,1,2.0,0.0
2025,3,rural,20,hombre,dias_por_semana,1,2.0,0.0
2025,3,rural,20,hombre,horas_por_dia,1,2.0,0.0
2025,3,rural,22,mujer,dias_por_semana,1,7.0,0.0
2025,3,rural,22,mujer,horas_por_dia,1,24.0,0.0
2025,3,rural,26,hombre,dias_por_semana,2,4.443820224719101,0.5622949189619171
2025,3,rural,26,hombre,horas_por_dia,2,12.752808988764045,0.8621194872048705
2025,3,urbana,16,hombre,dias_por_semana,25,6.934917542416929,0.009390479659149726
2025,3,urbana,16,hombre,horas_por_dia,25,19.355157942237632,0.08109936732441797
2025,3,urbana,16,mujer,dias_por_semana,37,6.146368264561262,0.05209988246749362
2025,3,urbana,16,mujer,horas_por_dia,37,18.3866417070083,0.07552086181166091
2025,3,urbana,17,hombre,dias_por_semana,35,6.356319943540303,0.047680207225513145
2025,3,urbana,17,hombre,horas_por_dia,35,18.267237683431766,0.09776121838219905
2025,3,urbana,17,mujer,dias_por_semana,20,6.516394963528,0.04214609316715193
2025,3,urbana,17,mujer,horas_por_dia,20,15.447906497636641,0.13638237276379828
2025,3,urbana,18,hombre,dias_por_semana,28,5.875623970234878,0.07271143204535012
2025,3,urbana,18,hombre,horas_por_dia,28,18.001915451370596,0.09923338193902703
2025,3,urbana,18,mujer,dias_por_semana,28,6.5126723875256465,0.041218477951594244
2025,3,urbana,18,mujer,horas_por_dia,28,18.081395899411834,0.09342688078630954
2025,3,urbana,19,hombre,dias_por_semana,19,6.421122655452058,0.04814831693711161
2025,3,urbana,19,hombre,horas_por_dia,19,19.8088476650537,0.08312347043394441
2025,3,urbana,19,mujer,dias_por_semana,24,6.250144820482557,0.05278286201283706
2025,3,urbana,19,mujer,horas_por_dia,24,17.081308271024376,0.09418883347323177
2025,3,urbana,20,hombre,dias_por_semana,23,6.347247801221894,0.0461781735089177
2025,3,urbana,20,hombre,horas_por_dia,23,14.495048307299188,0.1305560157961298
2025,3,urbana,20,mujer,dias_por_semana,33,6.16750322142866,0.05479470771448499
2025,3,urbana,20,mujer,horas_por_dia,33,19.49425675569137,0.08717124259256624
2025,3,urbana,21,hombre,dias_por_semana,19,6.221823815791463,0.06338856159731057
2025,3,urbana,21,hombre,horas_por_dia,19,17.045524523823374,0.12485201758710122
2025,3,urbana,21,mujer,dias_por_semana,33,5.604473226332676,0.07751167141085
2025,3,urbana,21,mujer,horas_por_dia,33,17.067298546679826,0.11269230248919446
2025,3,urbana,22,hombre,dias_por_semana,28,6.075987839465035,0.0632519079995991
2025,3,urbana,22,hombre,horas_por_dia,28,16.23812842822241,0.12242174114063278
2025,3,urbana,22,mujer,dias_por_semana,30,6.284214959781309,0.0564088632953624
2025,3,urbana,22,mujer,horas_por_dia,30,17.050486193167632,0.11754296533863867
2025,3,urbana,23,hombre,dias_por_semana,30,6.518011138249159,0.03361179572479545
2025,3,urbana,23,hombre,horas_por_dia,30,17.62682005610728,0.09306430615601585
2025,3,urbana,23,mujer,dias_por_semana,27,6.327586401608481,0.05616937032066483
2025,3,urbana,23,mujer,horas_por_dia,27,16.30422562680897,0.12267668218929471
2025,3,urbana,24,hombre,dias_por_semana,26,6.087883861072434,0.07217955884274918
2025,3,urbana,24,hombre,horas_por_dia,26,19.518450777481277,0.10573684362490375
2025,3,urbana,24,mujer,dias_por_semana,23,6.206614510158063,0.051926672335449536
2025,3,urbana,24,mujer,horas_por_dia,23,15.596902363349379,0.11144716991016967
2025,3,urbana,25,hombre,dias_por_semana,35,6.463321982756086,0.04038930509001212
2025,3,urbana,25,hombre,horas_por_dia,35,18.832591922179546,0.0721908210618101
2025,3,urbana,25,mujer,dias_por_semana,26,6.381921697505473,0.05081925089138864
2025,3,urbana,25,mujer,horas_por_dia,26,18.824464469502452,0.09111774248837952
2025,3,urbana,26,hombre,dias_por_semana,23,7.000000000000002,5.847440836698281e-17
2025,3,urbana,26,hombre,horas_por_dia,23,19.820119872615173,0.07956128768740657
2025,3,urbana,26,mujer,dias_por_semana,29,6.107231008966624,0.05379888625119609
2025,3,urbana,26,mujer,horas_por_dia,29,16.574617687982705,0.11338814801840982
2025,3,urbana,27,hombre,dias_por_semana,30,6.113165463544724,0.057545066482153795
2025,3,urbana,27,hombre,horas_por_dia,30,18.75616755310616,0.08272643841438983
2025,3,urbana,27,mujer,dias_por_semana,22,6.178148793759669,0.07638148717423296
2025,3,urbana,27,mujer,horas_por_dia,22,15.657392685748336,0.1301959397327816
2025,3,urbana,28,hombre,dias_por_semana,17,6.6036998339784905,0.04100944212281595
2025,3,urbana,28,hombre,horas_por_dia,17,17.611469440661782,0.11824504422151491
2025,3,urbana,28,mujer,dias_por_semana,33,6.089843099680824,0.05552855536646383
2025,3,urbana,28,mujer,horas_por_dia,33,16.883175054167275,0.0994557875187723
2025,4,rural,16,hombre,dias_por_semana,2,7.0,0.0
2025,4,rural,16,hombre,horas_por_dia,2,6.566854653884559,0.08747612820500379
2025,4,rural,16,mujer,dias_por_semana,1,6.999999999999999,1.268826313857322e-16
2025,4,rural,16,mujer,horas_por_dia,1,8.0,0.0
2025,4,rural,17,mujer,dias_por_semana,1,7.000000000000001,0.0
2025,4,rural,17,mujer,horas_por_dia,1,24.0,0.0
2025,4,rural,18,hombre,dias_por_semana,2,4.5,0.0
2025,4,rural,18,hombre,horas_por_dia,2,7.0,0.0
2025,4,rural,18,mujer,dias_por_semana,1,6.999999999999999,1.268826313857322e-16
2025,4,rural,18,mujer,horas_por_dia,1,8.0,0.0
2025,4,rural,20,hombre,dias_por_semana,1,2.0,0.0
2025,4,rural,20,hombre,horas_por_dia,1,8.0,0.0
2025,4,rural,21,mujer,dias_por_semana,2,6.999999999999999,1.268826313857322e-16
2025,4,rural,21,mujer,horas_por_dia,2,5.0,0.0
2025,4,rural,22,hombre,dias_por_semana,1,7.000000000000001,0.0
2025,4,rural,22,hombre,horas_por_dia,1,24.0,0.0
2025,4,rural,22,mujer,dias_por_semana,1,7.000000000000001,0.0
2025,4,rural,22,mujer,horas_por_dia,1,24.0,0.0
2025,4,rural,23,mujer,dias_por_semana,1,7.0,0.0
2025,4,rural,23,mujer,horas_por_dia,1,6.0,0.0
2025,4,rural,26,mujer,dias_por_semana,1,7.000000000000001,0.0
2025,4,rural,26,mujer,horas_por_dia,1,24.0,0.0
2025,4,rural,27,hombre,dias_por_semana,2,6.999999999999999,1.1064579511170722e-16
2025,4,rural,27,hombre,horas_por_dia,2,4.0,0.0
2025,4,rural,27,mujer,dias_por_semana,2,6.999999999999999,1.1064579511170722e-16
2025,4,rural,27,mujer,horas_por_dia,2,4.721721432099012,0.07175088895321949
2025,4,urbana,16,hombre,dias_por_semana,19,6.957735709916155,0.00629966946239159
2025,4,urbana,16,hombre,horas_por_dia,19,16.473683448330824,0.09854600347176717
2025,4,urbana,16,mujer,dias_por_semana,22,6.946253814714292,0.007691934343919028
2025,4,urbana,16,mujer,horas_por_dia,22,15.200772819151846,0.14021112907356742
2025,4,urbana,17,hombre,dias_por_semana,15,6.7869307335780205,0.021485264601035375
2025,4,urbana,17,hombre,horas_por_dia,15,15.531619519362907,0.14590881848139514
2025,4,urbana,17,mujer,dias_por_semana,16,6.935706930653093,0.009692631371882853
2025,4,urbana,17,mujer,horas_por_dia,16,20.984373785159946,0.07545010618052024
2025,4,urbana,18,hombre,dias_por_semana,15,6.937021876061596,0.009380416989760339
2025,4,urbana,18,hombre,horas_por_dia,15,17.791748721797745,0.11112650871816752
2025,4,urbana,18,mujer,dias_por_semana,17,6.5074746599115185,0.04043392337386717
2025,4,urbana,18,mujer,horas_por_dia,17,15.591499209849015,0.1969659736045777
2025,4,urbana,19,hombre,dias_por_semana,9,6.999999999999999,4.3161412723044264e-17
2025,4,urbana,19,hombre,horas_por_dia,9,11.38227999777738,0.19660941287773592
2025,4,urbana,19,mujer,dias_por_semana,12,7.0,0.0
2025,4,urbana,19,mujer,horas_por_dia,12,19.21725318441118,0.11971480657895348
2025,4,urbana,20,hombre,dias_por_semana,15,7.000000000000002,1.0011625178251692e-16
2025,4,urbana,20,hombre,horas_por_dia,15,14.64025152596831,0.1465290239391694
2025,4,urbana,20,mujer,dias_por_semana,23,6.846420063873582,0.013119443217209073
2025,4,urbana,20,mujer,horas_por_dia,23,16.118958004970555,0.12931665633933098
2025,4,urbana,21,hombre,dias_por_semana,7,6.999999999999999,4.680071129162968e-17
2025,4,urbana,21,hombre,horas_por_dia,7,17.971617339501634,0.11154962240751215
2025,4,urbana,21,mujer,dias_por_semana,16,6.4504971547956345,0.0602857886886082
2025,4,urbana,21,mujer,horas_por_dia,16,14.629918674917635,0.1767785568236324
2025,4,urbana,22,hombre,dias_por_semana,18,6.837727601883867,0.02459056652928691
2025,4,urbana,22,hombre,horas_por_dia,18,11.758377706491299,0.18150557939714684
2025,4,urbana,22,mujer,dias_por_semana,17,6.912216904287796,0.009869583307654077
2025,4,urbana,22,mujer,horas_por_dia,17,17.121530808178992,0.13860867844169983
2025,4,urbana,23,hombre,dias_por_semana,18,7.000000000000002,7.352789811875608e-17
2025,4,urbana,23,hombre,horas_por_dia,18,14.656907100997708,0.17311818382034364
2025,4,urbana,23,mujer,dias_por_semana,8,6.725100616256665,0.039788758360660384
2025,4,urbana,23,mujer,horas_por_dia,8,14.527115587371277,0.263878740595661
2025,4,urbana,24,hombre,dias_por_semana,15,6.729896671605132,0.024563015111741096
2025,4,urbana,24,hombre,horas_por_dia,15,14.987940859458805,0.12660534409463617
2025,4,urbana,24,mujer,dias_por_semana,10,6.848102610826377,0.022679005166525483
2025,4,urbana,24,mujer,horas_por_dia,10,15.03940535818913,0.21372476656293618
2025,4,urbana,25,hombre,dias_por_semana,23,6.968388818748766,0.00468297757625806
2025,4,urbana,25,hombre,horas_por_dia,23,15.638897378829393,0.09709604595540161
2025,4,urbana,25,mujer,dias_por_semana,18,6.722892172154206,0.031440850133094514
2025,4,urbana,25,mujer,horas_por_dia,18,12.576396803054,0.19617745346176008
2025,4,urbana,26,hombre,dias_por_semana,18,6.847642421166049,0.013435777847903228
2025,4,urbana,26,hombre,horas_por_dia,18,13.365943167220445,0.188756358003657
2025,4,urbana,26,mujer,dias_por_semana,16,6.812813071987429,0.017156743369216125
2025,4,urbana,26,mujer,horas_por_dia,16,13.61388239611639,0.17586486697371673
2025,4,urbana,27,hombre,dias_por_semana,10,6.8996769572867995,0.01104208103769073
2025,4,urbana,27,hombre,horas_por_dia,10,13.81718943266815,0.13642638168118779
2025,4,urbana,27,mujer,dias_por_semana,11,7.0,0.0
2025,4,urbana,27,mujer,horas_por_dia,11,13.766696491498125,0.22743768085865848
2025,4,urbana,28,hombre,dias_por_semana,10,6.419568893663621,0.054061498902789634
2025,4,urbana,28,hombre,horas_por_dia,10,11.630898802239614,0.2459976012123332
2025,4,urbana,28,mujer,dias_por_semana,15,6.934476516954675,0.009642522410202308
2025,4,urbana,28,mujer,horas_por_dia,15,18.33436902874767,0.10650034289826629
2025,5,rural,16,hombre,dias_por_semana,2,5.432348367029548,0.2865577094628118
2025,5,rural,16,hombre,horas_por_dia,2,14.986003110419905,0.5972851759166883
2025,5,rural,16,mujer,dias_por_semana,1,1.0,0.0
2025,5,rural,16,mujer,horas_por_dia,1,10.0,0.0
2025,5,rural,17,hombre,dias_por_semana,2,3.9078429596486894,0.2539745361236311
2025,5,rural,17,hombre,horas_por_dia,2,10.085293318419101,0.4428445035888726
2025,5,rural,17,mujer,dias_por_semana,1,1.0,0.0
2025,5,rural,17,mujer,horas_por_dia,1,10.0,0.0
2025,5,rural,18,hombre,dias_por_semana,5,3.191963254030216,0.31775304110019004
2025,5,rural,18,hombre,horas_por_dia,5,10.59094034343577,0.32256825509375026
2025,5,rural,18,mujer,dias_por_semana,3,3.705825690877013,0.3551969212258869
2025,5,rural,18,mujer,horas_por_dia,3,12.819862555267957,0.34832263277550163
2025,5,rural,19,hombre,dias_por_semana,2,2.48906301874101,0.6360740720528433
2025,5,rural,19,hombre,horas_por_dia,2,11.970834716642694,0.35268572602279136
2025,5,rural,19,mujer,dias_por_semana,2,4.727516424417705,0.16485580796686425
2025,5,rural,19,mujer,horas_por_dia,2,10.365098546506234,0.45114392477437704
2025,5,rural,20,hombre,dias_por_semana,2,5.54170603271672,0.23647319604502834
2025,5,rural,20,hombre,horas_por_dia,2,16.708530163583603,0.3921544636986405
2025,5,rural,20,mujer,dias_por_semana,4,3.2605789506672247,0.35761838876327195
2025,5,rural,20,mujer,horas_por_dia,4,18.74442269551166,0.23560814999330562
2025,5,rural,21,hombre,dias_por_semana,1,7.0,0.0
2025,5,rural,21,hombre,horas_por_dia,1,24.0,0.0
2025,5,rural,22,mujer,dias_por_semana,1,3.0,0.0
2025,5,rural,22,mujer,horas_por_dia,1,3.0,0.0
2025,5,rural,23,hombre,dias_por_semana,2,4.727516424417705,0.16485580796686425
2025,5,rural,23,hombre,horas_por_dia,2,6.970021899223607,0.1490877266656919
2025,5,rural,23,mujer,dias_por_semana,3,3.429990135137595,0.09679173152749754
2025,5,rural,23,mujer,horas_por_dia,3,9.672353589250925,0.4538373822637123
2025,5,rural,24,hombre,dias_por_semana,1,3.0,0.0
2025,5,rural,24,hombre,horas_por_dia,1,1.0,0.0
2025,5,rural,24,mujer,dias_por_semana,1,3.0,0.0
2025,5,rural,24,mujer,horas_por_dia,1,6.0,0.0
2025,5,rural,25,hombre,dias_por_semana,2,1.2730274325018847,0.22049642044303808
2025,5,rural,25,hombre,horas_por_dia,2,9.453945134996232,0.059382191875300847
2025,5,rural,25,mujer,dias_por_semana,1,2.0,0.0
2025,5,rural,25,mujer,horas_por_dia,1,8.0,0.0
2025,5,rural,26,hombre,dias_por_semana,1,7.0,0.0
2025,5,rural,26,hombre,horas_por_dia,1,24.0,0.0
2025,5,rural,26,mujer,dias_por_semana,2,4.37232928292343,0.2915891881711652
2025,5,rural,26,mujer,horas_por_dia,2,8.890893376809725,0.8245304919259139
2025,5,rural,27,hombre,dias_por_semana,1,7.0,0.0
2025,5,rural,27,hombre,horas_por_dia,1,24.0,0.0
2025,5,rural,27,mujer,dias_por_semana,2,5.1152189343569585,0.1937093398978407
2025,5,rural,27,mujer,horas_por_dia,2,12.063053250927402,0.5202234069413524
2025,5,rural,28,hombre,dias_por_semana,3,5.625992131373037,0.18719846450740038
2025,5,rural,28,hombre,horas_por_dia,3,15.297950165362572,0.43601407294986166
2025,5,rural,28,mujer,dias_por_semana,1,7.0,0.0
2025,5,rural,28,mujer,horas_por_dia,1,24.0,0.0
2025,5,urbana,16,hombre,dias_por_semana,17,5.719283350397657,0.06790235037803578
2025,5,urbana,16,hombre,horas_por_dia,17,7.687275544874755,0.161989777631379
2025,5,urbana,16,mujer,dias_por_semana,11,5.895937899749794,0.09630114510192607
2025,5,urbana,16,mujer,horas_por_dia,11,9.023462025438496,0.35969258630818407
2025,5,urbana,17,hombre,dias_por_semana,10,5.809582963358969,0.11008785544168198
2025,5,urbana,17,hombre,horas_por_dia,10,9.952355985873115,0.2545845124231015
2025,5,urbana,17,mujer,dias_por_semana,19,5.8887049492997985,0.059319481431023995
2025,5,urbana,17,mujer,horas_por_dia,19,8.658595720232372,0.20003410588900739
2025,5,urbana,18,hombre,dias_por_semana,15,5.776941497446747,0.08628128846571591
2025,5,urbana,18,hombre,horas_por_dia,15,13.11311492392831,0.23328973425203048
2025,5,urbana,18,mujer,dias_por_semana,15,5.584403431944829,0.08953530885987444
2025,5,urbana,18,mujer,horas_por_dia,15,11.042697728122716,0.2012108207258484
2025,5,urbana,19,hombre,dias_por_semana,14,5.288228246559814,0.11564674649392857
2025,5,urbana,19,hombre,horas_por_dia,14,7.319873938963949,0.19225453696858408
2025,5,urbana,19,mujer,dias_por_semana,11,6.373156423642322,0.06368112667236418
2025,5,urbana,19,mujer,horas_por_dia,11,8.548726751946829,0.21764542040075402
2025,5,urbana,20,hombre,dias_por_semana,14,5.520614612138441,0.10577960711213764
2025,5,urbana,20,hombre,horas_por_dia,14,9.563795775017484,0.2844926939810881
2025,5,urbana,20,mujer,dias_por_semana,13,6.011985914014452,0.08147926847557388
2025,5,urbana,20,mujer,horas_por_dia,13,7.789925823121139,0.2298780446958301
2025,5,urbana,21,hombre,dias_por_semana,12,5.1968732311224874,0.10585067967880935
2025,5,urbana,21,hombre,horas_por_dia,12,8.96080942918346,0.28590125334455385
2025,5,urbana,21,mujer,dias_por_semana,13,6.59009125859998,0.04084888972745481
2025,5,urbana,21,mujer,horas_por_dia,13,8.316131994147055,0.17947972849691388
2025,5,urbana,22,hombre,dias_por_semana,12,5.922798408759629,0.07272810227873214
2025,5,urbana,22,hombre,horas_por_dia,12,8.688404953652242,0.25970679335554836
2025,5,urbana,22,mujer,dias_por_semana,11,7.0,0.0
2025,5,urbana,22,mujer,horas_por_dia,11,11.717033567512123,0.22804355325492237
2025,5,urbana,23,hombre,dias_por_semana,10,5.422940673910096,0.12477069873838532
2025,5,urbana,23,hombre,horas_por_dia,10,14.14068544877963,0.21518144735631042
2025,5,urbana,23,mujer,dias_por_semana,12,6.054524609754248,0.09674410236647127
2025,5,urbana,23,mujer,horas_por_dia,12,9.522063303775372,0.29840148598419586
2025,5,urbana,24,hombre,dias_por_semana,11,5.276619622993336,0.13879173200403452
2025,5,urbana,24,hombre,horas_por_dia,11,10.962805184211726,0.2742664191012076
2025,5,urbana,24,mujer,dias_por_semana,7,5.360614750891268,0.14154695131878894
2025,5,urbana,24,mujer,horas_por_dia,7,6.148499070758231,0.2516588721176797
2025,5,urbana,25,hombre,dias_por_semana,17,6.160256468121706,0.06862061567600534
2025,5,urbana,25,hombre,horas_por_dia,17,8.235092871341047,0.1855740951202894
2025,5,urbana,25,mujer,dias_por_semana,17,5.479398267164823,0.09534184872861012
2025,5,urbana,25,mujer,horas_por_dia,17,11.893504641049924,0.23168722040829162
2025,5,urbana,26,hombre,dias_por_semana,8,5.739644770069945,0.12200196967234313
2025,5,urbana,26,hombre,horas_por_dia,8,11.666983732000432,0.28263161420560023
2025,5,urbana,26,mujer,dias_por_semana,13,4.523809699907258,0.2571345498812736
2025,5,urbana,26,mujer,horas_por_dia,13,9.225504948806996,0.38355138363211266
2025,5,urbana,27,hombre,dias_por_semana,16,4.593093768358296,0.24907441425892704
2025,5,urbana,27,hombre,horas_por_dia,16,8.873503229090158,0.40900389667108306
2025,5,urbana,27,mujer,dias_por_semana,10,5.215275394848236,0.08758122495405242
2025,5,urbana,27,mujer,horas_por_dia,10,6.978738962282501,0.17128411172837896
2025,5,urbana,28,hombre,dias_por_semana,6,6.511873157942155,0.038584685723537335
2025,5,urbana,28,hombre,horas_por_dia,6,6.144361008347366,0.3873820721699131
2025,5,urbana,28,mujer,dias_por_semana,9,5.1758711891221125,0.16707291259070908
2025,5,urbana,28,mujer,horas_por_dia,9,9.906790742444151,0.3031307159899921
2025,6,rural,16,mujer,dias_por_semana,3,4.864905098623,0.04160003255493934
2025,6,rural,16,mujer,horas_por_dia,3,6.864905098623,0.02948040906202792
2025,6,rural,17,hombre,dias_por_semana,2,7.0,0.0
2025,6,rural,17,hombre,horas_por_dia,2,24.0,0.0
2025,6,rural,18,mujer,dias_por_semana,1,7.0,0.0
2025,6,rural,18,mujer,horas_por_dia,1,24.0,0.0
2025,6,rural,19,hombre,dias_por_semana,4,6.451323691169543,0.09833968781295306
2025,6,rural,19,hombre,horas_por_dia,4,19.20728149183639,0.19243068482736603
2025,6,rural,19,mujer,dias_por_semana,3,7.0,0.0
2025,6,rural,19,mujer,horas_por_dia,3,24.000000000000004,1.1230013341222788e-16
2025,6,rural,20,hombre,dias_por_semana,2,5.635916824196597,0.2762540257166945
2025,6,rural,20,hombre,horas_por_dia,2,18.54366729678639,0.33584397009939365
2025,6,rural,20,mujer,dias_por_semana,1,3.0000000000000004,1.480297366166875e-16
2025,6,rural,20,mujer,horas_por_dia,1,12.000000000000002,1.480297366166875e-16
2025,6,rural,22,hombre,dias_por_semana,1,3.0000000000000004,1.480297366166875e-16
2025,6,rural,22,hombre,horas_por_dia,1,8.0,0.0
2025,6,rural,23,mujer,dias_por_semana,1,3.0000000000000004,1.480297366166875e-16
2025,6,rural,23,mujer,horas_por_dia,1,8.0,0.0
2025,6,rural,24,hombre,dias_por_semana,1,3.0000000000000004,1.480297366166875e-16
2025,6,rural,24,hombre,horas_por_dia,1,8.0,0.0
2025,6,rural,24,mujer,dias_por_semana,1,7.0,0.0
2025,6,rural,24,mujer,horas_por_dia,1,24.0,0.0
2025,6,rural,25,hombre,dias_por_semana,1,7.0,0.0
2025,6,rural,25,hombre,horas_por_dia,1,24.0,0.0
2025,6,rural,25,mujer,dias_por_semana,4,6.364348872442705,0.13642547320004955
2025,6,rural,25,mujer,horas_por_dia,4,21.563337344363706,0.15435121607372893
2025,6,rural,26,hombre,dias_por_semana,3,3.9828023681984774,0.21737690935625936
2025,6,rural,26,hombre,horas_por_dia,3,9.965604736396957,0.17375147665926646
2025,6,rural,26,mujer,dias_por_semana,3,5.248308372433828,0.23577801131377912
2025,6,rural,26,mujer,horas_por_dia,3,22.001933288647056,0.0642767261575103
2025,6,rural,27,hombre,dias_por_semana,1,7.0,0.0
2025,6,rural,27,hombre,horas_por_dia,1,24.0,0.0
2025,6,rural,27,mujer,dias_por_semana,1,3.0000000000000004,1.480297366166875e-16
2025,6,rural,27,mujer,horas_por_dia,1,10.0,0.0
2025,6,rural,28,hombre,dias_por_semana,2,7.0,0.0
2025,6,rural,28,hombre,horas_por_dia,2,24.000000000000004,8.051126411845747e-17
2025,6,urbana,16,hombre,dias_por_semana,15,6.999999999999999,3.7257177840012846e-17
2025,6,urbana,16,hombre,horas_por_dia,15,24.0,0.0
2025,6,urbana,16,mujer,dias_por_semana,14,7.000000000000002,6.310936028391086e-17
2025,6,urbana,16,mujer,horas_por_dia,14,22.032013065879532,0.041200948872782944
2025,6,urbana,17,hombre,dias_por_semana,22,7.0,0.0
2025,6,urbana,17,hombre,horas_por_dia,22,22.758508635510303,0.034458077724239235
2025,6,urbana,17,mujer,dias_por_semana,17,7.000000000000001,3.444162260356492e-17
2025,6,urbana,17,mujer,horas_por_dia,17,24.0,0.0
2025,6,urbana,18,hombre,dias_por_semana,17,7.0,0.0
2025,6,urbana,18,hombre,horas_por_dia,17,21.363038385335017,0.09252731561812781
2025,6,urbana,18,mujer,dias_por_semana,12,6.999999999999999,4.432925516581876e-17
2025,6,urbana,18,mujer,horas_por_dia,12,23.46863246448354,0.02028137432179556
2025,6,urbana,19,hombre,dias_por_semana,17,7.0,0.0
2025,6,urbana,19,hombre,horas_por_dia,17,22.734103128379388,0.037401119843173604
2025,6,urbana,19,mujer,dias_por_semana,14,6.903896702510535,0.013602670092205057
2025,6,urbana,19,mujer,horas_por_dia,14,22.04356862990258,0.08014651865106635
2025,6,urbana,20,hombre,dias_por_semana,20,7.0,0.0
2025,6,urbana,20,hombre,horas_por_dia,20,23.151351282994124,0.026936499443847118
2025,6,urbana,20,mujer,dias_por_semana,19,6.884645272861728,0.015767972810736844
2025,6,urbana,20,mujer,horas_por_dia,19,23.114955167718225,0.027576814564417705
2025,6,urbana,21,hombre,dias_por_semana,14,7.000000000000001,3.136403655993225e-17
2025,6,urbana,21,hombre,horas_por_dia,14,24.0,0.0
2025,6,urbana,21,mujer,dias_por_semana,17,6.877845789968265,0.01654041341270106
2025,6,urbana,21,mujer,horas_por_dia,17,22.289841059555716,0.07145289974535486
2025,6,urbana,22,hombre,dias_por_semana,12,7.0,0.0
2025,6,urbana,22,hombre,horas_por_dia,12,23.751553298989826,0.010732364318050892
2025,6,urbana,22,mujer,dias_por_semana,13,6.999999999999999,3.478550176355945e-17
2025,6,urbana,22,mujer,horas_por_dia,13,23.38506324784238,0.023040164064112217
2025,6,urbana,23,hombre,dias_por_semana,12,6.810799561880927,0.024444466007420337
2025,6,urbana,23,hombre,horas_por_dia,12,23.295295292672147,0.02360646092090714
2025,6,urbana,23,mujer,dias_por_semana,19,6.999999999999999,2.991452769265165e-17
2025,6,urbana,23,mujer,horas_por_dia,19,24.0,0.0
2025,6,urbana,24,hombre,dias_por_semana,12,6.999999999999999,3.664394755201695e-17
2025,6,urbana,24,hombre,horas_por_dia,12,21.621251793558823,0.06694693355576727
2025,6,urbana,24,mujer,dias_por_semana,16,7.000000000000002,6.996459685644581e-17
2025,6,urbana,24,mujer,horas_por_dia,16,23.10884392691013,0.02827437930626018
2025,6,urbana,25,hombre,dias_por_semana,17,6.999999999999999,3.239386703017297e-17
2025,6,urbana,25,hombre,horas_por_dia,17,24.0,0.0
2025,6,urbana,25,mujer,dias_por_semana,7,6.999999999999999,4.771473256666015e-17
2025,6,urbana,25,mujer,horas_por_dia,7,21.79525783577977,0.0909019277191905
2025,6,urbana,26,hombre,dias_por_semana,19,7.000000000000001,3.138169299344779e-17
2025,6,urbana,26,hombre,horas_por_dia,19,23.27512936901031,0.02280502777895163
2025,6,urbana,26,mujer,dias_por_semana,14,7.0,0.0
2025,6,urbana,26,mujer,horas_por_dia,14,21.08100599480538,0.06693037540859054
2025,6,urbana,27,hombre,dias_por_semana,12,6.999999999999998,7.974202719122496e-17
2025,6,urbana,27,hombre,horas_por_dia,12,20.434648905128704,0.10786487596151123
2025,6,urbana,27,mujer,dias_por_semana,16,6.888775839440109,0.015091602735957364
2025,6,urbana,27,mujer,horas_por_dia,16,23.548765220570797,0.015823668781366783
2025,6,urbana,28,hombre,dias_por_semana,12,6.688906141655893,0.0299137446115499
2025,6,urbana,28,hombre,horas_por_dia,12,19.71112017766777,0.09145851210171936
2025,6,urbana,28,mujer,dias_por_semana,12,6.820049204468236,0.025522699328508223
2025,6,urbana,28,mujer,horas_por_dia,12,22.766880608648766,0.0454526288045166
2025,7,rural,16,hombre,dias_por_semana,5,6.999999999999999,6.301982092645181e-17
2025,7,rural,16,hombre,horas_por_dia,5,23.999999999999996,7.352312441419378e-17
2025,7,rural,16,mujer,dias_por_semana,5,6.778790160920344,0.03112187794618811
2025,7,rural,16,mujer,horas_por_dia,5,24.0,0.0
2025,7,rural,17,hombre,dias_por_semana,3,7.000000000000001,6.537476205516158e-17
2025,7,rural,17,hombre,horas_por_dia,3,24.0,0.0
2025,7,rural,17,mujer,dias_por_semana,8,7.000000000000001,6.773960656138383e-17
2025,7,rural,17,mujer,horas_por_dia,8,22.032731469153976,0.09294872261237937
2025,7,rural,18,hombre,dias_por_semana,2,7.0,0.0
2025,7,rural,18,hombre,horas_por_dia,2,23.999999999999996,1.0543111000209906e-16
2025,7,rural,18,mujer,dias_por_semana,4,7.000000000000001,6.159242481310809e-17
2025,7,rural,18,mujer,horas_por_dia,4,24.000000000000004,7.18578289486261e-17
2025,7,rural,19,hombre,dias_por_semana,4,6.999999999999999,6.132563225785794e-17
2025,7,rural,19,hombre,horas_por_dia,4,24.0,0.0
2025,7,rural,19,mujer,dias_por_semana,2,6.999999999999999,8.242182348208089e-17
2025,7,rural,19,mujer,horas_por_dia,2,24.0,0.0
2025,7,rural,20,hombre,dias_por_semana,4,7.000000000000001,6.020073412873173e-17
2025,7,rural,20,hombre,horas_por_dia,4,24.0,0.0
2025,7,rural,20,mujer,dias_por_semana,5,6.999999999999999,6.150023847871428e-17
2025,7,rural,20,mujer,horas_por_dia,5,24.0,0.0
2025,7,rural,21,hombre,dias_por_semana,1,7.000000000000001,1.2688263138573214e-16
2025,7,rural,21,hombre,horas_por_dia,1,24.0,0.0
2025,7,rural,21,mujer,dias_por_semana,2,7.0,0.0
2025,7,rural,21,mujer,horas_por_dia,2,24.000000000000004,9.492621871190774e-17
2025,7,rural,22,hombre,dias_por_semana,5,7.0,0.0
2025,7,rural,22,hombre,horas_por_dia,5,24.0,0.0
2025,7,rural,22,mujer,dias_por_semana,8,6.856017340773556,0.02335989892074553
2025,7,rural,22,mujer,horas_por_dia,8,23.999999999999996,4.809654715961674e-17
2025,7,rural,23,hombre,dias_por_semana,4,7.000000000000001,6.541887338686912e-17
2025,7,rural,23,hombre,horas_por_dia,4,24.0,0.0
2025,7,rural,24,hombre,dias_por_semana,1,7.0,0.0
2025,7,rural,24,hombre,horas_por_dia,1,24.0,0.0
2025,7,rural,24,mujer,dias_por_semana,1,7.0,0.0
2025,7,rural,24,mujer,horas_por_dia,1,24.0,0.0
2025,7,rural,25,hombre,dias_por_semana,1,7.0,0.0
2025,7,rural,25,hombre,horas_por_dia,1,24.0,0.0
2025,7,rural,25,mujer,dias_por_semana,2,7.000000000000001,9.090121766058252e-17
2025,7,rural,25,mujer,horas_por_dia,2,24.000000000000004,1.0605142060401294e-16
2025,7,rural,26,hombre,dias_por_semana,1,7.0,0.0
2025,7,rural,26,hombre,horas_por_dia,1,24.0,0.0
2025,7,rural,26,mujer,dias_por_semana,7,7.0,0.0
2025,7,rural,26,mujer,horas_por_dia,7,24.0,0.0
2025,7,rural,27,hombre,dias_por_semana,3,6.999999999999999,8.713422414817588e-17
2025,7,rural,27,hombre,horas_por_dia,3,24.0,0.0
2025,7,rural,27,mujer,dias_por_semana,5,7.0,0.0
2025,7,rural,27,mujer,horas_por_dia,5,24.0,0.0
2025,7,rural,28,hombre,dias_por_semana,4,7.000000000000002,1.2170708240551433e-16
2025,7,rural,28,hombre,horas_por_dia,4,24.000000000000004,7.099579806988336e-17
2025,7,rural,28,mujer,dias_por_semana,4,6.999999999999999,7.373444379031225e-17
2025,7,rural,28,mujer,horas_por_dia,4,24.0,0.0
2025,7,urbana,16,hombre,dias_por_semana,66,7.000000000000001,1.6780483238205707e-17
2025,7,urbana,16,hombre,horas_por_dia,66,24.000000000000004,1.9577230444573325e-17
2025,7,urbana,16,mujer,dias_por_semana,48,7.000000000000001,2.028795796785869e-17
2025,7,urbana,16,mujer,horas_por_dia,48,23.917363844469495,0.0034486467477582677
2025,7,urbana,17,hombre,dias_por_semana,55,6.917939785813514,0.011937724327798702
2025,7,urbana,17,hombre,horas_por_dia,55,23.767496059804962,0.009844928439357819
2025,7,urbana,17,mujer,dias_por_semana,62,7.000000000000001,1.743243338595345e-17
2025,7,urbana,17,mujer,horas_por_dia,62,24.000000000000007,4.067567790055804e-17
2025,7,urbana,18,hombre,dias_por_semana,61,7.0,0.0
2025,7,urbana,18,hombre,horas_por_dia,61,23.91912537193374,0.0033860744248180746
2025,7,urbana,18,mujer,dias_por_semana,61,7.000000000000001,1.659637156827844e-17
2025,7,urbana,18,mujer,horas_por_dia,61,24.000000000000004,1.9362433496324847e-17
2025,7,urbana,19,hombre,dias_por_semana,45,6.942013753223987,0.008298553934698293
2025,7,urbana,19,hombre,horas_por_dia,45,23.999999999999996,2.2048757660506916e-17
2025,7,urbana,19,mujer,dias_por_semana,46,7.0,0.0
2025,7,urbana,19,mujer,horas_por_dia,46,23.965734529401004,0.0014400342829617985
2025,7,urbana,20,hombre,dias_por_semana,47,6.893644557431058,0.015179505911484632
2025,7,urbana,20,hombre,horas_por_dia,47,23.969838030188978,0.0012578942859579993
2025,7,urbana,20,mujer,dias_por_semana,55,6.999999999999999,1.7732433054567725e-17
2025,7,urbana,20,mujer,horas_por_dia,55,24.000000000000004,2.068783856366234e-17
2025,7,urbana,21,hombre,dias_por_semana,33,7.0,0.0
2025,7,urbana,21,hombre,horas_por_dia,33,24.0,0.0
2025,7,urbana,21,mujer,dias_por_semana,58,7.0,0.0
2025,7,urbana,21,mujer,horas_por_dia,58,23.92097987966614,0.003320018410525503
2025,7,urbana,22,hombre,dias_por_semana,49,6.999999999999999,2.6214969624476023e-17
2025,7,urbana,22,hombre,horas_por_dia,49,24.0,0.0
2025,7,urbana,22,mujer,dias_por_semana,62,6.931642879205248,0.007114100526306662
2025,7,urbana,22,mujer,horas_por_dia,62,24.000000000000007,4.4112985478225134e-17
2025,7,urbana,23,hombre,dias_por_semana,52,6.999999999999997,5.802934406669912e-17
2025,7,urbana,23,hombre,horas_por_dia,52,23.99999999999999,6.770090141114898e-17
2025,7,urbana,23,mujer,dias_por_semana,63,6.999999999999999,1.7489154429382872e-17
2025,7,urbana,23,mujer,horas_por_dia,63,23.822295807973727,0.005121518722188229
2025,7,urbana,24,hombre,dias_por_semana,37,6.9589132347953955,0.005818986424809499
2025,7,urbana,24,hombre,horas_por_dia,37,23.99999999999999,9.21910768324174e-17
2025,7,urbana,24,mujer,dias_por_semana,41,7.000000000000001,2.3918954507272323e-17
2025,7,urbana,24,mujer,horas_por_dia,41,24.0,0.0
2025,7,urbana,25,hombre,dias_por_semana,62,6.999999999999999,2.0324973021989234e-17
2025,7,urbana,25,hombre,horas_por_dia,62,23.975434803938768,0.0010346312470426097
2025,7,urbana,25,mujer,dias_por_semana,64,6.960288047375861,0.005698187136730645
2025,7,urbana,25,mujer,horas_por_dia,64,23.84273717402957,0.006634852929067311
2025,7,urbana,26,hombre,dias_por_semana,40,6.822255274464916,0.018073088357424504
2025,7,urbana,26,hombre,horas_por_dia,40,23.96601961445637,0.0014369133232340046
2025,7,urbana,26,mujer,dias_por_semana,53,7.000000000000003,5.582830978314224e-17
2025,7,urbana,26,mujer,horas_por_dia,53,24.000000000000004,2.1711009360110878e-17
2025,7,urbana,27,hombre,dias_por_semana,51,7.000000000000001,2.27556746441739e-17
2025,7,urbana,27,hombre,horas_por_dia,51,24.00000000000001,7.964486125460863e-17
2025,7,urbana,27,mujer,dias_por_semana,48,6.944346135805811,0.007861894091527039
2025,7,urbana,27,mujer,horas_por_dia,48,23.999999999999993,4.426920660382893e-17
2025,7,urbana,28,hombre,dias_por_semana,37,6.930367222286425,0.009945214151025832
2025,7,urbana,28,hombre,horas_por_dia,37,24.0,0.0
2025,7,urbana,28,mujer,dias_por_semana,57,6.949049626603999,0.007375503503100793
2025,7,urbana,28,mujer,horas_por_dia,57,23.999999999999996,2.031880432634652e-17
2025,8,rural,16,hombre,dias_por_semana,2,7.0,0.0
2025,8,rural,16,hombre,horas_por_dia,2,14.0,0.0
2025,8,rural,16,mujer,dias_por_semana,1,7.0,0.0
2025,8,rural,16,mujer,horas_por_dia,1,24.0,0.0
2025,8,rural,17,hombre,dias_por_semana,5,6.6350771869639775,0.006683291116019739
2025,8,rural,17,hombre,horas_por_dia,5,20.217838765008576,0.06141290778545828
2025,8,rural,17,mujer,dias_por_semana,6,7.0,0.0
2025,8,rural,17,mujer,horas_por_dia,6,19.937252864498035,0.18077020363079907
2025,8,rural,18,hombre,dias_por_semana,3,6.526756780950675,0.05401471682158445
2025,8,rural,18,hombre,horas_por_dia,3,7.740811028556082,0.40988835173379834
2025,8,rural,18,mujer,dias_por_semana,2,7.000000000000001,9.612858546274856e-17
2025,8,rural,18,mujer,horas_por_dia,2,24.0,0.0
2025,8,rural,19,hombre,dias_por_semana,3,6.999999999999999,7.34685825252728e-17
2025,8,rural,19,hombre,horas_por_dia,3,20.662312426611898,0.15553172278642463
2025,8,rural,19,mujer,dias_por_semana,3,6.333333333333333,4.3434663244713096e-17
2025,8,rural,19,mujer,horas_por_dia,3,13.0,3.1740715448059565e-17
2025,8,rural,21,mujer,dias_por_semana,2,7.0,0.0
2025,8,rural,21,mujer,horas_por_dia,2,19.844888366627494,0.2684761138013181
2025,8,rural,22,hombre,dias_por_semana,1,6.0,0.0
2025,8,rural,22,hombre,horas_por_dia,1,12.0,0.0
2025,8,rural,22,mujer,dias_por_semana,3,7.0,0.0
2025,8,rural,22,mujer,horas_por_dia,3,20.689013188188863,0.13189019869467586
2025,8,rural,23,hombre,dias_por_semana,3,6.999999999999999,6.630352666398066e-17
2025,8,rural,23,hombre,horas_por_dia,3,20.70149253731343,0.16218930173695428
2025,8,rural,23,mujer,dias_por_semana,2,6.564102564102564,0.0611718191640564
2025,8,rural,23,mujer,horas_por_dia,2,17.025641025641026,0.3773490531565889
2025,8,rural,24,hombre,dias_por_semana,2,7.0,0.0
2025,8,rural,24,hombre,horas_por_dia,2,19.135135135135137,0.24685650179216634
2025,8,rural,24,mujer,dias_por_semana,3,7.0,0.0
2025,8,rural,24,mujer,horas_por_dia,3,19.93220338983051,0.24853579772272533
2025,8,rural,25,hombre,dias_por_semana,3,6.713742952762102,0.03550476096292681
2025,8,rural,25,hombre,horas_por_dia,3,16.388930273439424,0.13941842938866547
2025,8,rural,25,mujer,dias_por_semana,1,6.0,0.0
2025,8,rural,25,mujer,horas_por_dia,1,10.0,0.0
2025,8,rural,26,hombre,dias_por_semana,1,7.0,0.0
2025,8,rural,26,hombre,horas_por_dia,1,24.0,0.0
2025,8,rural,26,mujer,dias_por_semana,1,7.0,0.0
2025,8,rural,26,mujer,horas_por_dia,1,24.0,0.0
2025,8,rural,27,hombre,dias_por_semana,1,7.0,0.0
2025,8,rural,27,hombre,horas_por_dia,1,24.0,0.0
2025,8,rural,27,mujer,dias_por_semana,5,7.0,0.0
2025,8,rural,27,mujer,horas_por_dia,5,10.62955103138753,0.09416520019441492
2025,8,rural,28,hombre,dias_por_semana,3,7.000000000000001,4.3940159243078934e-17
2025,8,rural,28,hombre,horas_por_dia,3,12.357622739018089,0.36310642950213085
2025,8,rural,28,mujer,dias_por_semana,2,6.357391800859291,0.05108893714634281
2025,8,rural,28,mujer,horas_por_dia,2,8.0,0.0
2025,8,urbana,16,hombre,dias_por_semana,11,7.0,0.0
2025,8,urbana,16,hombre,horas_por_dia,11,15.90361909415554,0.21992174440670356
2025,8,urbana,16,mujer,dias_por_semana,9,6.869844820209277,0.014860779252946961
2025,8,urbana,16,mujer,horas_por_dia,9,17.757059506744547,0.153713242652603
2025,8,urbana,17,hombre,dias_por_semana,10,6.89179785315077,0.013123454882910262
2025,8,urbana,17,hombre,horas_por_dia,10,11.660184307845986,0.34389444133256225
2025,8,urbana,17,mujer,dias_por_semana,10,6.708188016885845,0.03909577406880573
2025,8,urbana,17,mujer,horas_por_dia,10,13.294104801275122,0.24942566307263817
2025,8,urbana,18,hombre,dias_por_semana,9,6.673384746801694,0.044344690485915876
2025,8,urbana,18,hombre,horas_por_dia,9,8.25436256722156,0.30431364402507805
2025,8,urbana,18,mujer,dias_por_semana,13,6.842754996171967,0.023663587319028
2025,8,urbana,18,mujer,horas_por_dia,13,14.770232674206554,0.2669145708317544
2025,8,urbana,19,hombre,dias_por_semana,8,5.604277897146331,0.08693252922077493
2025,8,urbana,19,hombre,horas_por_dia,8,16.25442065240081,0.1724030389889609
2025,8,urbana,19,mujer,dias_por_semana,10,7.000000000000001,3.445855548756606e-17
2025,8,urbana,19,mujer,horas_por_dia,10,13.127666356688415,0.23121172523751468
2025,8,urbana,20,hombre,dias_por_semana,8,6.867142263100778,0.019392655603979632
2025,8,urbana,20,hombre,horas_por_dia,8,15.589924322938543,0.2308894246621865
2025,8,urbana,20,mujer,dias_por_semana,8,7.0,0.0
2025,8,urbana,20,mujer,horas_por_dia,8,13.597025806647839,0.3526402949939074
2025,8,urbana,21,hombre,dias_por_semana,4,6.184500905368584,0.09816057298541157
2025,8,urbana,21,hombre,horas_por_dia,4,4.9391946535674,0.4924878369040711
2025,8,urbana,21,mujer,dias_por_semana,10,7.0,0.0
2025,8,urbana,21,mujer,horas_por_dia,10,14.262946035107841,0.19569329383572326
2025,8,urbana,22,hombre,dias_por_semana,10,6.271302314785065,0.06682455246692195
2025,8,urbana,22,hombre,horas_por_dia,10,15.795515952226562,0.22286754007988716
2025,8,urbana,22,mujer,dias_por_semana,4,7.0,0.0
2025,8,urbana,22,mujer,horas_por_dia,4,14.143876078383624,0.31529998423821026
2025,8,urbana,23,hombre,dias_por_semana,3,7.000000000000001,7.671099614237294e-17
2025,8,urbana,23,hombre,horas_por_dia,3,10.919571611358627,0.47268385235540145
2025,8,urbana,23,mujer,dias_por_semana,3,6.257593969082269,0.0945394417133644
2025,8,urbana,23,mujer,horas_por_dia,3,4.783733895341356,0.15306809458707366
2025,8,urbana,24,hombre,dias_por_semana,9,7.000000000000001,3.988960882432474e-17
2025,8,urbana,24,hombre,horas_por_dia,9,15.509523565658016,0.20830691177165364
2025,8,urbana,24,mujer,dias_por_semana,7,6.904706989836612,0.014139226699409342
2025,8,urbana,24,mujer,horas_por_dia,7,13.76901133820969,0.13667516001094632
2025,8,urbana,25,hombre,dias_por_semana,8,5.918422080765486,0.07214093597023413
2025,8,urbana,25,hombre,horas_por_dia,8,13.598390194919151,0.2079524686239446
2025,8,urbana,25,mujer,dias_por_semana,5,6.551019087245544,0.03864554114327593
2025,8,urbana,25,mujer,horas_por_dia,5,10.510671213942084,0.43631853459281883
2025,8,urbana,26,hombre,dias_por_semana,6,7.0,0.0
2025,8,urbana,26,hombre,horas_por_dia,6,19.81955482051774,0.12934648601650198
2025,8,urbana,26,mujer,dias_por_semana,10,6.684616975141539,0.0472617000872821
2025,8,urbana,26,mujer,horas_por_dia,10,13.07874774025398,0.3335401369119644
2025,8,urbana,27,hombre,dias_por_semana,9,6.999999999999999,4.713494133112681e-17
2025,8,urbana,27,hombre,horas_por_dia,9,14.608080426024681,0.24723391713573395
2025,8,urbana,27,mujer,dias_por_semana,11,6.907714950129838,0.012023714829987337
2025,8,urbana,27,mujer,horas_por_dia,11,19.25890875954684,0.09839831435042405
2025,8,urbana,28,hombre,dias_por_semana,5,6.79027508971977,0.021796720340186142
2025,8,urbana,28,hombre,horas_por_dia,5,17.654656325632605,0.17316652432429444
2025,8,urbana,28,mujer,dias_por_semana,7,6.119794077224942,0.1237420711621052
2025,8,urbana,28,mujer,horas_por_dia,7,18.798615744089844,0.1699099577932501
2025,9,rural,16,hombre,dias_por_semana,6,7.0,0.0
2025,9,rural,16,hombre,horas_por_dia,6,24.000000000000004,8.025604783347524e-17
2025,9,rural,16,mujer,dias_por_semana,4,7.000000000000001,7.370663329747767e-17
2025,9,rural,16,mujer,horas_por_dia,4,24.000000000000004,8.599107218039061e-17
2025,9,rural,17,hombre,dias_por_semana,4,7.0,0.0
2025,9,rural,17,hombre,horas_por_dia,4,23.999999999999996,9.36581866136155e-17
2025,9,rural,17,mujer,dias_por_semana,4,6.787342639123354,0.03590466976778906
2025,9,rural,17,mujer,horas_por_dia,4,24.000000000000004,9.985161805753398e-17
2025,9,rural,18,hombre,dias_por_semana,1,7.000000000000001,1.2688263138573217e-16
2025,9,rural,18,hombre,horas_por_dia,1,24.0,0.0
2025,9,rural,18,mujer,dias_por_semana,2,6.902991723488315,0.01794610497011228
2025,9,rural,18,mujer,horas_por_dia,2,22.059834469766287,0.11231436414205355
2025,9,rural,19,hombre,dias_por_semana,2,6.999999999999999,1.268826313857322e-16
2025,9,rural,19,hombre,horas_por_dia,2,24.0,0.0
2025,9,rural,19,mujer,dias_por_semana,3,7.0,0.0
2025,9,rural,19,mujer,horas_por_dia,3,24.000000000000004,1.0687462443222485e-16
2025,9,rural,20,hombre,dias_por_semana,3,5.999999999999999,1.4996189138004503e-16
2025,9,rural,20,hombre,horas_por_dia,3,24.000000000000004,1.480297366166875e-16
2025,9,rural,20,mujer,dias_por_semana,6,7.000000000000001,3.0161484164612637e-17
2025,9,rural,20,mujer,horas_por_dia,6,20.299186168055996,0.043338027758810696
2025,9,rural,21,hombre,dias_por_semana,1,7.0,0.0
2025,9,rural,21,hombre,horas_por_dia,1,7.0,0.0
2025,9,rural,22,hombre,dias_por_semana,6,6.999999999999998,5.978413661052287e-17
2025,9,rural,22,hombre,horas_por_dia,6,23.999999999999996,3.4874079689471677e-17
2025,9,rural,22,mujer,dias_por_semana,2,7.000000000000001,1.0561057297105408e-16
2025,9,rural,22,mujer,horas_por_dia,2,24.000000000000004,1.2321233513289642e-16
2025,9,rural,23,hombre,dias_por_semana,2,7.0,0.0
2025,9,rural,23,hombre,horas_por_dia,2,24.0,0.0
2025,9,rural,23,mujer,dias_por_semana,5,7.0,0.0
2025,9,rural,23,mujer,horas_por_dia,5,24.0,0.0
2025,9,rural,24,mujer,dias_por_semana,4,7.000000000000001,2.849883683719998e-17
2025,9,rural,24,mujer,horas_por_dia,4,24.0,0.0
2025,9,rural,25,hombre,dias_por_semana,3,7.0,0.0
2025,9,rural,25,hombre,horas_por_dia,3,24.0,0.0
2025,9,rural,25,mujer,dias_por_semana,5,7.0,0.0
2025,9,rural,25,mujer,horas_por_dia,5,24.0,0.0
2025,9,rural,26,mujer,dias_por_semana,2,6.999999999999999,9.339116359129642e-17
2025,9,rural,26,mujer,horas_por_dia,2,24.0,0.0
2025,9,rural,27,hombre,dias_por_semana,3,7.000000000000001,8.956598791510006e-17
2025,9,rural,27,hombre,horas_por_dia,3,21.226695793842588,0.09222657022424255
2025,9,rural,27,mujer,dias_por_semana,2,7.0,0.0
2025,9,rural,27,mujer,horas_por_dia,2,24.0,0.0
2025,9,rural,28,hombre,dias_por_semana,1,7.000000000000001,1.2688263138573217e-16
2025,9,rural,28,hombre,horas_por_dia,1,24.0,0.0
2025,9,rural,28,mujer,dias_por_semana,1,7.0,0.0
2025,9,rural,28,mujer,horas_por_dia,1,7.0,0.0
2025,9,urbana,16,hombre,dias_por_semana,7,7.000000000000002,1.1995903554155154e-16
2025,9,urbana,16,hombre,horas_por_dia,7,24.000000000000004,6.997610406590506e-17
2025,9,urbana,16,mujer,dias_por_semana,9,6.328402154200546,0.10172969622136879
2025,9,urbana,16,mujer,horas_por_dia,9,22.321005385501365,0.07210544704357824
2025,9,urbana,17,hombre,dias_por_semana,13,6.951460386555038,0.007412832934765816
2025,9,urbana,17,hombre,horas_por_dia,13,22.10156178526373,0.06272274656348636
2025,9,urbana,17,mujer,dias_por_semana,7,6.897535238497627,0.014504089927987067
2025,9,urbana,17,mujer,horas_por_dia,7,22.360563815962056,0.07158493655457047
2025,9,urbana,18,hombre,dias_por_semana,13,6.261530595719415,0.08685636551104325
2025,9,urbana,18,hombre,horas_por_dia,13,21.33139653757893,0.09138861177986642
2025,9,urbana,18,mujer,dias_por_semana,15,6.919805939736457,0.011641041369630475
2025,9,urbana,18,mujer,horas_por_dia,15,22.556506915256254,0.06428155987558802
2025,9,urbana,19,hombre,dias_por_semana,15,6.578723896937222,0.04455041016057227
2025,9,urbana,19,hombre,horas_por_dia,15,18.919635723592375,0.10854896075268072
2025,9,urbana,19,mujer,dias_por_semana,9,7.000000000000001,5.251888987097342e-17
2025,9,urbana,19,mujer,horas_por_dia,9,20.344627827458126,0.13017991750396385
2025,9,urbana,20,hombre,dias_por_semana,9,6.624982970939662,0.052550467295148694
2025,9,urbana,20,hombre,horas_por_dia,9,21.624892149284527,0.10196232844840966
2025,9,urbana,20,mujer,dias_por_semana,9,6.999999999999999,5.0195983966792834e-17
2025,9,urbana,20,mujer,horas_por_dia,9,24.0,0.0
2025,9,urbana,21,hombre,dias_por_semana,4,6.999999999999999,6.659551615613167e-17
2025,9,urbana,21,hombre,horas_por_dia,4,23.999999999999996,7.769476884882029e-17
2025,9,urbana,21,mujer,dias_por_semana,8,6.884633938931969,0.016538605057454123
2025,9,urbana,21,mujer,horas_por_dia,8,20.500163646160047,0.1169863891594661
2025,9,urbana,22,hombre,dias_por_semana,7,7.0,0.0
2025,9,urbana,22,hombre,horas_por_dia,7,24.0,0.0
2025,9,urbana,22,mujer,dias_por_semana,9,7.0,0.0
2025,9,urbana,22,mujer,horas_por_dia,9,21.827663529282585,0.09889083751549882
2025,9,urbana,23,hombre,dias_por_semana,8,6.286572123572183,0.09585170595572369
2025,9,urbana,23,hombre,horas_por_dia,8,19.521087153652353,0.14615536008484836
2025,9,urbana,23,mujer,dias_por_semana,10,7.0,0.0
2025,9,urbana,23,mujer,horas_por_dia,10,23.999999999999996,4.326607470751126e-17
2025,9,urbana,24,hombre,dias_por_semana,10,7.0,0.0
2025,9,urbana,24,hombre,horas_por_dia,10,24.0,0.0
2025,9,urbana,24,mujer,dias_por_semana,9,7.0,0.0
2025,9,urbana,24,mujer,horas_por_dia,9,24.0,0.0
2025,9,urbana,25,hombre,dias_por_semana,10,6.856481090087538,0.01976499347409816
2025,9,urbana,25,hombre,horas_por_dia,10,21.41665962157568,0.11389868985721731
2025,9,urbana,25,mujer,dias_por_semana,9,6.480788229305071,0.0786651693696874
2025,9,urbana,25,mujer,horas_por_dia,9,21.092414084108402,0.12525875616179166
2025,9,urbana,26,hombre,dias_por_semana,7,6.343554429359168,0.10383410352194351
2025,9,urbana,26,hombre,horas_por_dia,7,20.323904804411338,0.1649598677977266
2025,9,urbana,26,mujer,dias_por_semana,8,6.299874731014343,0.10977166750718222
2025,9,urbana,26,mujer,horas_por_dia,8,21.899624193043024,0.09473419473510783
2025,9,urbana,27,hombre,dias_por_semana,4,7.0,0.0
2025,9,urbana,27,hombre,horas_por_dia,4,19.56342709066907,0.1973450337039104
2025,9,urbana,27,mujer,dias_por_semana,9,6.6210307259274535,0.05483327070644249
2025,9,urbana,27,mujer,horas_por_dia,9,16.51535683706723,0.22357107736266987
2025,9,urbana,28,hombre,dias_por_semana,6,6.999999999999999,6.053010062070898e-17
2025,9,urbana,28,hombre,horas_por_dia,6,20.6500402176559,0.15571508124666342
2025,9,urbana,28,mujer,dias_por_semana,10,6.313934949218235,0.10804013779670713
2025,9,urbana,28,mujer,horas_por_dia,10,18.96885629426706,0.16090941506334264
