gestion,codigo_municipio,area,sexo,numerador,denominador,valor
2024,10101,rural,hombre,2038,10497,19.415070972658857
2024,10101,rural,mujer,1871,10290,18.182701652089406
2024,10101,urbana,hombre,36921,131625,28.05014245014245
2024,10101,urbana,mujer,38144,144334,26.427591558468553
2024,10102,rural,hombre,966,4654,20.756338633433604
2024,10102,rural,mujer,947,4602,20.57800956106041
2024,10103,rural,hombre,1351,6982,19.349756516757378
2024,10103,rural,mujer,1261,6667,18.914054297285137
2024,10201,rural,hombre,705,4004,17.607392607392608
2024,10201,rural,mujer,691,3899,17.722492946909465
2024,10202,rural,hombre,1789,8268,21.63763909046928
2024,10202,rural,mujer,1984,8544,23.220973782771537
2024,10301,rural,hombre,1240,4721,26.265621690319847
2024,10301,rural,mujer,1043,4183,24.934257709777672
2024,10301,urbana,hombre,580,2422,23.94715111478117
2024,10301,urbana,mujer,531,2368,22.423986486486488
2024,10302,rural,hombre,1447,5459,26.506686206264884
2024,10302,rural,mujer,1163,4860,23.930041152263374
2024,10302,urbana,hombre,240,1091,21.998166819431713
2024,10302,urbana,mujer,260,1129,23.029229406554474
2024,10303,rural,hombre,729,3188,22.867001254705144
2024,10303,rural,mujer,734,3147,23.323800444868127
2024,10303,urbana,hombre,293,1327,22.07987942727958
2024,10303,urbana,mujer,291,1393,20.89016511127064
2024,10304,rural,hombre,1171,4681,25.016022217474898
2024,10304,rural,mujer,1112,4474,24.8547161376844
2024,10401,rural,hombre,423,2619,16.151202749140893
2024,10401,rural,mujer,397,2341,16.958564715933363
2024,10401,urbana,hombre,451,2009,22.448979591836736
2024,10401,urbana,mujer,498,2223,22.402159244264507
2024,10402,rural,hombre,780,3336,23.381294964028775
2024,10402,rural,mujer,764,3153,24.230891214716145
2024,10402,urbana,hombre,243,974,24.94866529774127
2024,10402,urbana,mujer,244,1046,23.326959847036328
2024,10403,rural,hombre,824,3507,23.495865412033076
2024,10403,rural,mujer,765,3435,22.270742358078603
2024,10404,rural,hombre,411,1917,21.439749608763695
2024,10404,rural,mujer,376,1851,20.31334413830362
2024,10405,rural,hombre,640,2862,22.36198462613557
2024,10405,rural,mujer,639,2792,22.88681948424069
2024,10501,rural,hombre,1081,6184,17.48059508408797
2024,10501,rural,mujer,876,5304,16.5158371040724
2024,10501,urbana,hombre,1487,6465,23.00077339520495
2024,10501,urbana,mujer,1526,6593,23.145760655240405
2024,10502,rural,hombre,648,3732,17.363344051446944
2024,10502,rural,mujer,543,3468,15.657439446366782
2024,10601,rural,hombre,1073,5185,20.694310511089682
2024,10601,rural,mujer,1032,5160,20.0
2024,10601,urbana,hombre,304,1407,21.606254442075336
2024,10601,urbana,mujer,328,1571,20.878421387651176
2024,10602,rural,hombre,817,4266,19.151429910923582
2024,10602,rural,mujer,784,4214,18.6046511627907
2024,10701,rural,hombre,920,4708,19.541206457094308
2024,10701,rural,mujer,897,4604,19.483058210251954
2024,10701,urbana,hombre,522,2561,20.38266302225693
2024,10701,urbana,mujer,585,2840,20.598591549295776
2024,10702,rural,hombre,2367,11857,19.96289111917011
2024,10702,rural,mujer,2417,12021,20.106480326095998
2024,10702,urbana,hombre,279,1301,21.445042275172945
2024,10702,urbana,mujer,323,1536,21.028645833333332
2024,10703,rural,hombre,1576,6940,22.70893371757925
2024,10703,rural,mujer,1518,6526,23.26080294207784
2024,10703,urbana,hombre,313,1534,20.404172099087354
2024,10703,urbana,mujer,335,1484,22.57412398921833
2024,10704,rural,hombre,1428,5828,24.502402196293755
2024,10704,rural,mujer,1414,5796,24.396135265700483
2024,10704,urbana,hombre,322,1242,25.925925925925927
2024,10704,urbana,mujer,375,1416,26.483050847457626
2024,10801,rural,hombre,527,2966,17.76803776129467
2024,10801,rural,mujer,487,2675,18.205607476635514
2024,10801,urbana,hombre,461,1727,26.693688477127967
2024,10801,urbana,mujer,384,1739,22.081656124209317
2024,10901,rural,hombre,330,1566,21.0727969348659
2024,10901,rural,mujer,301,1446,20.816044260027663
2024,10901,urbana,hombre,289,1151,25.10860121633362
2024,10901,urbana,mujer,285,1212,23.514851485148515
2024,10902,rural,hombre,1191,5708,20.865451997196917
2024,10902,rural,mujer,1142,5736,19.909344490934448
2024,10902,urbana,hombre,337,1594,21.141781681304895
2024,10902,urbana,mujer,329,1810,18.176795580110497
2024,10903,rural,hombre,631,2576,24.49534161490683
2024,10903,rural,mujer,487,2440,19.959016393442624
2024,11001,rural,hombre,850,4322,19.66682091624248
2024,11001,rural,mujer,732,3739,19.57742711955068
2024,11001,urbana,hombre,1099,2957,37.166046668921204
2024,11001,urbana,mujer,783,2264,34.58480565371025
2024,11002,rural,hombre,281,1346,20.87667161961367
2024,11002,rural,mujer,243,1201,20.233139050791006
2024,11003,rural,hombre,1064,3895,27.317073170731707
2024,11003,rural,mujer,771,3340,23.08383233532934
2024,20101,rural,hombre,831,3902,21.296770886724758
2024,20101,rural,mujer,658,3304,19.915254237288135
2024,20101,urbana,hombre,83236,362737,22.94665280906001
2024,20101,urbana,mujer,81157,387488,20.944390535964985
2024,20102,rural,hombre,2137,10902,19.60190790680609
2024,20102,rural,mujer,2400,10827,22.166805209199225
2024,20103,rural,hombre,1922,10240,18.76953125
2024,20103,rural,mujer,1952,10206,19.126004311189497
2024,20104,rural,hombre,565,3108,18.17889317889318
2024,20104,rural,mujer,601,3222,18.653010552451892
2024,20104,urbana,hombre,4526,19761,22.903699205505795
2024,20104,urbana,mujer,4609,20097,22.933771209633278
2024,20105,rural,hombre,86,332,25.903614457831324
2024,20105,rural,mujer,67,283,23.674911660777386
2024,20105,urbana,hombre,111461,427042,26.100711405435533
2024,20105,urbana,mujer,117219,458168,25.584283494264113
2024,20201,rural,hombre,3391,18622,18.209644506497693
2024,20201,rural,mujer,3498,19233,18.187490251130868
2024,20201,urbana,hombre,1197,4521,26.476443264764434
2024,20201,urbana,mujer,1153,4881,23.62220856381889
2024,20202,rural,hombre,1375,8472,16.22993389990557
2024,20202,rural,mujer,1390,8481,16.389576700860747
2024,20203,rural,hombre,582,4076,14.278704612365063
2024,20203,rural,mujer,663,4603,14.40364979361286
2024,20204,rural,hombre,680,4612,14.744145706851691
2024,20204,rural,mujer,727,4675,15.550802139037433
2024,20205,rural,hombre,437,2604,16.781874039938558
2024,20205,rural,mujer,389,2514,15.473349244232299
2024,20206,rural,hombre,862,3646,23.642347778387272
2024,20206,rural,mujer,676,3580,18.88268156424581
2024,20301,rural,hombre,991,5540,17.888086642599276
2024,20301,rural,mujer,1007,5602,17.97572295608711
2024,20301,urbana,hombre,616,1425,43.228070175438596
2024,20301,urbana,mujer,180,984,18.29268292682927
2024,20302,rural,hombre,1358,7851,17.2971595975035
2024,20302,rural,mujer,1307,7719,16.932245109470138
2024,20303,rural,hombre,1051,6262,16.78377515170872
2024,20303,rural,mujer,1032,5957,17.324156454591236
2024,20304,rural,hombre,456,2547,17.90341578327444
2024,20304,rural,mujer,468,2691,17.391304347826086
2024,20305,rural,hombre,455,2185,20.823798627002287
2024,20305,rural,mujer,410,2036,20.137524557956777
2024,20306,rural,hombre,640,2451,26.111791105671156
2024,20306,rural,mujer,581,1985,29.269521410579344
2024,20306,urbana,hombre,226,1095,20.639269406392692
2024,20306,urbana,mujer,225,911,24.698133918770584
2024,20307,rural,hombre,379,2050,18.48780487804878
2024,20307,rural,mujer,362,1972,18.356997971602436
2024,20308,rural,hombre,629,4177,15.058654536748863
2024,20308,rural,mujer,589,3860,15.259067357512953
2024,20401,rural,hombre,1169,7156,16.335941866964784
2024,20401,rural,mujer,1070,6856,15.60676779463244
2024,20402,rural,hombre,1625,9298,17.476876747687676
2024,20402,rural,mujer,1561,8513,18.336661576412546
2024,20403,rural,hombre,1603,9000,17.81111111111111
2024,20403,rural,mujer,1389,8336,16.662667946257198
2024,20404,rural,hombre,546,2925,18.666666666666668
2024,20404,rural,mujer,476,2733,17.416758141236738
2024,20405,rural,hombre,718,4461,16.095045953822012
2024,20405,rural,mujer,674,4376,15.402193784277879
2024,20501,rural,hombre,1949,9271,21.022543414949844
2024,20501,rural,mujer,1890,8559,22.082018927444796
2024,20502,rural,hombre,1080,4772,22.632020117351214
2024,20502,rural,mujer,1032,4257,24.242424242424242
2024,20503,rural,hombre,851,3653,23.295921160689844
2024,20503,rural,mujer,703,3068,22.913950456323338
2024,20601,rural,hombre,2785,13542,20.56564761482794
2024,20601,rural,mujer,2798,12590,22.223987291501192
2024,20601,urbana,hombre,410,1749,23.441966838193252
2024,20601,urbana,mujer,519,2202,23.569482288828336
2024,20602,rural,hombre,1545,6519,23.699953980671882
2024,20602,rural,mujer,1257,5305,23.694627709707824
2024,20602,urbana,hombre,477,2239,21.304153640017866
2024,20602,urbana,mujer,518,2323,22.298751614291863
2024,20603,rural,hombre,1181,5161,22.883162177872507
2024,20603,rural,mujer,1091,4600,23.717391304347824
2024,20604,rural,hombre,510,2181,23.383768913342504
2024,20604,rural,mujer,512,2043,25.061184532550172
2024,20605,rural,hombre,313,1852,16.900647948164146
2024,20605,rural,mujer,301,1677,17.94871794871795
2024,20606,rural,hombre,594,2998,19.81320880587058
2024,20606,rural,mujer,482,2366,20.371935756551142
2024,20606,urbana,hombre,257,1242,20.69243156199678
2024,20606,urbana,mujer,218,1110,19.63963963963964
2024,20607,rural,hombre,1818,6518,27.89199140840749
2024,20607,rural,mujer,1286,4983,25.807746337547663
2024,20607,urbana,hombre,1205,5280,22.821969696969695
2024,20607,urbana,mujer,1338,5062,26.43224022125642
2024,20608,rural,hombre,1446,5834,24.78573877271169
2024,20608,rural,mujer,1156,4582,25.22915757311218
2024,20608,urbana,hombre,330,1476,22.357723577235774
2024,20608,urbana,mujer,395,1487,26.5635507733692
2024,20701,rural,hombre,1661,7328,22.666484716157207
2024,20701,rural,mujer,1286,6171,20.839410144222978
2024,20701,urbana,hombre,774,2898,26.70807453416149
2024,20701,urbana,mujer,593,2759,21.493294671982603
2024,20702,rural,hombre,1515,5280,28.693181818181817
2024,20702,rural,mujer,909,3780,24.047619047619047
2024,20801,rural,hombre,1763,11085,15.904375281912495
2024,20801,rural,mujer,1805,11270,16.01597160603372
2024,20801,urbana,hombre,11790,45209,26.078878099493462
2024,20801,urbana,mujer,10944,45990,23.79647749510763
2024,20802,rural,hombre,921,4311,21.363952679192764
2024,20802,rural,mujer,646,4281,15.089932258818033
2024,20803,rural,hombre,1235,6520,18.941717791411044
2024,20803,rural,mujer,1398,7128,19.612794612794612
2024,20804,rural,hombre,243,1465,16.58703071672355
2024,20804,rural,mujer,214,1526,14.02359108781127
2024,20804,urbana,hombre,516,2447,21.087045361667347
2024,20804,urbana,mujer,502,2459,20.41480276535177
2024,20805,rural,hombre,655,4046,16.188828472565497
2024,20805,rural,mujer,655,3890,16.838046272493575
2024,20806,rural,hombre,1512,8536,17.713214620431117
2024,20806,rural,mujer,1514,8480,17.85377358490566
2024,20807,rural,hombre,544,3626,15.002757859900717
2024,20807,rural,mujer,602,3914,15.38068472151252
2024,20901,rural,hombre,950,5464,17.386530014641288
2024,20901,rural,mujer,916,5239,17.48425271998473
2024,20902,rural,hombre,1570,8322,18.865657293919732
2024,20902,rural,mujer,1600,8175,19.571865443425075
2024,20903,rural,hombre,1147,5236,21.90603514132926
2024,20903,rural,mujer,1022,4841,21.111340632100806
2024,20903,urbana,hombre,322,1324,24.3202416918429
2024,20903,urbana,mujer,206,895,23.01675977653631
2024,20904,rural,hombre,730,2884,25.312066574202497
2024,20904,rural,mujer,628,2413,26.025694156651472
2024,20905,rural,hombre,1533,7105,21.576354679802957
2024,20905,rural,mujer,1456,6493,22.424149083628524
2024,21001,rural,hombre,2122,10079,21.05367595991666
2024,21001,rural,mujer,1822,8600,21.186046511627907
2024,21002,rural,hombre,833,3899,21.364452423698385
2024,21002,rural,mujer,483,2515,19.204771371769382
2024,21002,urbana,hombre,444,2185,20.320366132723112
2024,21002,urbana,mujer,481,2288,21.022727272727273
2024,21003,rural,hombre,1619,6949,23.298316304504244
2024,21003,rural,mujer,1478,6506,22.717491546264988
2024,21003,urbana,hombre,278,1067,26.0543580131209
2024,21003,urbana,mujer,303,1043,29.050814956855227
2024,21004,rural,hombre,1678,8924,18.803227252353206
2024,21004,rural,mujer,1565,7971,19.63367206122193
2024,21004,urbana,hombre,849,3462,24.523396880415945
2024,21004,urbana,mujer,812,3148,25.79415501905972
2024,21005,rural,hombre,875,4056,21.572978303747533
2024,21005,rural,mujer,770,3424,22.488317757009344
2024,21005,urbana,hombre,278,1072,25.932835820895523
2024,21005,urbana,mujer,271,1000,27.1
2024,21006,rural,hombre,484,2275,21.274725274725274
2024,21006,rural,mujer,494,2076,23.795761078998073
2024,21006,urbana,hombre,395,1682,23.48394768133175
2024,21006,urbana,mujer,432,1844,23.427331887201735
2024,21101,rural,hombre,1505,7875,19.11111111111111
2024,21101,rural,mujer,1603,7831,20.469927212361128
2024,21101,urbana,hombre,231,1248,18.509615384615383
2024,21101,urbana,mujer,264,1349,19.570051890289104
2024,21102,rural,hombre,2704,11535,23.441699176419593
2024,21102,rural,mujer,1940,8996,21.56514006224989
2024,21102,urbana,hombre,275,1268,21.687697160883282
2024,21102,urbana,mujer,313,1480,21.14864864864865
2024,21103,rural,hombre,796,3934,20.233858668022368
2024,21103,rural,mujer,731,3681,19.858734039663133
2024,21104,rural,hombre,2556,10588,24.140536456365698
2024,21104,rural,mujer,2142,8913,24.032312352743183
2024,21104,urbana,hombre,858,3753,22.861710631494805
2024,21104,urbana,mujer,936,3883,24.1050733968581
2024,21105,rural,hombre,5418,22493,24.087493886987062
2024,21105,rural,mujer,5081,20204,25.148485448426054
2024,21105,urbana,hombre,347,1413,24.557678697806086
2024,21105,urbana,mujer,386,1477,26.134055517941775
2024,21201,rural,hombre,3184,16516,19.278275611528215
2024,21201,rural,mujer,3425,17439,19.639887608234417
2024,21201,urbana,hombre,1717,7823,21.948101751246323
2024,21201,urbana,mujer,1933,8072,23.94697720515362
2024,21202,rural,hombre,2665,13567,19.64325200855016
2024,21202,rural,mujer,2900,14130,20.523708421797593
2024,21202,urbana,hombre,1109,5372,20.644080416976916
2024,21202,urbana,mujer,1257,5583,22.514777001612035
2024,21203,rural,hombre,1599,8495,18.822836962919364
2024,21203,rural,mujer,1695,9218,18.38793664569321
2024,21203,urbana,hombre,276,1367,20.190197512801756
2024,21203,urbana,mujer,335,1527,21.938441388343158
2024,21204,rural,hombre,681,3858,17.65163297045101
2024,21204,rural,mujer,714,4042,17.664522513607125
2024,21301,rural,hombre,2523,12756,19.77892756349953
2024,21301,rural,mujer,2373,11465,20.697775839511557
2024,21301,urbana,hombre,1146,4661,24.586998498176357
2024,21301,urbana,mujer,1276,5003,25.504697181690986
2024,21302,rural,hombre,695,4634,14.997842037116962
2024,21302,rural,mujer,703,4468,15.734109221128021
2024,21303,rural,hombre,1198,5778,20.733817930079613
2024,21303,rural,mujer,1106,5480,20.182481751824817
2024,21304,rural,hombre,1478,7744,19.085743801652892
2024,21304,rural,mujer,1483,7583,19.55690360015825
2024,21305,rural,hombre,1057,5923,17.845686307614386
2024,21305,rural,mujer,1106,5785,19.11840968020743
2024,21305,urbana,hombre,1764,6641,26.562264719168798
2024,21305,urbana,mujer,1728,6799,25.41550227974702
2024,21306,rural,hombre,452,2580,17.51937984496124
2024,21306,rural,mujer,515,2446,21.054783319705642
2024,21306,urbana,hombre,820,3732,21.972132904608788
2024,21306,urbana,mujer,893,3732,23.928188638799572
2024,21307,rural,hombre,192,930,20.64516129032258
2024,21307,rural,mujer,149,895,16.64804469273743
2024,21307,urbana,hombre,375,1799,20.84491384102279
2024,21307,urbana,mujer,402,1902,21.13564668769716
2024,21401,rural,hombre,3084,12937,23.838602458066013
2024,21401,rural,mujer,2937,12027,24.42005487652781
2024,21401,urbana,hombre,231,1334,17.316341829085456
2024,21401,urbana,mujer,278,1413,19.67445152158528
2024,21402,rural,hombre,2328,10536,22.095671981776764
2024,21402,rural,mujer,2270,9917,22.889986891196934
2024,21402,urbana,hombre,292,1536,19.010416666666668
2024,21402,urbana,mujer,285,1541,18.494484101232967
2024,21501,rural,hombre,976,4495,21.71301446051168
2024,21501,rural,mujer,738,3309,22.30281051677244
2024,21501,urbana,hombre,537,2595,20.69364161849711
2024,21501,urbana,mujer,458,2196,20.856102003642988
2024,21502,rural,hombre,568,3014,18.84538818845388
2024,21502,rural,mujer,562,2656,21.15963855421687
2024,21502,urbana,hombre,402,2221,18.09995497523638
2024,21502,urbana,mujer,499,2214,22.538392050587174
2024,21601,rural,hombre,1542,6866,22.458491115642296
2024,21601,rural,mujer,1490,6144,24.251302083333332
2024,21601,urbana,hombre,348,1472,23.641304347826086
2024,21601,urbana,mujer,288,1281,22.482435597189696
2024,21602,rural,hombre,936,3553,26.34393470306783
2024,21602,rural,mujer,801,3058,26.19359058207979
2024,21701,rural,hombre,983,5516,17.820884699057288
2024,21701,rural,mujer,999,5869,17.021639120804224
2024,21701,urbana,hombre,630,2965,21.247892074198987
2024,21701,urbana,mujer,613,3113,19.69161580469001
2024,21702,rural,hombre,844,4625,18.248648648648647
2024,21702,rural,mujer,686,4539,15.113461114782991
2024,21703,rural,hombre,459,2055,22.335766423357665
2024,21703,rural,mujer,370,1835,20.16348773841962
2024,21703,urbana,hombre,398,1931,20.611082340756084
2024,21703,urbana,mujer,336,1704,19.718309859154928
2024,21801,rural,hombre,896,4896,18.30065359477124
2024,21801,rural,mujer,811,4321,18.768803517704235
2024,21802,rural,hombre,623,3558,17.509836987071388
2024,21802,rural,mujer,580,3091,18.76415399547072
2024,21803,rural,hombre,187,1090,17.155963302752294
2024,21803,rural,mujer,188,962,19.542619542619544
2024,21901,rural,hombre,640,3408,18.779342723004696
2024,21901,rural,mujer,599,3397,17.63320576979688
2024,21902,rural,hombre,660,2774,23.792357606344627
2024,21902,rural,mujer,617,2577,23.94256887854094
2024,22001,rural,hombre,4678,20525,22.79171741778319
2024,22001,rural,mujer,4514,18304,24.661276223776223
2024,22001,urbana,hombre,2991,10523,28.423453387817162
2024,22001,urbana,mujer,2764,10324,26.77256877179388
2024,22002,rural,hombre,1252,5749,21.777700469646895
2024,22002,rural,mujer,1125,4836,23.263027295285358
2024,30101,rural,hombre,5,15,33.333333333333336
2024,30101,rural,mujer,2,8,25.0
2024,30101,urbana,hombre,77738,319358,24.34196105937537
2024,30101,urbana,mujer,80839,346124,23.35550265222868
2024,30201,rural,hombre,1416,7387,19.168810071747664
2024,30201,rural,mujer,1342,6879,19.508649513010614
2024,30201,urbana,hombre,871,4126,21.1100339311682
2024,30201,urbana,mujer,1047,4731,22.130627774254915
2024,30202,rural,hombre,410,2005,20.448877805486283
2024,30202,rural,mujer,326,1641,19.865935405240705
2024,30202,urbana,hombre,331,1499,22.081387591727818
2024,30202,urbana,mujer,269,1330,20.225563909774436
2024,30203,rural,hombre,774,3422,22.618351841028637
2024,30203,rural,mujer,759,3278,23.154362416107382
2024,30301,rural,hombre,2183,11551,18.898796640983466
2024,30301,rural,mujer,1862,10264,18.141075604053
2024,30302,rural,hombre,1475,7552,19.53125
2024,30302,rural,mujer,1400,7168,19.53125
2024,30303,rural,hombre,2500,10671,23.42798238215725
2024,30303,rural,mujer,2008,8937,22.468389839991048
2024,30401,rural,hombre,730,3322,21.97471402769416
2024,30401,rural,mujer,724,3432,21.095571095571096
2024,30401,urbana,hombre,811,2295,35.33769063180828
2024,30401,urbana,mujer,562,2224,25.269784172661872
2024,30402,rural,hombre,640,3603,17.762975298362477
2024,30402,rural,mujer,641,3732,17.175777063236872
2024,30403,rural,hombre,880,4391,20.04099294010476
2024,30403,rural,mujer,871,4727,18.426063042098583
2024,30403,urbana,hombre,2424,9796,24.744793793385057
2024,30403,urbana,mujer,2628,10461,25.121881273300833
2024,30404,rural,hombre,543,2516,21.5818759936407
2024,30404,rural,mujer,500,2471,20.234722784297855
2024,30501,rural,hombre,596,3315,17.978883861236802
2024,30501,rural,mujer,646,3617,17.860105059441526
2024,30501,urbana,hombre,549,2077,26.432354357246027
2024,30501,urbana,mujer,486,2174,22.355105795768168
2024,30502,rural,hombre,777,4114,18.886728245017014
2024,30502,rural,mujer,821,4295,19.115250291036087
2024,30601,rural,hombre,1170,5559,21.04695089044792
2024,30601,rural,mujer,1086,5073,21.407451212300415
2024,30602,rural,hombre,1237,5726,21.603213412504367
2024,30602,rural,mujer,1013,5024,20.163216560509554
2024,30701,rural,hombre,1052,5151,20.42321879246748
2024,30701,rural,mujer,1123,5426,20.6966457795798
2024,30701,urbana,hombre,931,4214,22.093023255813954
2024,30701,urbana,mujer,1011,4636,21.807592752372734
2024,30702,rural,hombre,862,3966,21.73474533535048
2024,30702,rural,mujer,729,3974,18.344237544036236
2024,30703,rural,hombre,460,2071,22.21149203283438
2024,30703,rural,mujer,412,1909,21.581980094290206
2024,30801,rural,hombre,1041,4908,21.21026894865526
2024,30801,rural,mujer,1046,5111,20.465662297006457
2024,30801,urbana,hombre,1192,5465,21.81152790484904
2024,30801,urbana,mujer,1182,5671,20.842884852759653
2024,30802,rural,hombre,745,3740,19.919786096256683
2024,30802,rural,mujer,686,3642,18.83580450302032
2024,30803,rural,hombre,1127,3370,33.44213649851632
2024,30803,rural,mujer,667,3025,22.049586776859503
2024,30803,urbana,hombre,473,1228,38.51791530944625
2024,30803,urbana,mujer,267,1064,25.093984962406015
2024,30901,rural,hombre,878,3834,22.90036515388628
2024,30901,rural,mujer,895,3865,23.15653298835705
2024,30901,urbana,hombre,18674,76549,24.39483206834838
2024,30901,urbana,mujer,19662,82493,23.83474961511886
2024,30902,rural,hombre,1953,8853,22.06031853608946
2024,30902,rural,mujer,2160,9497,22.74402442876698
2024,30902,urbana,hombre,4282,17834,24.01031737131322
2024,30902,urbana,mujer,5013,19724,25.415737172987225
2024,30903,rural,hombre,395,1832,21.561135371179038
2024,30903,rural,mujer,395,1785,22.128851540616246
2024,30903,urbana,hombre,6807,27973,24.334179387266293
2024,30903,urbana,mujer,7292,30250,24.105785123966943
2024,30904,rural,hombre,970,4244,22.855796418473137
2024,30904,rural,mujer,1048,4381,23.921479114357453
2024,30904,urbana,hombre,5838,22703,25.714663260362066
2024,30904,urbana,mujer,6319,24736,25.545763260025872
2024,30905,urbana,hombre,7561,32204,23.478449882002234
2024,30905,urbana,mujer,7819,34301,22.79525378268855
2024,31001,rural,hombre,2994,13195,22.69041303524062
2024,31001,rural,mujer,3243,14047,23.086780095394033
2024,31001,urbana,hombre,23850,93004,25.644058320072254
2024,31001,urbana,mujer,24864,98846,25.154280395767152
2024,31002,rural,hombre,2195,9076,24.184662847069195
2024,31002,rural,mujer,1984,8513,23.305532714671678
2024,31002,urbana,hombre,646,2064,31.2984496124031
2024,31002,urbana,mujer,584,2193,26.630186958504332
2024,31003,rural,hombre,11205,44857,24.979378915219474
2024,31003,rural,mujer,9222,37637,24.502484257512553
2024,31003,urbana,hombre,1399,5505,25.41326067211626
2024,31003,urbana,mujer,1512,5748,26.304801670146137
2024,31101,rural,hombre,2618,12900,20.294573643410853
2024,31101,rural,mujer,2413,11766,20.508244093149752
2024,31201,rural,hombre,1910,7823,24.4151859900294
2024,31201,rural,mujer,1677,6998,23.9639897113461
2024,31202,rural,hombre,1523,6159,24.72804026627699
2024,31202,rural,mujer,1397,5706,24.483000350508238
2024,31203,rural,hombre,1242,6199,20.03548959509598
2024,31203,rural,mujer,1139,6059,18.798481597623372
2024,31204,rural,hombre,2225,9025,24.653739612188367
2024,31204,rural,mujer,1851,7640,24.227748691099478
2024,31204,urbana,hombre,1598,5612,28.474697077690664
2024,31204,urbana,mujer,1463,5244,27.89855072463768
2024,31205,rural,hombre,5526,22400,24.669642857142858
2024,31205,rural,mujer,4777,19280,24.776970954356848
2024,31205,urbana,hombre,2935,11138,26.351230023343508
2024,31205,urbana,mujer,3213,11777,27.28199032011548
2024,31206,rural,hombre,2167,9890,21.91102123356926
2024,31206,rural,mujer,1684,7382,22.81224600379301
2024,31206,urbana,hombre,3825,13791,27.73547966064825
2024,31206,urbana,mujer,4127,14717,28.042399945641094
2024,31301,rural,hombre,1389,7034,19.74694341768553
2024,31301,rural,mujer,1378,6718,20.51205715986901
2024,31301,urbana,hombre,644,2918,22.069910897875257
2024,31301,urbana,mujer,699,3226,21.667699938003718
2024,31302,rural,hombre,591,2643,22.36095346197503
2024,31302,rural,mujer,546,2601,20.991926182237602
2024,31303,rural,hombre,463,1860,24.892473118279568
2024,31303,rural,mujer,391,1652,23.668280871670703
2024,31304,rural,hombre,979,4128,23.71608527131783
2024,31304,rural,mujer,851,3928,21.664969450101832
2024,31401,rural,hombre,750,4088,18.34637964774951
2024,31401,rural,mujer,822,4597,17.881226887100283
2024,31401,urbana,hombre,2783,12440,22.371382636655948
2024,31401,urbana,mujer,3111,14123,22.0278977554344
2024,31402,rural,hombre,555,2911,19.065613191343182
2024,31402,rural,mujer,574,3004,19.10785619174434
2024,31402,urbana,hombre,338,1286,26.283048211508554
2024,31402,urbana,mujer,363,1398,25.965665236051503
2024,31403,rural,hombre,439,2338,18.776732249786143
2024,31403,rural,mujer,446,2497,17.861433720464557
2024,31403,urbana,hombre,935,4032,23.189484126984127
2024,31403,urbana,mujer,922,4187,22.020539765942203
2024,31404,rural,hombre,120,645,18.6046511627907
2024,31404,rural,mujer,117,642,18.22429906542056
2024,31405,rural,hombre,392,1901,20.620725933719097
2024,31405,rural,mujer,408,1921,21.238938053097346
2024,31501,rural,hombre,938,4585,20.458015267175572
2024,31501,rural,mujer,738,3697,19.96213145793887
2024,31601,rural,hombre,1676,7949,21.084413133727512
2024,31601,rural,mujer,1606,7963,20.168278287077733
2024,31601,urbana,hombre,274,1251,21.90247801758593
2024,31601,urbana,mujer,301,1312,22.942073170731707
2024,31602,rural,hombre,2668,10014,26.64270021969243
2024,31602,rural,mujer,2146,8593,24.97381589666007
2024,31602,urbana,hombre,1144,4186,27.32919254658385
2024,31602,urbana,mujer,1226,4379,27.997259648321535
2024,40101,rural,hombre,7,51,13.72549019607843
2024,40101,rural,mujer,5,42,11.904761904761905
2024,40101,urbana,hombre,35822,142209,25.18968560358346
2024,40101,urbana,mujer,37099,156048,23.77409515021019
2024,40102,rural,hombre,1530,7746,19.752130131680868
2024,40102,rural,mujer,1577,7554,20.876356897008208
2024,40102,urbana,hombre,1085,3718,29.18235610543303
2024,40102,urbana,mujer,997,3832,26.017745302713987
2024,40103,rural,hombre,1051,5118,20.53536537710043
2024,40103,rural,mujer,938,4879,19.225251076040173
2024,40104,rural,hombre,1628,8057,20.206032021844358
2024,40104,rural,mujer,1611,7707,20.90307512650837
2024,40201,rural,hombre,2625,12465,21.0589651022864
2024,40201,rural,mujer,2098,9993,20.99469628740118
2024,40201,urbana,hombre,1663,5952,27.940188172043012
2024,40201,urbana,mujer,1694,7017,24.14137095624911
2024,40202,rural,hombre,530,2665,19.887429643527206
2024,40202,rural,mujer,459,2496,18.389423076923077
2024,40301,rural,hombre,1646,8170,20.1468788249694
2024,40301,rural,mujer,1723,7931,21.72487706468289
2024,40302,rural,hombre,266,1295,20.54054054054054
2024,40302,rural,mujer,230,1209,19.02398676592225
2024,40401,rural,hombre,955,3472,27.505760368663594
2024,40401,rural,mujer,627,3211,19.526627218934912
2024,40402,rural,hombre,600,3028,19.815059445178335
2024,40402,rural,mujer,524,2775,18.882882882882882
2024,40501,rural,hombre,13,70,18.571428571428573
2024,40501,rural,mujer,18,67,26.865671641791046
2024,40501,urbana,hombre,581,2004,28.99201596806387
2024,40501,urbana,mujer,397,1870,21.22994652406417
2024,40502,rural,hombre,177,845,20.94674556213018
2024,40502,rural,mujer,172,751,22.902796271637815
2024,40502,urbana,hombre,292,1389,21.022318214542835
2024,40502,urbana,mujer,249,1246,19.98394863563403
2024,40503,rural,hombre,183,778,23.52185089974293
2024,40503,rural,mujer,178,739,24.08660351826793
2024,40504,rural,hombre,121,444,27.25225225225225
2024,40504,rural,mujer,105,431,24.361948955916475
2024,40505,rural,hombre,471,1911,24.646781789638933
2024,40505,rural,mujer,461,1971,23.38914256722476
2024,40601,rural,hombre,368,2305,15.96529284164859
2024,40601,rural,mujer,349,2216,15.749097472924188
2024,40601,urbana,hombre,590,2421,24.370095002065263
2024,40601,urbana,mujer,541,2247,24.07654650645305
2024,40602,rural,hombre,377,2177,17.31740927882407
2024,40602,rural,mujer,338,2074,16.2970106075217
2024,40603,rural,hombre,343,1898,18.071654373024234
2024,40603,rural,mujer,339,1768,19.17420814479638
2024,40701,rural,hombre,391,1983,19.717599596570853
2024,40701,rural,mujer,338,1879,17.988291644491753
2024,40701,urbana,hombre,2082,8249,25.23942296035883
2024,40701,urbana,mujer,1873,8007,23.39203197202448
2024,40702,rural,hombre,256,1494,17.13520749665328
2024,40702,rural,mujer,248,1451,17.091660923501035
2024,40702,urbana,hombre,350,1575,22.22222222222222
2024,40702,urbana,mujer,329,1600,20.5625
2024,40801,rural,hombre,1649,8162,20.20338152413624
2024,40801,rural,mujer,1448,7772,18.63098301595471
2024,40802,rural,hombre,298,1661,17.94099939795304
2024,40802,rural,mujer,272,1536,17.708333333333332
2024,40901,rural,hombre,1638,6354,25.77903682719547
2024,40901,rural,mujer,1480,6099,24.26627315953435
2024,40901,urbana,hombre,587,1634,35.92411260709914
2024,40901,urbana,mujer,487,1417,34.36838390966831
2024,40902,rural,hombre,156,739,21.10960757780785
2024,40902,rural,mujer,149,667,22.338830584707647
2024,40903,rural,hombre,264,1183,22.31614539306847
2024,40903,rural,mujer,308,1172,26.27986348122867
2024,41001,rural,hombre,1142,6236,18.31302116741501
2024,41001,rural,mujer,1077,5966,18.052296345960443
2024,41101,rural,hombre,340,1678,20.262216924910607
2024,41101,rural,mujer,272,1470,18.503401360544217
2024,41101,urbana,hombre,233,1084,21.494464944649447
2024,41101,urbana,mujer,283,1103,25.657298277425205
2024,41201,rural,hombre,574,3282,17.48933577087142
2024,41201,rural,mujer,560,3029,18.48794981842192
2024,41202,rural,hombre,306,1569,19.502868068833653
2024,41202,rural,mujer,283,1492,18.967828418230564
2024,41301,rural,hombre,641,3502,18.3038263849229
2024,41301,rural,mujer,633,3135,20.19138755980861
2024,41401,rural,hombre,985,5151,19.122500485342652
2024,41401,rural,mujer,750,4044,18.5459940652819
2024,41401,urbana,hombre,441,2098,21.020019065776932
2024,41401,urbana,mujer,440,2209,19.91851516523314
2024,41501,rural,hombre,148,616,24.025974025974026
2024,41501,rural,mujer,136,646,21.05263157894737
2024,41502,rural,hombre,172,607,28.336079077429982
2024,41502,rural,mujer,116,533,21.76360225140713
2024,41503,rural,hombre,149,575,25.91304347826087
2024,41503,rural,mujer,142,554,25.63176895306859
2024,41601,rural,hombre,433,3188,13.582183186951067
2024,41601,rural,mujer,437,2808,15.562678062678062
2024,50101,rural,hombre,2098,10434,20.10734138393713
2024,50101,rural,mujer,1794,9871,18.174450410292778
2024,50101,urbana,hombre,24789,94105,26.341852186387545
2024,50101,urbana,mujer,26653,104292,25.556130863345224
2024,50102,rural,hombre,3704,16216,22.84163788850518
2024,50102,rural,mujer,2625,12726,20.627062706270628
2024,50103,rural,hombre,1101,6276,17.54302103250478
2024,50103,rural,mujer,1062,5977,17.76811109252133
2024,50104,rural,hombre,342,1852,18.466522678185743
2024,50104,rural,mujer,251,1269,19.779353821907012
2024,50201,rural,hombre,1655,7435,22.259583053127102
2024,50201,rural,mujer,1368,6121,22.349289331808528
2024,50201,urbana,hombre,1227,4237,28.9591692235072
2024,50201,urbana,mujer,1163,4975,23.376884422110553
2024,50202,rural,hombre,1568,6993,22.42242242242242
2024,50202,rural,mujer,1320,6178,21.36613790870832
2024,50202,urbana,hombre,435,1341,32.43847874720358
2024,50202,urbana,mujer,416,1509,27.567925778661365
2024,50203,rural,hombre,568,2833,20.04941757853865
2024,50203,rural,mujer,474,2390,19.832635983263597
2024,50203,urbana,hombre,5157,16916,30.48593048001892
2024,50203,urbana,mujer,5935,19547,30.36271550621579
2024,50204,rural,hombre,806,3479,23.167576889910894
2024,50204,rural,mujer,612,2713,22.558053814964982
2024,50204,urbana,hombre,232,1010,22.97029702970297
2024,50204,urbana,mujer,228,1018,22.396856581532415
2024,50301,rural,hombre,2582,13082,19.737043265555727
2024,50301,rural,mujer,2402,12596,19.06954588758336
2024,50301,urbana,hombre,718,2871,25.008707767328456
2024,50301,urbana,mujer,761,3355,22.682563338301044
2024,50302,rural,hombre,858,4585,18.71319520174482
2024,50302,rural,mujer,826,4700,17.574468085106382
2024,50303,rural,hombre,1665,7839,21.23995407577497
2024,50303,rural,mujer,1270,6527,19.457637505745364
2024,50401,rural,hombre,1153,5891,19.572228823629263
2024,50401,rural,mujer,1006,4951,20.319127449000202
2024,50401,urbana,hombre,1026,3269,31.3857448761089
2024,50401,urbana,mujer,524,2252,23.268206039076375
2024,50402,rural,hombre,1515,8930,16.96528555431131
2024,50402,rural,mujer,1261,7979,15.803985461837323
2024,50403,rural,hombre,3374,16073,20.991725253530767
2024,50403,rural,mujer,2962,14309,20.70025857851702
2024,50403,urbana,hombre,222,904,24.557522123893804
2024,50403,urbana,mujer,323,1355,23.837638376383765
2024,50404,rural,hombre,1662,8250,20.145454545454545
2024,50404,rural,mujer,1182,6282,18.815663801337156
2024,50405,rural,hombre,2627,11569,22.70723485175901
2024,50405,rural,mujer,1915,9442,20.281719974581655
2024,50501,rural,hombre,2919,15059,19.383757221595058
2024,50501,rural,mujer,2377,13357,17.79591225574605
2024,50502,rural,hombre,1017,5511,18.454001088731626
2024,50502,rural,mujer,939,5203,18.04728041514511
2024,50601,rural,hombre,2628,13004,20.209166410335282
2024,50601,rural,mujer,2559,13020,19.65437788018433
2024,50601,urbana,hombre,328,1447,22.667588113337942
2024,50601,urbana,mujer,359,1750,20.514285714285716
2024,50602,rural,hombre,917,4886,18.76790830945559
2024,50602,rural,mujer,975,5298,18.40317100792752
2024,50701,rural,hombre,1595,8136,19.604228121927235
2024,50701,rural,mujer,1265,6768,18.690898345153663
2024,50701,urbana,hombre,182,1033,17.618586640851888
2024,50701,urbana,mujer,224,1268,17.665615141955836
2024,50702,rural,hombre,954,4656,20.489690721649485
2024,50702,rural,mujer,715,3802,18.805891635981062
2024,50801,rural,hombre,1647,8494,19.390157758417708
2024,50801,rural,mujer,1579,8566,18.433341116040157
2024,50801,urbana,hombre,3028,13617,22.236909745171477
2024,50801,urbana,mujer,2911,14913,19.519881982163213
2024,50802,rural,hombre,965,4996,19.315452361889513
2024,50802,rural,mujer,886,4614,19.20242739488513
2024,50901,rural,hombre,1249,5886,21.219843696907915
2024,50901,rural,mujer,921,4706,19.570760730981725
2024,50901,urbana,hombre,208,1037,20.057859209257472
2024,50901,urbana,mujer,228,1111,20.522052205220522
2024,50902,rural,hombre,228,876,26.027397260273972
2024,50902,rural,mujer,133,745,17.85234899328859
2024,51001,rural,hombre,399,1650,24.181818181818183
2024,51001,rural,mujer,333,1500,22.2
2024,51002,rural,hombre,112,516,21.705426356589147
2024,51002,rural,mujer,93,509,18.271119842829076
2024,51003,rural,hombre,230,968,23.760330578512395
2024,51003,rural,mujer,215,968,22.210743801652892
2024,51101,rural,hombre,1554,7911,19.643534319302237
2024,51101,rural,mujer,1490,8478,17.574899740504836
2024,51102,rural,hombre,906,4691,19.31357919420166
2024,51102,rural,mujer,839,4790,17.515657620041754
2024,51102,urbana,hombre,480,1772,27.08803611738149
2024,51102,urbana,mujer,455,1746,26.059564719358534
2024,51103,rural,hombre,1654,7403,22.342293664730516
2024,51103,rural,mujer,1439,6935,20.749819754866618
2024,51201,rural,hombre,993,5253,18.903483723586522
2024,51201,rural,mujer,977,5099,19.160619729358697
2024,51201,urbana,hombre,2874,11880,24.19191919191919
2024,51201,urbana,mujer,2816,13086,21.51918080391258
2024,51202,rural,hombre,663,3902,16.99128651973347
2024,51202,rural,mujer,673,3943,17.068222165863556
2024,51203,rural,hombre,252,1453,17.34342739160358
2024,51203,rural,mujer,242,1513,15.994712491738268
2024,51203,urbana,hombre,1774,6525,27.18773946360153
2024,51203,urbana,mujer,1356,5163,26.263800116211506
2024,51204,rural,hombre,524,2821,18.57497341368309
2024,51204,rural,mujer,564,2998,18.812541694462976
2024,51301,rural,hombre,367,1930,19.015544041450777
2024,51301,rural,mujer,314,1736,18.087557603686637
2024,51302,rural,hombre,373,2193,17.008663930688556
2024,51302,rural,mujer,352,2278,15.452151009657594
2024,51401,rural,hombre,503,2142,23.482726423902893
2024,51401,rural,mujer,410,2045,20.04889975550122
2024,51402,rural,hombre,154,803,19.17808219178082
2024,51402,rural,mujer,146,743,19.65006729475101
2024,51501,rural,hombre,757,3827,19.78050692448393
2024,51501,rural,mujer,743,4009,18.53330007483163
2024,51501,urbana,hombre,4284,19782,21.656050955414013
2024,51501,urbana,mujer,4476,21722,20.6058373998711
2024,51601,rural,hombre,235,1057,22.232734153263955
2024,51601,rural,mujer,238,1069,22.263797942001872
2024,60101,rural,hombre,2261,11553,19.570674283735826
2024,60101,rural,mujer,2217,11641,19.04475560518856
2024,60101,urbana,hombre,24881,104595,23.78794397437736
2024,60101,urbana,mujer,24908,110960,22.447728911319395
2024,60201,rural,hombre,1865,9173,20.33140739125695
2024,60201,rural,mujer,1638,8644,18.94956038870893
2024,60202,rural,hombre,452,2123,21.29062647197362
2024,60202,rural,mujer,453,1934,23.4229576008273
2024,60202,urbana,hombre,3248,16189,20.063005744641423
2024,60202,urbana,mujer,3220,16724,19.25376704137766
2024,60301,rural,hombre,3100,13181,23.5187011607617
2024,60301,rural,mujer,2722,12207,22.298681084623578
2024,60301,urbana,hombre,8086,35540,22.751828925154754
2024,60301,urbana,mujer,7615,36706,20.74592709638751
2024,60302,rural,hombre,1121,6109,18.349975446063187
2024,60302,rural,mujer,1107,5440,20.34926470588235
2024,60302,urbana,hombre,374,1952,19.15983606557377
2024,60302,urbana,mujer,422,2058,20.505344995140913
2024,60303,rural,hombre,1726,7186,24.01892568883941
2024,60303,rural,mujer,1244,5657,21.990454304401627
2024,60303,urbana,hombre,3495,16371,21.34872640645043
2024,60303,urbana,mujer,3331,16857,19.760336952008068
2024,60401,rural,hombre,1367,6619,20.652666565946518
2024,60401,rural,mujer,1413,6839,20.66091533849978
2024,60401,urbana,hombre,289,1194,24.20435510887772
2024,60401,urbana,mujer,237,1271,18.64673485444532
2024,60402,rural,hombre,480,2338,20.53036783575706
2024,60402,rural,mujer,474,2416,19.619205298013245
2024,60501,rural,hombre,2431,12025,20.216216216216218
2024,60501,rural,mujer,2482,12283,20.206789872181062
2024,60501,urbana,hombre,616,2929,21.03106862410379
2024,60501,urbana,mujer,615,3109,19.78128015439048
2024,60502,rural,hombre,804,4691,17.13920272862929
2024,60502,rural,mujer,833,4832,17.239238410596027
2024,60601,rural,hombre,1526,8682,17.576595254549645
2024,60601,rural,mujer,1499,7943,18.871962734483194
2024,60601,urbana,hombre,395,2046,19.30596285434995
2024,60601,urbana,mujer,429,2193,19.562243502051984
2024,70101,rural,hombre,1116,4900,22.775510204081634
2024,70101,rural,mujer,1092,4358,25.057365764111978
2024,70101,urbana,hombre,189783,794930,23.874177600543444
2024,70101,urbana,mujer,192391,806794,23.846359789487774
2024,70102,rural,hombre,1886,8604,21.92003719200372
2024,70102,rural,mujer,1824,7714,23.645320197044335
2024,70102,urbana,hombre,10572,45875,23.04523160762943
2024,70102,urbana,mujer,10522,44410,23.69286196802522
2024,70103,rural,hombre,1213,6383,19.003603321322263
2024,70103,rural,mujer,1105,5383,20.527586847482816
2024,70103,urbana,hombre,1076,5600,19.214285714285715
2024,70103,urbana,mujer,1148,5760,19.930555555555557
2024,70104,rural,hombre,993,4281,23.19551506657323
2024,70104,rural,mujer,895,3746,23.89215162840363
2024,70104,urbana,hombre,16360,69542,23.52535158609186
2024,70104,urbana,mujer,17025,70157,24.26700115455336
2024,70105,rural,hombre,1810,8373,21.61710259166368
2024,70105,rural,mujer,1618,7353,22.004623963008296
2024,70105,urbana,hombre,4689,19891,23.57347544115429
2024,70105,urbana,mujer,4746,20080,23.63545816733068
2024,70201,rural,hombre,1922,8601,22.346238809440763
2024,70201,rural,mujer,1808,7539,23.981960472211167
2024,70201,urbana,hombre,16264,68218,23.841214928611215
2024,70201,urbana,mujer,16121,66890,24.10076244580655
2024,70202,rural,hombre,610,2935,20.783645655877343
2024,70202,rural,mujer,538,2532,21.248025276461295
2024,70202,urbana,hombre,562,2567,21.89326061550448
2024,70202,urbana,mujer,609,2631,23.14709236031927
2024,70301,rural,hombre,4232,18902,22.38916516770712
2024,70301,rural,mujer,3685,16174,22.783479658711514
2024,70301,urbana,hombre,3897,16219,24.0273753005734
2024,70301,urbana,mujer,3670,15808,23.216093117408906
2024,70302,rural,hombre,1192,5570,21.40035906642729
2024,70302,rural,mujer,946,4324,21.877890841813137
2024,70302,urbana,hombre,497,2594,19.159599074787973
2024,70302,urbana,mujer,536,2751,19.483824063976737
2024,70303,rural,hombre,743,3512,21.156036446469248
2024,70303,rural,mujer,567,2505,22.634730538922156
2024,70303,urbana,hombre,314,1422,22.081575246132207
2024,70303,urbana,mujer,320,1403,22.808267997148967
2024,70401,rural,hombre,836,4411,18.952618453865338
2024,70401,rural,mujer,797,3703,21.52308938698353
2024,70401,urbana,hombre,789,2970,26.565656565656564
2024,70401,urbana,mujer,558,2567,21.737436696532917
2024,70402,rural,hombre,689,3452,19.95944380069525
2024,70402,rural,mujer,550,2798,19.656897784131523
2024,70402,urbana,hombre,1344,6355,21.14870180959874
2024,70402,urbana,mujer,1508,6337,23.796749250433958
2024,70403,rural,hombre,3060,13343,22.933373304354344
2024,70403,rural,mujer,1868,8577,21.779176868368893
2024,70403,urbana,hombre,4191,17784,23.56612685560054
2024,70403,urbana,mujer,4560,18090,25.207296849087893
2024,70404,rural,hombre,497,2391,20.78628189042242
2024,70404,rural,mujer,379,1713,22.124927028604787
2024,70404,urbana,hombre,687,3094,22.20426632191338
2024,70404,urbana,mujer,699,3002,23.28447701532312
2024,70501,rural,hombre,3323,15332,21.673623793373338
2024,70501,rural,mujer,2816,12511,22.5081927903445
2024,70501,urbana,hombre,1514,6627,22.845933303153764
2024,70501,urbana,mujer,1311,6504,20.156826568265682
2024,70502,rural,hombre,4751,20104,23.632113012335854
2024,70502,rural,mujer,4098,17343,23.62912990832036
2024,70502,urbana,hombre,1945,8543,22.767177806391196
2024,70502,urbana,mujer,2061,8505,24.232804232804234
2024,70503,rural,hombre,855,3812,22.429171038824762
2024,70503,rural,mujer,558,2957,18.87047683462969
2024,70503,urbana,hombre,1590,6212,25.595621377978105
2024,70503,urbana,mujer,1111,5782,19.214804565894156
2024,70601,rural,hombre,445,2374,18.74473462510531
2024,70601,rural,mujer,400,1837,21.774632553075666
2024,70601,urbana,hombre,1785,8267,21.591871295512277
2024,70601,urbana,mujer,1818,8265,21.996370235934663
2024,70602,rural,hombre,1538,7475,20.5752508361204
2024,70602,rural,mujer,1300,5863,22.172949002217294
2024,70602,urbana,hombre,515,2301,22.381573229030856
2024,70602,urbana,mujer,526,2360,22.28813559322034
2024,70603,rural,hombre,104,582,17.869415807560138
2024,70603,rural,mujer,93,436,21.3302752293578
2024,70603,urbana,hombre,576,2529,22.775800711743774
2024,70603,urbana,mujer,566,2460,23.008130081300813
2024,70701,rural,hombre,620,3083,20.110282192669477
2024,70701,rural,mujer,607,2863,21.20153684945861
2024,70702,rural,hombre,3992,17031,23.439610122717397
2024,70702,rural,mujer,3726,15735,23.679694947569114
2024,70702,urbana,hombre,790,2929,26.97166268350973
2024,70702,urbana,mujer,623,2725,22.862385321100916
2024,70703,rural,hombre,2928,12922,22.659031109735334
2024,70703,rural,mujer,2620,11101,23.60147734438339
2024,70703,urbana,hombre,1222,4572,26.72790901137358
2024,70703,urbana,mujer,1071,4366,24.530462666055886
2024,70704,rural,hombre,287,1260,22.77777777777778
2024,70704,rural,mujer,272,1133,24.007060900264783
2024,70704,urbana,hombre,556,1599,34.77173233270794
2024,70704,urbana,mujer,310,1343,23.08265078183172
2024,70705,rural,hombre,1772,7204,24.597445863409217
2024,70705,rural,mujer,1752,7185,24.384133611691023
2024,70706,rural,hombre,923,3324,27.76774969915764
2024,70706,rural,mujer,736,3063,24.028730003264773
2024,70706,urbana,hombre,2862,12415,23.05275875956504
2024,70706,urbana,mujer,3030,13483,22.47274345472076
2024,70707,rural,hombre,222,945,23.49206349206349
2024,70707,rural,mujer,179,790,22.658227848101266
2024,70707,urbana,hombre,654,2035,32.13759213759214
2024,70707,urbana,mujer,394,1842,21.389793702497286
2024,70801,rural,hombre,498,3622,13.749309773605743
2024,70801,rural,mujer,376,2850,13.192982456140351
2024,70801,urbana,hombre,1142,5165,22.110358180058082
2024,70801,urbana,mujer,1172,5612,20.88382038488952
2024,70802,rural,hombre,201,1197,16.791979949874687
2024,70802,rural,mujer,206,1162,17.72805507745267
2024,70803,rural,hombre,270,1443,18.71101871101871
2024,70803,rural,mujer,256,1350,18.962962962962962
2024,70804,rural,hombre,182,993,18.328298086606242
2024,70804,rural,mujer,130,813,15.990159901599016
2024,70805,rural,hombre,191,1097,17.41112123974476
2024,70805,rural,mujer,126,918,13.72549019607843
2024,70901,rural,hombre,644,3562,18.079730488489613
2024,70901,rural,mujer,524,2960,17.7027027027027
2024,70901,urbana,hombre,541,2685,20.14897579143389
2024,70901,urbana,mujer,566,2636,21.471927162367223
2024,70902,rural,hombre,586,2979,19.67103054716348
2024,70902,rural,mujer,547,2767,19.76870256595591
2024,70902,urbana,hombre,429,1963,21.85430463576159
2024,70902,urbana,mujer,421,1983,21.230458900655574
2024,70903,rural,hombre,586,2705,21.66358595194085
2024,70903,rural,mujer,519,2300,22.565217391304348
2024,70903,urbana,hombre,902,3930,22.951653944020357
2024,70903,urbana,mujer,876,3800,23.05263157894737
2024,70904,rural,hombre,307,1560,19.67948717948718
2024,70904,rural,mujer,313,1526,20.51114023591088
2024,71001,rural,hombre,94,421,22.327790973871736
2024,71001,rural,mujer,89,372,23.9247311827957
2024,71001,urbana,hombre,15236,63333,24.056968720888005
2024,71001,urbana,mujer,15239,62760,24.281389420012747
2024,71002,rural,hombre,1057,4633,22.814590977768184
2024,71002,rural,mujer,1013,4091,24.76167196284527
2024,71002,urbana,hombre,924,3945,23.422053231939163
2024,71002,urbana,mujer,990,3929,25.197251208959024
2024,71003,rural,hombre,501,2369,21.148163782186575
2024,71003,rural,mujer,483,2060,23.446601941747574
2024,71003,urbana,hombre,2137,9399,22.736461325672945
2024,71003,urbana,mujer,2147,9282,23.1307907778496
2024,71004,rural,hombre,718,2853,25.166491412548194
2024,71004,rural,mujer,258,1124,22.95373665480427
2024,71004,urbana,hombre,1316,5430,24.23572744014733
2024,71004,urbana,mujer,1280,5203,24.601191620219105
2024,71005,rural,hombre,963,3660,26.311475409836067
2024,71005,rural,mujer,668,2730,24.468864468864467
2024,71005,urbana,hombre,1167,4698,24.84035759897829
2024,71005,urbana,mujer,1087,4158,26.142376142376143
2024,71101,rural,hombre,1927,8731,22.070782270072158
2024,71101,rural,mujer,1493,6477,23.050795121198085
2024,71101,urbana,hombre,1784,7566,23.57916997092255
2024,71101,urbana,mujer,1866,7344,25.408496732026144
2024,71102,rural,hombre,922,3865,23.85510996119017
2024,71102,rural,mujer,740,3077,24.049398765030872
2024,71102,urbana,hombre,826,3868,21.354705274043432
2024,71102,urbana,mujer,924,4078,22.658165767533106
2024,71103,rural,hombre,2472,11546,21.4100121254114
2024,71103,rural,mujer,2321,9702,23.922902494331066
2024,71103,urbana,hombre,2753,11288,24.388731396172926
2024,71103,urbana,mujer,3293,12373,26.614402327648914
2024,71104,rural,hombre,647,3271,19.779883827575667
2024,71104,rural,mujer,685,3093,22.146783058519237
2024,71105,rural,hombre,112,721,15.533980582524272
2024,71105,rural,mujer,100,476,21.008403361344538
2024,71105,urbana,hombre,811,3802,21.33087848500789
2024,71105,urbana,mujer,872,3542,24.618859401468097
2024,71106,rural,hombre,1865,7807,23.888817727680287
2024,71106,rural,mujer,1628,6762,24.075717243419106
2024,71106,urbana,hombre,1306,5200,25.115384615384617
2024,71106,urbana,mujer,1410,5489,25.687739114592823
2024,71201,rural,hombre,847,3996,21.196196196196198
2024,71201,rural,mujer,722,3459,20.87308470656259
2024,71201,urbana,hombre,920,4055,22.688039457459926
2024,71201,urbana,mujer,786,3868,20.3205791106515
2024,71301,rural,hombre,1153,5696,20.242275280898877
2024,71301,rural,mujer,1044,5156,20.24825446082234
2024,71301,urbana,hombre,713,3117,22.874558870709016
2024,71301,urbana,mujer,680,3226,21.078735275883446
2024,71302,rural,hombre,239,1238,19.305331179321485
2024,71302,rural,mujer,225,1128,19.9468085106383
2024,71302,urbana,hombre,434,1873,23.171382808328882
2024,71302,urbana,mujer,363,1809,20.066334991708125
2024,71401,rural,hombre,694,3272,21.21026894865526
2024,71401,rural,mujer,532,2307,23.06025140875596
2024,71401,urbana,hombre,1467,6152,23.84590377113134
2024,71401,urbana,mujer,1129,5686,19.85578614139993
2024,71402,rural,hombre,68,287,23.693379790940767
2024,71402,rural,mujer,30,165,18.181818181818183
2024,71402,urbana,hombre,2199,9094,24.180778535298
2024,71402,urbana,mujer,1925,8428,22.840531561461795
2024,71403,rural,hombre,578,2819,20.503724725079817
2024,71403,rural,mujer,428,2211,19.357756671189506
2024,71403,urbana,hombre,336,1871,17.958311063602352
2024,71403,urbana,mujer,408,1915,21.305483028720626
2024,71501,rural,hombre,1394,6284,22.183322724379376
2024,71501,rural,mujer,1065,4453,23.9164608129351
2024,71501,urbana,hombre,2612,11894,21.960652429796536
2024,71501,urbana,mujer,2736,11448,23.89937106918239
2024,71502,rural,hombre,140,614,22.80130293159609
2024,71502,rural,mujer,121,463,26.13390928725702
2024,71502,urbana,hombre,568,2737,20.752648885641214
2024,71502,urbana,mujer,610,2741,22.254651587012038
2024,71503,rural,hombre,1820,8375,21.73134328358209
2024,71503,rural,mujer,1373,6063,22.64555500577272
2024,71503,urbana,hombre,300,1449,20.70393374741201
2024,71503,urbana,mujer,307,1403,21.88168210976479
2024,80101,rural,hombre,869,3197,27.18173287456991
2024,80101,rural,mujer,646,2670,24.194756554307116
2024,80101,urbana,hombre,15211,61458,24.75023593348303
2024,80101,urbana,mujer,15157,61264,24.740467484983025
2024,80102,rural,hombre,969,4485,21.60535117056856
2024,80102,rural,mujer,818,3428,23.862310385064177
2024,80201,rural,hombre,1524,6595,23.10841546626232
2024,80201,rural,mujer,1240,5344,23.20359281437126
2024,80201,urbana,hombre,11727,48949,23.95758851049051
2024,80201,urbana,mujer,11916,49414,24.114623386084915
2024,80202,rural,hombre,652,3505,18.601997146932952
2024,80202,rural,mujer,588,2767,21.250451752800867
2024,80202,urbana,hombre,4081,18058,22.59940192712371
2024,80202,urbana,mujer,3804,17701,21.490311281848484
2024,80301,rural,hombre,565,2637,21.42586272279105
2024,80301,rural,mujer,456,2106,21.65242165242165
2024,80301,urbana,hombre,676,3362,20.107079119571683
2024,80301,urbana,mujer,682,3373,20.219389267714202
2024,80302,rural,hombre,2697,12451,21.66091077021926
2024,80302,rural,mujer,2581,10937,23.598793087684008
2024,80302,urbana,hombre,2228,11021,20.21595136557481
2024,80302,urbana,mujer,2404,11389,21.108086750373168
2024,80303,rural,hombre,596,3024,19.70899470899471
2024,80303,rural,mujer,522,2535,20.59171597633136
2024,80303,urbana,hombre,566,2822,20.05669737774628
2024,80303,urbana,mujer,549,2741,20.029186428310837
2024,80304,rural,hombre,829,3741,22.159850307404437
2024,80304,rural,mujer,720,3239,22.229083050324174
2024,80304,urbana,hombre,1712,7264,23.568281938325992
2024,80304,urbana,mujer,1474,6996,21.069182389937108
2024,80401,rural,hombre,623,2844,21.90576652601969
2024,80401,rural,mujer,487,2221,21.927059882935616
2024,80401,urbana,hombre,1274,6527,19.518921403401258
2024,80401,urbana,mujer,1326,6496,20.41256157635468
2024,80402,rural,hombre,938,3269,28.693790149892934
2024,80402,rural,mujer,774,2648,29.229607250755286
2024,80402,urbana,hombre,301,1144,26.31118881118881
2024,80402,urbana,mujer,263,951,27.655099894847528
2024,80501,rural,hombre,1220,6077,20.075695244363995
2024,80501,rural,mujer,1081,5192,20.82049306625578
2024,80501,urbana,hombre,1082,5228,20.696250956388678
2024,80501,urbana,mujer,1135,5087,22.31177511303322
2024,80601,rural,hombre,412,2247,18.33555852247441
2024,80601,rural,mujer,442,2022,21.8595450049456
2024,80602,rural,hombre,1680,7490,22.429906542056074
2024,80602,rural,mujer,1241,5531,22.437172301572954
2024,80602,urbana,hombre,273,1279,21.344800625488663
2024,80602,urbana,mujer,305,1270,24.015748031496063
2024,80701,rural,hombre,221,1133,19.505736981465137
2024,80701,rural,mujer,188,876,21.461187214611872
2024,80701,urbana,hombre,694,2535,27.3767258382643
2024,80701,urbana,mujer,500,2264,22.084805653710248
2024,80702,rural,hombre,226,981,23.037716615698265
2024,80702,rural,mujer,170,671,25.33532041728763
2024,80702,urbana,hombre,413,1957,21.10373019928462
2024,80702,urbana,mujer,393,1880,20.904255319148938
2024,80703,rural,hombre,120,599,20.03338898163606
2024,80703,rural,mujer,114,492,23.170731707317074
2024,80801,rural,hombre,325,1710,19.005847953216374
2024,80801,rural,mujer,233,1230,18.943089430894307
2024,80801,urbana,hombre,942,5032,18.72019077901431
2024,80801,urbana,mujer,902,4813,18.740910035321004
2024,80802,rural,hombre,767,3210,23.894080996884735
2024,80802,rural,mujer,479,2130,22.488262910798124
2024,80802,urbana,hombre,196,1099,17.8343949044586
2024,80802,urbana,mujer,194,1049,18.493803622497616
2024,80803,rural,hombre,289,1327,21.778447626224565
2024,80803,rural,mujer,225,1065,21.12676056338028
2024,80803,urbana,hombre,217,1200,18.083333333333332
2024,80803,urbana,mujer,169,1038,16.28131021194605
2024,80901,rural,hombre,421,2138,19.69130028063611
2024,80901,rural,mujer,387,1835,21.08991825613079
2024,90101,rural,hombre,249,985,25.279187817258883
2024,90101,rural,mujer,205,762,26.902887139107612
2024,90101,urbana,hombre,7221,27136,26.61040683962264
2024,90101,urbana,mujer,6726,26231,25.641416644428347
2024,90102,rural,hombre,204,1087,18.767249310027598
2024,90102,rural,mujer,223,959,23.253388946819605
2024,90102,urbana,hombre,899,3567,25.203252032520325
2024,90102,urbana,mujer,903,3740,24.144385026737968
2024,90103,rural,hombre,296,1394,21.233859397417504
2024,90103,rural,mujer,211,1043,20.230105465004794
2024,90104,rural,hombre,497,2107,23.588039867109636
2024,90104,rural,mujer,352,1523,23.112278397898883
2024,90201,rural,hombre,550,2146,25.629077353215283
2024,90201,rural,mujer,437,1684,25.950118764845605
2024,90201,urbana,hombre,692,1953,35.43266769073221
2024,90201,urbana,mujer,480,1584,30.303030303030305
2024,90202,rural,hombre,450,1811,24.84815019326339
2024,90202,rural,mujer,412,1707,24.135910954891624
2024,90203,rural,hombre,1028,4487,22.910630710942723
2024,90203,rural,mujer,832,3558,23.383923552557615
2024,90301,rural,hombre,1157,5458,21.198241113961156
2024,90301,rural,mujer,1149,4956,23.18401937046005
2024,90301,urbana,hombre,225,1091,20.623281393217233
2024,90301,urbana,mujer,212,926,22.89416846652268
2024,90302,rural,hombre,1320,5261,25.090287017677248
2024,90302,rural,mujer,1171,4571,25.61802669000219
2024,90303,rural,hombre,785,3361,23.356144004760488
2024,90303,rural,mujer,597,2666,22.393098274568644
2024,90303,urbana,hombre,510,2322,21.963824289405686
2024,90303,urbana,mujer,525,2173,24.16014726184998
2024,90401,rural,hombre,373,1647,22.64723740133576
2024,90401,rural,mujer,299,1242,24.074074074074073
2024,90402,rural,hombre,353,1500,23.533333333333335
2024,90402,rural,mujer,265,1100,24.09090909090909
2024,90501,rural,hombre,173,874,19.794050343249427
2024,90501,rural,mujer,147,724,20.303867403314918
2024,90502,rural,hombre,337,1346,25.037147102526003
2024,90502,rural,mujer,290,1165,24.892703862660944
2024,90503,rural,hombre,336,1306,25.727411944869832
2024,90503,rural,mujer,249,1041,23.919308357348704
