gestion,codigo_departamento,area,edad,sexo,observaciones,numerador,denominador,valor,cv
2023,1,rural,16,hombre,6,4.728387828383191,5.35436818511056,88.30897810748061,0.11151791865597312
2023,1,rural,16,mujer,20,11.80969031010665,13.708952498855325,86.14582559165436,0.10148586162979552
2023,1,rural,17,hombre,5,4.384350541661137,5.116166432730925,85.69601085711443,0.16930583337248342
2023,1,rural,17,mujer,21,12.371657207311491,16.372361157210168,75.56428232016601,0.1452061755930299
2023,1,rural,18,hombre,2,1.080811622058144,1.080811622058144,100.0,0.0
2023,1,rural,18,mujer,17,7.260470282595107,12.842280452434848,56.53567767412018,0.275399733176803
2023,1,rural,19,hombre,2,0.7332233920063884,1.382444677463634,53.038172446193684,0.6641405344041938
2023,1,rural,19,mujer,8,3.7612446576811145,5.290628441361822,71.09258757004982,0.25494393673913357
2023,1,rural,20,hombre,3,2.189250790679216,2.189250790679216,100.0,0.0
2023,1,rural,20,mujer,5,1.209656183271548,2.809398173171947,43.057484511203604,0.38194877705734204
2023,1,rural,21,mujer,9,1.7523157517180863,7.7672850685072135,22.560209085448978,0.5316076664251792
2023,1,rural,22,hombre,6,3.2453685879035055,5.887990805224714,55.11843844972931,0.47725879187664705
2023,1,rural,22,mujer,7,5.285443431422167,8.611075144786144,61.379599440871345,0.42101840081069664
2023,1,rural,23,hombre,3,3.5059078024577093,3.5059078024577093,100.0,0.0
2023,1,rural,23,mujer,10,3.5012560287956154,6.062304043709933,57.75454354567411,0.34186194974825324
2023,1,rural,24,hombre,5,2.452396673392774,3.750839244307265,65.38261209447546,0.41282277291215
2023,1,rural,24,mujer,9,5.649210681659365,7.050397610764438,80.1261289580922,0.18738793005696974
2023,1,rural,25,hombre,3,0.49847108335875967,1.1936049485076734,41.761814407855994,0.7177172896504068
2023,1,rural,25,mujer,8,4.8362188882475,8.600623909758164,56.231023923280546,0.24048722499193037
2023,1,rural,26,hombre,6,3.12411084993935,3.4343485903583515,90.96662053205758,0.10254389436903537
2023,1,rural,26,mujer,7,1.2165931047016927,6.281518533791145,19.367818436849067,0.6484648728498753
2023,1,rural,27,hombre,4,0.8559496965523385,2.127299920681671,40.23643719584488,0.5772821062890001
2023,1,rural,27,mujer,12,6.354445061023808,9.790478049868264,64.90433897769996,0.17513150561216054
2023,1,rural,28,hombre,5,0.2975216378600884,4.231925274579297,7.030408586069979,1.101407834938329
2023,1,rural,28,mujer,9,0.3302626792201623,6.097650815415214,5.416228137977975,1.0217625208479852
2023,1,urbana,16,hombre,6,3.2855592504930913,3.2855592504930913,100.0,0.0
2023,1,urbana,16,mujer,30,9.95261998818134,14.433898833728998,68.95309509114857,0.1384171114197439
2023,1,urbana,17,hombre,13,5.152961944428279,6.769338978527681,76.12208460491424,0.1627847609131116
2023,1,urbana,17,mujer,28,11.616843319014919,15.006105801900167,77.4141104452557,0.12865252403810232
2023,1,urbana,18,hombre,8,3.289686080202164,3.9459427464203216,83.36882442570916,0.14460342797980158
2023,1,urbana,18,mujer,22,8.551086332075075,12.096252869898926,70.69202689499105,0.15517864513999444
2023,1,urbana,19,hombre,8,4.04508511901342,4.49788653646281,89.93301823470455,0.10996625037006323
2023,1,urbana,19,mujer,22,6.715275099694737,11.528527863875656,58.24919867467969,0.18397943502821446
2023,1,urbana,20,hombre,8,4.0061242135059345,4.0061242135059345,100.0,0.0
2023,1,urbana,20,mujer,24,9.620659037721456,14.96210477168942,64.30017156359717,0.1378716027128655
2023,1,urbana,21,hombre,10,3.86574888126549,6.002683983298968,64.40033978168785,0.252347363515374
2023,1,urbana,21,mujer,23,10.277559403391528,12.765962335626082,80.5075178289525,0.10916946163671333
2023,1,urbana,22,hombre,11,5.185907710091571,7.1781633136741085,72.24560773384228,0.1918634212240415
2023,1,urbana,22,mujer,23,7.065262392536831,11.942572188708116,59.16030718421903,0.1978891736134233
2023,1,urbana,23,hombre,15,7.01958588662972,8.427537457613115,83.29344036659838,0.1215676469717762
2023,1,urbana,23,mujer,34,14.779626367833439,19.625743646569475,75.30734444509508,0.0848109293527676
2023,1,urbana,24,hombre,11,4.7281934265805665,6.801918980957495,69.51263959211384,0.18643037025959674
2023,1,urbana,24,mujer,35,15.063118650813482,19.88263408135217,75.7601763890083,0.07847707571477273
2023,1,urbana,25,hombre,9,4.66624238176474,5.11260319117628,91.26940244097365,0.09463066921873496
2023,1,urbana,25,mujer,34,14.326931019790162,20.163881714548374,71.05244527125542,0.11386536167131646
2023,1,urbana,26,hombre,10,5.680487605830203,5.680487605830203,100.0,0.0
2023,1,urbana,26,mujer,23,10.900620836404775,13.676542586805423,79.7030445905331,0.09872553866111913
2023,1,urbana,27,hombre,8,3.51023004910804,4.8731395034751,72.03220935097073,0.24890352494854268
2023,1,urbana,27,mujer,35,11.7252729027611,19.57905860293741,59.88680630948201,0.12226917465758005
2023,1,urbana,28,hombre,6,3.452231602690944,3.452231602690944,100.0,0.0
2023,1,urbana,28,mujer,17,6.3165356115202504,9.76453586547379,64.68853920496878,0.2161952349741765
2023,2,rural,16,hombre,10,18.56020655210105,21.843921552552487,84.96737413860686,0.12619392604134308
2023,2,rural,16,mujer,23,32.81547830711488,38.869261893262326,84.42526744456441,0.10435820549757127
2023,2,rural,17,hombre,8,8.886599869191121,12.470732567532977,71.25964590345724,0.1992900703969091
2023,2,rural,17,mujer,21,18.431459791528717,28.549369262481132,64.55995444967985,0.1621774843854186
2023,2,rural,18,hombre,6,11.181360467011007,11.903926781692302,93.93001714532915,0.07302040637056635
2023,2,rural,18,mujer,18,28.30940249602664,35.485381239744136,79.7776478848132,0.1317149349818633
2023,2,rural,19,hombre,5,13.260901028478868,14.481349910952067,91.57227130082542,0.09747783352801183
2023,2,rural,19,mujer,9,12.939594177437437,16.286221330983906,79.45117479657704,0.17489650613635951
2023,2,rural,20,hombre,3,4.459352375027742,4.459352375027742,100.0,0.0
2023,2,rural,20,mujer,17,18.928579573188912,30.37605531755759,62.314146373864574,0.18153265003568025
2023,2,rural,21,hombre,9,13.977680667897282,14.352887516900145,97.38584414765971,0.028175323804367224
2023,2,rural,21,mujer,14,19.603833421117628,26.72114292061969,73.36450195769918,0.1609247918473222
2023,2,rural,22,hombre,4,3.8540345825264524,6.728224951047375,57.28159522856766,0.439229530545705
2023,2,rural,22,mujer,11,14.598268371382007,19.76274193826018,73.86762634956094,0.21557758391917778
2023,2,rural,23,hombre,8,6.195222107017231,13.109412877115744,47.25781516754141,0.4233510718293327
2023,2,rural,23,mujer,15,22.571814130511477,29.822715791696126,75.6866486880997,0.13235728636075222
2023,2,rural,24,hombre,4,5.829594062922313,6.927386478382353,84.15286314852192,0.19090873786550555
2023,2,rural,24,mujer,17,20.10387624733365,30.70759062248905,65.46875166627481,0.19946254893748153
2023,2,rural,25,hombre,4,6.190084469956857,6.190084469956857,100.0,0.0
2023,2,rural,25,mujer,21,26.3076012932683,41.538705479895185,63.332742292610035,0.1572077417973784
2023,2,rural,26,hombre,6,7.80242815874802,8.618264090204644,90.53363968755741,0.09699414660183814
2023,2,rural,26,mujer,14,19.235483939772468,24.805451205462617,77.54539024686824,0.18649429172703483
2023,2,rural,27,hombre,8,12.471400452729524,15.505084869645977,80.43426113161469,0.17055670674619267
2023,2,rural,27,mujer,20,20.939541927682313,29.603461510043818,70.73342392942115,0.14959033770818306
2023,2,rural,28,hombre,2,2.5760526264517574,2.5760526264517574,100.0,0.0
2023,2,rural,28,mujer,19,27.30327666941112,31.936160172620724,85.49329826075511,0.10489232645344963
2023,2,urbana,16,hombre,31,26.90959650912205,39.99716585725795,67.27875821291221,0.1311942815575185
2023,2,urbana,16,mujer,63,76.61899255573998,86.25123014187922,88.83234758473048,0.04240073279926558
2023,2,urbana,17,hombre,14,12.178954053967871,16.760839037406498,72.66315264281896,0.16517123372955916
2023,2,urbana,17,mujer,56,56.17656128278892,70.76950981388143,79.3796105561973,0.07419220989087864
2023,2,urbana,18,hombre,10,9.837286479720646,11.844887920737765,83.05090386290397,0.1350317343013064
2023,2,urbana,18,mujer,64,62.551128648310154,85.67661445694799,73.00840380398287,0.09925609279790548
2023,2,urbana,19,hombre,20,27.316127713093252,32.24723944200912,84.70842213398271,0.0879861896914086
2023,2,urbana,19,mujer,60,61.53600415719421,76.04220164817026,80.92349093455647,0.05865857063739295
2023,2,urbana,20,hombre,14,14.23463685346617,19.380169193492222,73.44949732557599,0.16571457914610427
2023,2,urbana,20,mujer,43,42.56249723697462,53.42644769831669,79.6655946083341,0.07913435276852844
2023,2,urbana,21,hombre,25,26.108209518268524,31.741721637518083,82.2520272101723,0.09289293371136788
2023,2,urbana,21,mujer,39,31.206201717393345,46.27451972561357,67.43711637080544,0.11720695977920674
2023,2,urbana,22,hombre,24,23.666466337465103,28.34304204049269,83.50009255765019,0.08938009390224352
2023,2,urbana,22,mujer,61,55.6742767995406,74.62037167123422,74.61002344618815,0.07780385058109641
2023,2,urbana,23,hombre,27,26.08836572488374,30.73313016833054,84.88678368260364,0.0771233892001261
2023,2,urbana,23,mujer,81,76.46290145576499,102.30569426584927,74.73963400030327,0.06564199745062045
2023,2,urbana,24,hombre,17,19.6358597056653,21.446784373362892,91.5561949233435,0.06522993136575604
2023,2,urbana,24,mujer,70,62.80554314179962,79.67588761435044,78.82628612283912,0.06607013212431058
2023,2,urbana,25,hombre,25,25.897838193115547,27.049967333119465,95.74073740712701,0.0439611891545219
2023,2,urbana,25,mujer,52,54.193164636029415,66.78142030211323,81.15006298288407,0.07239583355344249
2023,2,urbana,26,hombre,24,27.934127546681427,32.83828033798568,85.06574418383482,0.07218091267529077
2023,2,urbana,26,mujer,67,52.09426074453348,83.84131627552209,62.13435458639462,0.09486508445769527
2023,2,urbana,27,hombre,17,14.82342818712179,22.101759055997938,67.06899731177293,0.17446873716265962
2023,2,urbana,27,mujer,75,62.51499980367299,87.70658683831532,71.27742859144396,0.07226105781231836
2023,2,urbana,28,hombre,14,13.119150782678728,17.460923795802334,75.1343453307586,0.15192640043809646
2023,2,urbana,28,mujer,52,48.35953558268828,59.97284499903122,80.63572035555336,0.07325796630191207
2023,3,rural,16,hombre,5,2.7062461857797584,5.372846551492793,50.36894614136811,0.5068461494413009
2023,3,rural,16,mujer,13,9.607335198083316,14.033867701132044,68.45821410521306,0.15850079515292986
2023,3,rural,17,hombre,6,6.409930246293187,8.552383692400644,74.9490490234767,0.22883781598793784
2023,3,rural,17,mujer,24,14.06371227449936,24.283202925132457,57.91539245403167,0.15706413756787957
2023,3,rural,18,hombre,7,3.9331338295465925,8.372867571558782,46.974752627245465,0.42431792066889157
2023,3,rural,18,mujer,12,11.284654972384294,12.581147305835772,89.69495943466063,0.0857439930042771
2023,3,rural,19,hombre,4,4.118277134225137,5.476185010129148,75.20339664579764,0.27940408930847555
2023,3,rural,19,mujer,14,9.773539875686783,19.214504498378652,50.865427607105296,0.2901716291047013
2023,3,rural,20,hombre,5,7.864921818985225,8.283482886080415,94.94704011764735,0.058985241602243714
2023,3,rural,20,mujer,11,10.30813123268555,14.135424309332008,72.92410193785457,0.19868188003265816
2023,3,rural,21,hombre,7,10.400291614816393,11.441148241229925,90.90251603713475,0.10849241508050605
2023,3,rural,21,mujer,18,11.415168029858808,21.14244672578725,53.99170766709717,0.26261233556191466
2023,3,rural,22,hombre,5,2.8717176514594227,5.3686632747115794,53.490366307499514,0.4556933106354504
2023,3,rural,22,mujer,16,13.572498202984814,20.264265975597983,66.9774973311576,0.18382503326143243
2023,3,rural,23,hombre,3,6.087377702075218,6.087377702075218,100.0,0.0
2023,3,rural,23,mujer,18,14.606697136250915,21.77303590602246,67.08617576022404,0.13118114777404713
2023,3,rural,24,hombre,6,2.602126633128199,5.4267435060513405,47.950057529466385,0.4968113133014935
2023,3,rural,24,mujer,16,13.338472243010894,20.22967168252467,65.93518892614202,0.18643787517600688
2023,3,rural,25,hombre,10,10.613208190175616,12.992984573118418,81.6841437042387,0.15856828878830692
2023,3,rural,25,mujer,21,11.472473227480926,27.25687400624806,42.09020163079267,0.3260176361472692
2023,3,rural,26,hombre,6,3.8450571673411487,9.179860687932392,41.88578997060121,0.37789357119874945
2023,3,rural,26,mujer,12,12.446362954104565,16.456616768305924,75.63135928446256,0.1775261137597886
2023,3,rural,27,hombre,4,0.553403206698571,4.021955713219314,13.759554956800052,0.9871048369553647
2023,3,rural,27,mujer,19,12.332582584815853,22.189624173675377,55.57814989695316,0.25180986059768296
2023,3,rural,28,hombre,9,5.921478541298778,10.241005405659125,57.82126174864237,0.2873656196813194
2023,3,rural,28,mujer,23,13.611623121574535,26.83801377093212,50.717699296797804,0.20301648911976555
2023,3,urbana,16,hombre,18,18.802412442892948,23.79154725112658,79.02980098111362,0.14644577021548863
2023,3,urbana,16,mujer,42,52.696836753411105,59.973771743198135,87.86647099511073,0.06164464102430991
2023,3,urbana,17,hombre,16,18.100742087531223,19.695159032227153,91.90452363402099,0.06369279048530126
2023,3,urbana,17,mujer,46,39.3253567741147,59.766517610688126,65.79830705592606,0.15303287200841767
2023,3,urbana,18,hombre,18,26.249762943707758,26.249762943707758,100.0,0.0
2023,3,urbana,18,mujer,42,44.469447825689485,52.29533758102535,85.03520558938817,0.058594954668156965
2023,3,urbana,19,hombre,11,14.611867500508502,14.611867500508502,100.0,0.0
2023,3,urbana,19,mujer,58,71.59236510325228,84.68424042879133,84.54036399305294,0.061320838951264646
2023,3,urbana,20,hombre,10,12.68492975758178,13.457736844513779,94.25752564594809,0.06084245271184013
2023,3,urbana,20,mujer,46,46.09750333667094,62.97150898123961,73.20374576128428,0.09735469869446037
2023,3,urbana,21,hombre,15,9.868447349598739,15.212605754060677,64.87019718475626,0.20449064512745954
2023,3,urbana,21,mujer,40,49.34911573101016,52.59231415144342,93.83332246781492,0.03816549907602721
2023,3,urbana,22,hombre,21,24.26002473334897,26.563704143668534,91.32771770886988,0.06416363875836997
2023,3,urbana,22,mujer,39,46.10391118917619,59.06204512838814,78.060133354604,0.09011332521534264
2023,3,urbana,23,hombre,17,18.788867462339557,24.17205552769569,77.72970503402897,0.14412265420252177
2023,3,urbana,23,mujer,47,38.41605624617295,62.67287878636109,61.29614115401554,0.11393887662968373
2023,3,urbana,24,hombre,19,26.019549097452817,30.127065050828765,86.36602687169837,0.10749813804552207
2023,3,urbana,24,mujer,44,51.67169480037714,60.70893640885501,85.11381990352297,0.06881624243437519
2023,3,urbana,25,hombre,16,18.15209293332486,24.637326332311858,73.67720299064426,0.1728850496189927
2023,3,urbana,25,mujer,40,40.677344272458775,55.38135978310534,73.44952242373041,0.1286172815244944
2023,3,urbana,26,hombre,12,15.739801165621156,15.739801165621156,100.0,0.0
2023,3,urbana,26,mujer,46,44.56875156814157,59.333299412210444,75.11591637354586,0.0830800257076072
2023,3,urbana,27,hombre,8,7.878001405620132,10.228047703160321,77.02351058830065,0.1959314357568426
2023,3,urbana,27,mujer,34,34.96379413184788,47.19424101359472,74.08487430018474,0.11111140401404901
2023,3,urbana,28,hombre,22,23.27915035031331,27.10030948719028,85.89994280809542,0.0920803622174959
2023,3,urbana,28,mujer,43,38.9044189335018,56.33544596273528,69.05850884580956,0.1401376821325975
2023,4,rural,16,hombre,8,2.97107783496167,4.188892481923913,70.9275267336794,0.17677108933662344
2023,4,rural,16,mujer,15,3.403035288602332,5.848245768396508,58.18899244953223,0.22847405412242233
2023,4,rural,17,hombre,4,1.0634781887794031,1.750522360790855,60.75204822284832,0.30958711230040664
2023,4,rural,17,mujer,17,3.6744085080105946,7.289870002655472,50.40430771292386,0.3927990571460848
2023,4,rural,18,hombre,5,2.788247581821021,2.788247581821021,100.0,0.0
2023,4,rural,18,mujer,12,1.1276222194738728,4.469571613577838,25.228865693712983,0.4202529804488355
2023,4,rural,19,hombre,3,2.61540312245537,2.61540312245537,100.0,0.0
2023,4,rural,19,mujer,13,4.0688891474155575,5.563979138837462,73.12912298707344,0.18373203859539666
2023,4,rural,20,hombre,5,1.550215675702527,2.444915579063734,63.405693389878635,0.3621708523708807
2023,4,rural,20,mujer,4,0.2916452048173263,1.040886490238999,28.018924979068693,0.8922534549730544
2023,4,rural,21,hombre,4,2.6120084834589656,2.812906228630876,92.85800062842148,0.0890548618477777
2023,4,rural,21,mujer,13,2.005950214795633,4.807985354357873,41.72122140466745,0.3775264547238327
2023,4,rural,22,hombre,4,4.314910110986584,4.314910110986584,100.0,0.0
2023,4,rural,22,mujer,7,2.3368900280122444,3.7706286900408457,61.97613767127332,0.2681415081750634
2023,4,rural,23,hombre,4,1.0406947283542152,1.6025573533819353,64.93962454186112,0.40525777901817556
2023,4,rural,23,mujer,13,4.263535658376211,5.329973633317419,79.99168385608978,0.1423154009909295
2023,4,rural,24,hombre,2,1.6038369747068093,1.6038369747068093,100.0,0.0
2023,4,rural,24,mujer,10,1.8744031290153949,4.07815664882453,45.96201888310652,0.31152797551648503
2023,4,rural,25,hombre,5,2.8418384418015186,3.559819587898857,79.83096816091405,0.2327750362749926
2023,4,rural,25,mujer,7,0.9654821008501256,2.545144656895127,37.934272153628264,0.37162130607031135
2023,4,rural,26,hombre,3,1.743272780374406,1.743272780374406,100.0,0.0
2023,4,rural,26,mujer,11,2.731244162517708,4.880288754534444,55.96480659018413,0.2328387711536608
2023,4,rural,27,hombre,9,2.2034273030278064,2.584905964216646,85.24206812666601,0.11713282821341887
2023,4,rural,27,mujer,9,1.9672951494735844,2.771822508833637,70.97478800334183,0.278530937049002
2023,4,rural,28,hombre,3,2.1224883021373824,2.1224883021373824,100.0,0.0
2023,4,rural,28,mujer,14,2.7888002799617078,4.806327704490752,58.023515070685164,0.270010519460319
2023,4,urbana,16,hombre,10,3.389915812250668,4.984220627538027,68.01295659989931,0.2433021853070122
2023,4,urbana,16,mujer,34,11.087484778838123,16.588977762091748,66.83645573493176,0.12187288736424165
2023,4,urbana,17,hombre,14,5.436433963083938,5.992546392801579,90.7199311734047,0.09744288155091259
2023,4,urbana,17,mujer,30,10.258767852355236,14.97115647141076,68.52354974677873,0.15844306836249558
2023,4,urbana,18,hombre,18,6.76312915031443,7.279398159000471,92.90780642287426,0.07478731105545748
2023,4,urbana,18,mujer,19,6.584597210496381,9.542340781838984,69.00400395496469,0.14680150419966562
2023,4,urbana,19,hombre,17,5.604602448890145,6.988322105491087,80.19954381447756,0.1373626241036075
2023,4,urbana,19,mujer,16,7.847103807457064,7.847103807457064,100.0,0.0
2023,4,urbana,20,hombre,7,3.5225257367563483,3.7375403652788126,94.24716237127717,0.062190483943787976
2023,4,urbana,20,mujer,39,13.521941950447026,20.447817934301444,66.12902165841284,0.13788887002965225
2023,4,urbana,21,hombre,13,5.272580790085703,6.364294372306499,82.84627456939668,0.13928311127886028
2023,4,urbana,21,mujer,25,8.320017657856638,10.961525497120789,75.90200524591233,0.10766150646133782
2023,4,urbana,22,hombre,8,2.9525588741898092,3.33786998912038,88.45637738478513,0.12528672615702693
2023,4,urbana,22,mujer,27,10.238304828291756,13.398811783928656,76.41203558491804,0.11830251809111263
2023,4,urbana,23,hombre,16,5.035587158358943,7.068225129962931,71.24259719759877,0.15153810848983976
2023,4,urbana,23,mujer,28,8.649559049167227,13.309100242498342,64.98981066764856,0.15741128621497394
2023,4,urbana,24,hombre,9,2.6217297953517886,3.893805535512621,67.33078402197702,0.2492361553557589
2023,4,urbana,24,mujer,22,7.453299708945222,10.387295982645847,71.75399373809623,0.14313100965986134
2023,4,urbana,25,hombre,9,3.6965352207631805,4.6762065599081755,79.0498703041845,0.17359361834107243
2023,4,urbana,25,mujer,21,8.705095367105317,11.068710982189797,78.64597224656352,0.10727091538618266
2023,4,urbana,26,hombre,6,3.0862158303682143,3.0862158303682143,100.0,0.0
2023,4,urbana,26,mujer,25,8.15744411574537,14.137765928990452,57.6996687929171,0.19150073749360413
2023,4,urbana,27,hombre,6,1.994911794957237,2.4101983399942246,82.76961119150124,0.19103118315556675
2023,4,urbana,27,mujer,37,12.94532876274585,19.41826408758681,66.66573646519308,0.11716385980877939
2023,4,urbana,28,hombre,14,6.663781104305974,7.94602568636544,83.86307026090206,0.10434027503016652
2023,4,urbana,28,mujer,35,12.274450244422729,16.962444043707404,72.36250986470438,0.12040856798165275
2023,5,rural,16,hombre,9,4.690193282799316,6.4047834133703745,73.22953767660985,0.16078566771784977
2023,5,rural,16,mujer,19,6.541380901848788,19.726211192304742,33.16085809930192,0.4100119298074639
2023,5,rural,17,hombre,7,9.474849028220882,10.34168543331387,91.61803546740427,0.09886400001042021
2023,5,rural,17,mujer,20,9.123897910997714,15.242779360199739,59.85718021229795,0.1953773370804238
2023,5,rural,18,hombre,7,0.6817522515034335,4.835802422235035,14.098017081275582,0.9542972328544677
2023,5,rural,18,mujer,18,3.7526040691929854,12.602717318642387,29.77615044687228,0.34347820141505675
2023,5,rural,19,hombre,4,1.0173641752339473,2.7211630820975445,37.38710781162502,0.7519859692504822
2023,5,rural,19,mujer,5,2.7516189300044354,4.42467203532084,62.188087795865556,0.38011535494388343
2023,5,rural,20,hombre,2,0.0,1.4337615366438614,0.0,
2023,5,rural,20,mujer,13,7.687170716456984,16.701626286451592,46.026480203863976,0.4469406061148255
2023,5,rural,21,hombre,1,0.0,0.3256201316270067,0.0,
2023,5,rural,21,mujer,5,2.8159016123223264,3.380810969619656,83.290714495023,0.15645927665323106
2023,5,rural,22,hombre,3,0.7544138243934493,2.6209241923440763,28.784267267139995,0.9657461315610042
2023,5,rural,22,mujer,10,2.6878330561209873,5.792981537848088,46.39809463503717,0.3753074832503745
2023,5,rural,23,hombre,1,0.0,1.2053778558944264,0.0,
2023,5,rural,23,mujer,10,2.3410472981289,8.197064652797888,28.5595807436975,0.4308311766103931
2023,5,rural,24,hombre,3,0.6817522515034335,2.608745798109077,26.133333956784703,0.95729645757444
2023,5,rural,24,mujer,11,6.139991924684263,8.329638394407642,73.712586716928,0.16192330575990543
2023,5,rural,25,hombre,3,4.593540292467924,4.593540292467924,100.0,0.0
2023,5,rural,25,mujer,10,1.323262687344074,6.038546356681716,21.913596570801673,0.6983199172681566
2023,5,rural,26,hombre,1,0.0,1.0640252579245206,0.0,
2023,5,rural,26,mujer,13,4.269705788877359,13.358758289564516,31.96184627588278,0.5162172863149538
2023,5,rural,27,hombre,5,6.529424615572746,6.529424615572746,100.0,0.0
2023,5,rural,27,mujer,12,4.244704428211511,11.30588094154471,37.54421659097678,0.4973940704121663
2023,5,rural,28,hombre,5,1.2303763113045698,4.292207279923479,28.665351672543288,0.7028557193534222
2023,5,rural,28,mujer,16,7.028129194536702,15.687451037773336,44.800963379033874,0.4139158456418402
2023,5,urbana,16,hombre,18,8.398571987576766,9.30478573532669,90.26077791013093,0.07018312537925264
2023,5,urbana,16,mujer,27,6.838255407739497,15.08668086003917,45.326440395861475,0.2247519879277809
2023,5,urbana,17,hombre,11,3.7861700066895305,4.5676385135640025,82.89119192436458,0.14085341755498199
2023,5,urbana,17,mujer,37,13.292067287725297,17.96299199329049,73.99695603432953,0.10168795326769414
2023,5,urbana,18,hombre,6,1.2894250229535769,2.5879651499637744,49.82389438171631,0.43137054469744973
2023,5,urbana,18,mujer,26,7.30763859722539,12.841024409456544,56.908532872531644,0.19924788953375272
2023,5,urbana,19,hombre,5,1.3293395363156404,2.3700443703040657,56.08922571120863,0.4033052331925397
2023,5,urbana,19,mujer,15,4.032801941615497,7.667078176189108,52.598941199527275,0.23487965142555065
2023,5,urbana,20,hombre,11,4.518741362285242,4.518741362285242,100.0,0.0
2023,5,urbana,20,mujer,24,9.128344334532487,14.369813281448511,63.52444639150057,0.17112660828846227
2023,5,urbana,21,hombre,7,2.592017508175949,3.61996984922522,71.60328997576366,0.3186468262629118
2023,5,urbana,21,mujer,29,11.59693735597731,15.457507965335505,75.02462481005487,0.10241702380677983
2023,5,urbana,22,hombre,14,5.847875608614362,6.77402990368386,86.327868222639,0.10754015962545105
2023,5,urbana,22,mujer,31,10.545455983061762,16.656324328275698,63.31202356068347,0.13366510027692227
2023,5,urbana,23,hombre,14,5.63784025882418,6.0066312123643195,93.86026975018869,0.06517355987239269
2023,5,urbana,23,mujer,26,9.395616373135113,11.998576527473455,78.30609199034339,0.09805407841504267
2023,5,urbana,24,hombre,14,6.27905825291966,7.453740695728553,84.24036345291623,0.12466275170570931
2023,5,urbana,24,mujer,44,14.703973153642153,23.55855814215838,62.414571659753584,0.11617465657752464
2023,5,urbana,25,hombre,11,5.909270467551696,6.442620462685908,91.72153631859513,0.09063175912338432
2023,5,urbana,25,mujer,28,10.310837995000393,17.51573509945722,58.86614484892447,0.184595329194918
2023,5,urbana,26,hombre,14,6.147269897358777,6.661246067883413,92.28408370916179,0.08191121258521808
2023,5,urbana,26,mujer,40,13.627546632327844,21.48213089902647,63.436661364657354,0.13555128241357806
2023,5,urbana,27,hombre,9,3.3793094197728872,4.272366764467692,79.09689420575592,0.1560669440075675
2023,5,urbana,27,mujer,31,10.33365763704791,17.82643177164919,57.96817764440306,0.1367920043722434
2023,5,urbana,28,hombre,18,6.041180161628738,7.442865220098369,81.1673996905844,0.11757961921581257
2023,5,urbana,28,mujer,29,7.419868843520419,12.833392990263302,57.81689105250556,0.19217404736634763
2023,6,rural,16,hombre,3,1.3850586867746488,1.3850586867746488,100.0,0.0
2023,6,rural,16,mujer,9,1.6260610762492946,5.171137958111037,31.444937060686694,0.5392528708118812
2023,6,rural,17,hombre,2,0.0,0.7722122422200852,0.0,
2023,6,rural,17,mujer,8,4.2135995930293975,5.25982479930006,80.10912442540126,0.14274601867034767
2023,6,rural,18,mujer,4,0.0,2.935602780499208,0.0,
2023,6,rural,19,hombre,2,0.5215287179053661,0.9398214947279265,55.49231644849174,0.6728929263362908
2023,6,rural,19,mujer,9,4.734325712961666,6.321953360511374,74.88707117856232,0.12925274054266106
2023,6,rural,20,hombre,3,2.685565487606512,2.685565487606512,100.0,0.0
2023,6,rural,20,mujer,2,0.0,0.7818082052139816,0.0,
2023,6,rural,21,hombre,3,2.5571899770821216,2.5571899770821216,100.0,0.0
2023,6,rural,21,mujer,3,2.2806903680163955,2.7151297406165176,83.99931443049661,0.20915581545526488
2023,6,rural,22,hombre,2,1.8990905788774923,1.8990905788774923,100.0,0.0
2023,6,rural,22,mujer,6,1.8616858783164645,4.485507322617082,41.50446637171598,0.5680201958859041
2023,6,rural,23,hombre,4,1.776694266907969,2.416454055242112,73.52485196454342,0.3358005536055197
2023,6,rural,23,mujer,10,4.251660636733349,8.364572391508872,50.829384190031476,0.23132329453156536
2023,6,rural,24,hombre,3,2.4499094165215682,2.4499094165215682,100.0,0.0
2023,6,rural,24,mujer,5,2.532277790938868,3.4345749494160445,73.72900077109723,0.26447395046537975
2023,6,rural,25,hombre,1,0.4182927768225604,0.4182927768225604,100.0,0.0
2023,6,rural,25,mujer,7,1.6255846901713453,6.162444629662116,26.378893245495583,0.6677183104432495
2023,6,rural,26,hombre,5,3.123367516518056,4.5701597239855145,68.34263363106817,0.3348623146610355
2023,6,rural,26,mujer,6,3.4498789394285065,5.512413269635244,62.583822559747674,0.3173986816717394
2023,6,rural,27,hombre,2,0.4182927768225604,1.0580525651567037,39.534215085108634,0.8551153308617387
2023,6,rural,27,mujer,8,3.9043001863931677,6.143586494387913,63.550829632816196,0.30450418278484537
2023,6,rural,28,hombre,4,2.219749458937416,2.5736689243349407,86.2484462530867,0.16599373501963047
2023,6,rural,28,mujer,12,4.772589490234534,9.120324665995154,52.329162228500316,0.26734569680378584
2023,6,urbana,16,hombre,9,7.537933520763348,7.537933520763348,100.0,0.0
2023,6,urbana,16,mujer,29,14.23871107478314,20.66872627479763,68.89012358804656,0.11265344752723888
2023,6,urbana,17,hombre,9,5.554928717836216,5.554928717836216,100.0,0.0
2023,6,urbana,17,mujer,18,8.489025798256014,11.474448210671333,73.9819958432611,0.16200051080642014
2023,6,urbana,18,hombre,7,5.1224132823982025,5.1224132823982025,100.0,0.0
2023,6,urbana,18,mujer,20,7.851699078124553,10.300977424275388,76.22285492657386,0.14969991091465792
2023,6,urbana,19,hombre,8,4.666594698092428,5.377839012693325,86.77453317360104,0.1413166371026637
2023,6,urbana,19,mujer,18,9.803275493341854,13.08025389762436,74.94713458981349,0.12899383247708351
2023,6,urbana,20,hombre,10,5.291419353988194,6.88504738011889,76.85378272439458,0.1597790179057771
2023,6,urbana,20,mujer,20,9.181120715903349,12.142182551142529,75.61343009984184,0.1170031755552759
2023,6,urbana,21,hombre,6,3.2238310493233677,3.7362853960592157,86.28438964335136,0.15028492110545463
2023,6,urbana,21,mujer,19,10.884896639055516,13.23813399652763,82.22379862532462,0.09767198013554293
2023,6,urbana,22,hombre,10,5.902027742402418,5.902027742402418,100.0,0.0
2023,6,urbana,22,mujer,31,14.934859149614892,20.165099099783696,74.0629097616242,0.1050704860911959
2023,6,urbana,23,hombre,9,4.353850585868905,4.775328698224992,91.1738408182718,0.0971664923996441
2023,6,urbana,23,mujer,25,13.512987417808962,15.104189971319533,89.46515796919918,0.06684345087090955
2023,6,urbana,24,hombre,11,5.753216175646301,7.458866164433382,77.13258354305582,0.18412992652846202
2023,6,urbana,24,mujer,25,13.069662006713646,17.674561121823306,73.94617561720469,0.11601765443554633
2023,6,urbana,25,hombre,7,2.9450810565528633,4.168779717889608,70.64611842920243,0.2632757875339249
2023,6,urbana,25,mujer,22,11.12059748096984,14.673296489043492,75.78799685042524,0.11655560373056631
2023,6,urbana,26,hombre,14,8.438474598969941,8.817340659891961,95.70317088183523,0.04375787854960864
2023,6,urbana,26,mujer,31,16.077964350380654,20.071023103749628,80.10535520422475,0.0726392071622516
2023,6,urbana,27,hombre,9,5.830510835961036,5.830510835961036,100.0,0.0
2023,6,urbana,27,mujer,15,5.85142754284264,9.274723219553517,63.090050283185995,0.2099700795609549
2023,6,urbana,28,hombre,11,5.733613541243589,6.810292828058741,84.19041127895146,0.1337823595779291
2023,6,urbana,28,mujer,30,10.589852627374448,17.300516218637863,61.211194472717466,0.13665662933312286
2023,7,rural,16,hombre,9,11.060386514830288,16.4830406946576,67.10161504615544,0.2567934156091728
2023,7,rural,16,mujer,15,11.860784479851304,24.276857754949464,48.856341292493575,0.2399109078528109
2023,7,rural,17,hombre,6,8.345199770204719,10.6289096038287,78.51416637505928,0.2537604902556281
2023,7,rural,17,mujer,15,16.587361407580037,30.078321878168484,55.14723020375519,0.2828594724463011
2023,7,rural,18,hombre,6,6.4209527298784135,9.763753216135363,65.76316082290249,0.3223863532254618
2023,7,rural,18,mujer,12,13.995884987013255,18.618553237056673,75.1717107597658,0.16451783664504538
2023,7,rural,19,hombre,4,4.361447938082791,8.010444762346141,54.447013461527035,0.5497908133110319
2023,7,rural,19,mujer,3,2.6098834151204255,5.611974650649938,46.50561660712719,0.7184309987302917
2023,7,rural,20,hombre,4,5.652139077556784,6.723957374347888,84.0597101213026,0.1844608304136267
2023,7,rural,20,mujer,8,9.234016358011637,12.644304232442456,73.02905868334942,0.20226310550100543
2023,7,rural,21,hombre,1,0.7884506261299865,0.7884506261299865,100.0,0.0
2023,7,rural,21,mujer,11,11.340018897167555,18.18090707278672,62.373229519122056,0.22037821703528174
2023,7,rural,22,hombre,5,6.919844223551857,7.974476814038317,86.77489928079196,0.14848915086749964
2023,7,rural,22,mujer,2,1.6205770145139045,2.6293999152492464,61.63296062783537,0.5425918742821775
2023,7,rural,23,hombre,2,0.0,2.396240619727588,0.0,
2023,7,rural,23,mujer,7,14.747713102142873,14.747713102142873,100.0,0.0
2023,7,rural,24,hombre,4,11.184610777572333,11.184610777572333,100.0,0.0
2023,7,rural,24,mujer,11,9.387650828605793,15.43992250546546,60.80115250113936,0.26910202167729946
2023,7,rural,25,hombre,1,0.0,3.289629641291687,0.0,
2023,7,rural,25,mujer,11,14.499973303142701,16.70427927039975,86.80394447689153,0.109780994944009
2023,7,rural,26,hombre,1,1.540766599568729,1.540766599568729,100.0,0.0
2023,7,rural,26,mujer,9,10.598266322783298,16.706003573031097,63.4398662519882,0.3187200284837818
2023,7,rural,27,hombre,4,5.484100069598703,6.4525228513461,84.991563702167,0.1679980084031436
2023,7,rural,27,mujer,14,24.977266378915036,31.880815949864957,78.34575632629264,0.15024020718753198
2023,7,rural,28,hombre,5,3.982205253589454,7.722364656556627,51.56717444323724,0.4898920314274437
2023,7,rural,28,mujer,6,9.184744524839113,11.310091429119643,81.20840209294433,0.21841848007289877
2023,7,urbana,16,hombre,26,31.69028346130821,42.94625589624011,73.79056171479351,0.15181977044025566
2023,7,urbana,16,mujer,57,86.16764569806169,115.8196603840796,74.39811635806365,0.09602603839557246
2023,7,urbana,17,hombre,29,48.32759207766536,54.56031161733281,88.5764590507078,0.06598165288528883
2023,7,urbana,17,mujer,58,83.2082076988351,108.65364984502474,76.58114367765549,0.07670384834652454
2023,7,urbana,18,hombre,16,23.001014757179686,30.792719716831677,74.69627551153609,0.15082671635157285
2023,7,urbana,18,mujer,55,87.15451985023282,98.40059474603483,88.57113117575422,0.05198387271920505
2023,7,urbana,19,hombre,20,27.03727794622914,35.94868979409392,75.21074648643007,0.13732936922737024
2023,7,urbana,19,mujer,65,88.26954405044818,116.54156875103823,75.74082363608291,0.08905952386955024
2023,7,urbana,20,hombre,20,24.886908880567457,35.66220758910789,69.78510463319869,0.15619969478565926
2023,7,urbana,20,mujer,53,76.97960063152235,100.9051229844625,76.28909053842169,0.07619700824645774
2023,7,urbana,21,hombre,18,30.98412487805496,38.63204133626205,80.2031780002566,0.13670678065756492
2023,7,urbana,21,mujer,60,99.75035220343788,117.54092423794589,84.86435924351474,0.053459059852235105
2023,7,urbana,22,hombre,22,31.14174261224283,47.36862867349514,65.74339068774441,0.14974074867005363
2023,7,urbana,22,mujer,62,107.53854449833142,132.9721334577954,80.87299323693527,0.08033851867867008
2023,7,urbana,23,hombre,28,40.93135766006634,49.78113382295879,82.22263037566456,0.09631120098587069
2023,7,urbana,23,mujer,67,104.78646774440668,130.7724663894747,80.12884564884256,0.0644461735891107
2023,7,urbana,24,hombre,23,28.380279031834974,42.892271035922406,66.1664172737937,0.15680176631120207
2023,7,urbana,24,mujer,65,105.04391615896479,133.97395182486358,78.40622354432199,0.06748036287084738
2023,7,urbana,25,hombre,25,39.79478172360236,47.14108099247523,84.41635381665196,0.08615678005213709
2023,7,urbana,25,mujer,57,89.65801163238116,111.85254498131901,80.15732824617923,0.07296003323368026
2023,7,urbana,26,hombre,16,26.652576431533625,28.692759860478965,92.88955318740368,0.07426668664555812
2023,7,urbana,26,mujer,38,59.38863422005464,78.41058310146705,75.7405848432512,0.11207144834794398
2023,7,urbana,27,hombre,21,34.926815645578486,39.50577057636192,88.40940231267574,0.07536294400605478
2023,7,urbana,27,mujer,58,91.867290009329,107.92953500178314,85.11784101340864,0.05980254482707539
2023,7,urbana,28,hombre,17,27.14348401323078,35.07771105934142,77.38100119278535,0.14321031539491305
2023,7,urbana,28,mujer,53,84.96313541541497,103.89795819333983,81.77555833899089,0.06490294216350613
2023,8,rural,16,hombre,1,0.38659428773193727,0.38659428773193727,100.0,0.0
2023,8,rural,16,mujer,12,2.5484843768612153,5.565374680388384,45.79178443891162,0.29865300044201143
2023,8,rural,17,hombre,5,1.42969240391652,2.2475284175016106,63.6117609362995,0.2896891799236023
2023,8,rural,17,mujer,8,1.4947812730002092,3.6533177018281267,40.91572085976038,0.48573418286694514
2023,8,rural,18,hombre,4,1.8535541868196779,1.8535541868196779,100.0,0.0
2023,8,rural,18,mujer,8,1.3488594423544042,3.893161331672481,34.646893037308104,0.5289383091364076
2023,8,rural,19,hombre,2,0.7334595182266004,0.7334595182266004,100.0,0.0
2023,8,rural,19,mujer,9,1.9544961618321106,3.980138951966304,49.10622934072522,0.3403044017090957
2023,8,rural,20,hombre,5,1.6121589408130115,2.459867163098102,65.53845528725881,0.31462723331746617
2023,8,rural,20,mujer,13,2.751819733411814,5.864235817785289,46.92546171260687,0.2959816139740825
2023,8,rural,21,hombre,3,0.9118105143578734,1.1696574682731862,77.95534496984122,0.26693293687410274
2023,8,rural,21,mujer,7,1.3351013316521263,3.8994511467595916,34.238185872942225,0.5436284292448881
2023,8,rural,22,hombre,6,0.5225899067364527,2.717026413175164,19.23389129389232,0.7602154946547243
2023,8,rural,22,mujer,7,1.7151732654415985,3.34148181770741,51.329720136510524,0.33517548397288177
2023,8,rural,23,hombre,3,0.0,1.387623082941031,0.0,
2023,8,rural,23,mujer,10,3.5387283877344693,4.925603176967767,71.84355419213719,0.21702032478269329
2023,8,rural,24,hombre,7,2.231504078619037,4.120855380404096,54.15147760900585,0.37883745377615524
2023,8,rural,24,mujer,10,3.3403928568051238,5.656519663065336,59.05385388503935,0.1594658249451632
2023,8,rural,25,hombre,5,1.7288178007905128,2.2926861504856455,75.40577677517301,0.19121386968697507
2023,8,rural,25,mujer,8,1.87526608970897,4.058579305028268,46.20498821806092,0.4132978638503658
2023,8,rural,26,hombre,2,0.22621368648082563,1.1386722537984415,19.86644407345576,1.183651065176889
2023,8,rural,26,mujer,10,3.642809479528363,5.365920510551311,67.88787631805768,0.20567370053994216
2023,8,rural,27,hombre,5,1.729782893118939,2.264945217738683,76.37195282126739,0.26222953121206505
2023,8,rural,27,mujer,8,1.7202210080633187,3.9801794494942335,43.21968468738035,0.3884690881292026
2023,8,rural,28,hombre,2,0.5896875825757466,0.5896875825757466,100.0,0.0
2023,8,rural,28,mujer,12,3.2452585593097942,5.786597102016578,56.08233132697023,0.2534445958563426
2023,8,urbana,16,hombre,11,5.155632791495978,5.875473792441456,87.74837525662147,0.13009150908124725
2023,8,urbana,16,mujer,28,10.725015520389992,15.519353076012106,69.10736206502959,0.13096093601290068
2023,8,urbana,17,hombre,10,5.31049814469241,6.579902575648405,80.70785370509982,0.16086099647569294
2023,8,urbana,17,mujer,29,9.450304772445,15.346432557426997,61.57981496404171,0.14043172384112848
2023,8,urbana,18,hombre,15,6.221757715979702,8.744396165995415,71.15137052200849,0.19560921149627042
2023,8,urbana,18,mujer,23,7.770372083701852,12.038522512698366,64.54589485965224,0.1694629045671836
2023,8,urbana,19,hombre,7,4.0160581089871075,4.0160581089871075,100.0,0.0
2023,8,urbana,19,mujer,21,7.201583632159821,9.84154919697054,73.17530490399456,0.12731103568072055
2023,8,urbana,20,hombre,6,3.4314891816679727,3.890211388152836,88.20829613830638,0.1308784906125398
2023,8,urbana,20,mujer,25,8.803028851064433,14.384372177008482,61.19856148560249,0.1969845556984387
2023,8,urbana,21,hombre,8,3.2367458445153394,4.485040804131883,72.16758968019775,0.2465139366980364
2023,8,urbana,21,mujer,21,9.24500228975871,11.127902485149532,83.07946894840606,0.1149369838133639
2023,8,urbana,22,hombre,8,4.303491922896589,5.331836209961557,80.71313058822595,0.21406983360045137
2023,8,urbana,22,mujer,24,8.044389179945732,12.908780440142401,62.31718958461882,0.16180776486248657
2023,8,urbana,23,hombre,8,2.9887925437938954,3.4223999555819695,87.33031155283719,0.1391833496508232
2023,8,urbana,23,mujer,24,9.939856454220175,11.089264829210286,89.6349452132981,0.08021804855551846
2023,8,urbana,24,hombre,4,2.5109621771231763,2.5109621771231763,100.0,0.0
2023,8,urbana,24,mujer,24,11.11673007992304,14.325004741145566,77.60367469891698,0.1168484130932792
2023,8,urbana,25,hombre,5,3.022293581433512,3.022293581433512,100.0,0.0
2023,8,urbana,25,mujer,21,6.824617391529012,11.676579998226924,58.447057208234966,0.18726119506432537
2023,8,urbana,26,hombre,12,5.19088420937308,6.376839836816094,81.40214184781608,0.13375394121116482
2023,8,urbana,26,mujer,24,8.402993447547995,12.80332521859771,65.63133642299479,0.1714049394306019
2023,8,urbana,27,hombre,11,4.977404513553712,5.564049835384637,89.45650489864151,0.11310997374505014
2023,8,urbana,27,mujer,30,14.516692608093992,16.888387215072182,85.956654257302,0.07374139982901017
2023,8,urbana,28,hombre,4,1.4690679642179574,2.002092407703361,73.37663129661202,0.322338091559769
2023,8,urbana,28,mujer,29,12.636820833227363,14.39159125414702,87.80697429539622,0.06854754287957178
2023,9,rural,16,hombre,6,0.3195020194780789,0.8894334399241783,35.92197067667205,0.5671311409671979
2023,9,rural,16,mujer,24,2.224262151789171,3.679060655864117,60.45733843077259,0.133628913278714
2023,9,rural,17,hombre,8,0.4050833849830819,1.1006691215936755,36.803375059396195,0.6426481313662473
2023,9,rural,17,mujer,24,2.1804875556795347,3.3160813389677863,65.75494786742071,0.20680630030637862
2023,9,rural,18,hombre,3,0.2968336693996061,0.4484138050198095,66.19637176123356,0.44355954257276314
2023,9,rural,18,mujer,18,2.2009816169536727,2.5388488632833304,86.69210872628646,0.1076377864319243
2023,9,rural,19,hombre,6,0.47432423985380107,1.040553201770138,45.58385280511404,0.5557964019960099
2023,9,rural,19,mujer,13,0.9952961933262198,1.6840963763966816,59.099717051572235,0.24160800833770935
2023,9,rural,20,hombre,3,0.19144367757561936,0.3581764521714388,53.449543211172944,0.5922854325935379
2023,9,rural,20,mujer,13,1.2300608296403432,1.6903613738527452,72.76910420857139,0.15274035662394717
2023,9,rural,21,hombre,7,0.5551152743871417,0.807703859595904,68.72757481496586,0.29092035116680975
2023,9,rural,21,mujer,17,1.0536838850882881,2.2209111342255814,47.44376615751902,0.24970571290454324
2023,9,rural,22,hombre,6,0.6799825399259338,1.1532884807140666,58.960316633433976,0.4779564055597229
2023,9,rural,22,mujer,11,0.8421884623084477,1.3157691380377843,64.00731237429761,0.2718729117348926
2023,9,rural,23,hombre,7,0.8858047807492845,1.1136550222465842,79.54032110970452,0.17615827456015162
2023,9,rural,23,mujer,10,0.9382408170018104,1.6207106987305429,57.890702994476925,0.1695176015311402
2023,9,rural,24,hombre,5,0.5847486331639357,0.7849474843811383,74.49525538959568,0.3265953021729084
2023,9,rural,24,mujer,20,0.9260648971027312,2.4480314248043458,37.82896280331635,0.3675936445530305
2023,9,rural,25,hombre,5,0.513920555847122,0.8759769543327809,58.66827355504666,0.2877759014605555
2023,9,rural,25,mujer,16,0.7619405275048419,2.0856127434950498,36.53317375823036,0.3575136869312265
2023,9,rural,26,hombre,7,0.520454428758018,0.991242916562586,52.50523560489494,0.3907648142940165
2023,9,rural,26,mujer,14,1.0750172098185387,1.6855075778704467,63.780028279479374,0.24636815992821298
2023,9,rural,27,hombre,8,0.531530439226969,1.3603473710238425,39.073140474915725,0.4601817637581434
2023,9,rural,27,mujer,12,0.7909424371925594,2.081960445321334,37.990272051997785,0.4887059081465093
2023,9,rural,28,hombre,5,0.5301312814557244,0.7254549053455637,73.07570429938734,0.3140140088119116
2023,9,rural,28,mujer,11,0.5353655927046265,1.300953853096496,41.151774248591785,0.4177852118428521
2023,9,urbana,16,hombre,4,0.6326655976608916,0.8232399619755963,76.8506907928318,0.25375124900911955
2023,9,urbana,16,mujer,17,4.060760758568976,4.252899210043433,95.48217716938336,0.03843140716836554
2023,9,urbana,17,hombre,9,1.5291870310066358,1.8205329623633608,83.99666815268708,0.14332875667743228
2023,9,urbana,17,mujer,16,2.40869427772559,3.048643531016654,79.00872152548267,0.1448494867324754
2023,9,urbana,18,hombre,3,0.4687611738209707,0.4687611738209707,100.0,0.0
2023,9,urbana,18,mujer,21,4.0182988770300865,4.424798293789063,90.81315373562754,0.06298854914885858
2023,9,urbana,19,hombre,6,0.4172881545450035,0.9097471329754778,45.868586931424986,0.5170842956063589
2023,9,urbana,19,mujer,20,2.678026617994231,4.024863120446276,66.53708555677024,0.21146659611584231
2023,9,urbana,20,hombre,9,1.7778268085261466,2.773243924206995,64.1063987559087,0.18405103954045898
2023,9,urbana,20,mujer,27,5.795574014033421,6.265810381239298,92.49520271769109,0.07338499644829746
2023,9,urbana,21,hombre,5,0.1951802876967771,1.2229265250967911,15.960099293890867,0.8319338124947763
2023,9,urbana,21,mujer,19,2.5795669496064693,3.4618570343446997,74.51396530864423,0.13229710025291516
2023,9,urbana,22,hombre,5,1.3113566904050644,1.714848721040499,76.47069238908652,0.2581240127437356
2023,9,urbana,22,mujer,22,2.8133585794278333,3.5835412466311563,78.5077772461148,0.11610451550428427
2023,9,urbana,23,hombre,6,1.4216528166050117,1.5376885544781018,92.45388557161543,0.08895007856022856
2023,9,urbana,23,mujer,27,3.8601123340322987,4.5452463547895565,84.92636114134281,0.08820462615844017
2023,9,urbana,24,hombre,4,0.46206187575876695,0.5493617008569004,84.10886216458806,0.18171770350963667
2023,9,urbana,24,mujer,25,4.097483482816399,4.646925641479097,88.17622227998869,0.07009622809068439
2023,9,urbana,25,hombre,7,1.1862375230949904,1.6583579315661257,71.53084991577948,0.30836667825171493
2023,9,urbana,25,mujer,21,2.6782167479885053,3.8312473991087237,69.90456290062468,0.16797019724015277
2023,9,urbana,26,hombre,12,1.0728590863025766,1.8567567403193137,57.78134868211507,0.30472866075706406
2023,9,urbana,26,mujer,20,3.493726175930587,4.029994378991893,86.69307813785451,0.08636976017992233
2023,9,urbana,27,hombre,5,1.2286612739351392,1.3210963828625746,93.00315176647858,0.08176155928728955
2023,9,urbana,27,mujer,28,3.3942348262101243,3.76260658460198,90.20966582317233,0.06482696919743079
2023,9,urbana,28,hombre,6,1.6697106026643382,2.1706521245883015,76.92207257673891,0.24502092829048486
2023,9,urbana,28,mujer,23,3.8225934231752228,4.815587282770159,79.37958962663183,0.15917274366964157
