gestion,codigo_departamento,area,edad,sexo,medida,observaciones,poblacion_estimada,valor,cv
2023,1,rural,16,mujer,mediana,1,117.27309795759848,15.0,0.0
2023,1,rural,16,mujer,promedio,1,117.27309795759848,15.0,0.0
2023,1,rural,17,mujer,mediana,1,235.77805618786078,17.0,0.0
2023,1,rural,17,mujer,promedio,1,235.77805618786078,17.0,0.0
2023,1,rural,18,mujer,mediana,3,397.406980569987,17.0,0.0
2023,1,rural,18,mujer,promedio,3,397.406980569987,15.816447897486306,0.05903092194935093
2023,1,rural,19,mujer,mediana,2,195.64499163893333,15.0,0.07975139908606169
2023,1,rural,19,mujer,promedio,2,195.64499163893333,15.607433224206423,0.03832375795257496
2023,1,rural,20,hombre,mediana,1,301.7511446281864,17.0,0.0
2023,1,rural,20,hombre,promedio,1,301.7511446281864,17.0,0.0
2023,1,rural,20,mujer,mediana,2,257.5351736410862,18.0,0.0
2023,1,rural,20,mujer,promedio,2,257.5351736410862,17.545698924731184,0.021194220533071063
2023,1,rural,21,mujer,mediana,4,368.0274760832469,18.0,0.09329328530888373
2023,1,rural,21,mujer,promedio,4,368.0274760832469,19.07124235951147,0.05047827191806813
2023,1,rural,22,hombre,mediana,1,1472.6941741305789,18.0,0.0
2023,1,rural,22,hombre,promedio,1,1472.6941741305789,18.0,0.0
2023,1,rural,22,mujer,mediana,7,1984.3234785133993,18.0,0.06031762296851896
2023,1,rural,22,mujer,promedio,7,1984.3234785133993,18.55959326219351,0.03854380331239387
2023,1,rural,23,hombre,mediana,1,301.7511446281864,20.0,0.0
2023,1,rural,23,hombre,promedio,1,301.7511446281864,20.0,0.0
2023,1,rural,23,mujer,mediana,9,958.3069076293029,19.0,0.06439340054965884
2023,1,rural,23,mujer,promedio,9,958.3069076293029,18.545460157948604,0.03342633882940386
2023,1,rural,24,hombre,mediana,3,1481.852333768879,19.0,0.10111979524360143
2023,1,rural,24,hombre,promedio,3,1481.852333768879,20.265177861379662,0.05423184951137099
2023,1,rural,24,mujer,mediana,6,884.7397142511041,19.0,0.045972447684058435
2023,1,rural,24,mujer,promedio,6,884.7397142511041,16.531473338726954,0.1252136077247106
2023,1,rural,25,hombre,mediana,1,186.15273805381085,18.0,0.0
2023,1,rural,25,hombre,promedio,1,186.15273805381085,18.0,0.0
2023,1,rural,25,mujer,mediana,5,653.3982576212024,20.0,0.020760291656179347
2023,1,rural,25,mujer,promedio,5,653.3982576212024,20.07850919880654,0.03133544965274809
2023,1,rural,26,hombre,mediana,3,758.3117313896337,22.0,0.0
2023,1,rural,26,hombre,promedio,3,758.3117313896337,21.500235763679076,0.020566878837564202
2023,1,rural,26,mujer,mediana,7,1447.5038828183851,22.0,0.12432076677240854
2023,1,rural,26,mujer,promedio,7,1447.5038828183851,20.050667159696076,0.06763842194201407
2023,1,rural,27,hombre,mediana,1,389.25237905143996,18.0,0.0
2023,1,rural,27,hombre,promedio,1,389.25237905143996,18.0,0.0
2023,1,rural,27,mujer,mediana,10,1579.385370031759,19.0,0.028566256483131644
2023,1,rural,27,mujer,promedio,10,1579.385370031759,19.8733357913222,0.032053232250978246
2023,1,rural,28,hombre,mediana,5,2647.822466857091,23.0,0.01934661588265986
2023,1,rural,28,hombre,promedio,5,2647.822466857091,23.262658603807456,0.01762037741885147
2023,1,rural,28,mujer,mediana,8,1278.589837512376,21.0,0.09683644478142889
2023,1,rural,28,mujer,promedio,8,1278.589837512376,21.290095881746655,0.05054504782219325
2023,1,urbana,17,mujer,mediana,3,335.34445905900765,17.0,0.0
2023,1,urbana,17,mujer,promedio,3,335.34445905900765,16.539097236733507,0.01840685191426347
2023,1,urbana,18,mujer,mediana,1,122.96190108128567,17.0,0.0
2023,1,urbana,18,mujer,promedio,1,122.96190108128567,17.0,0.0
2023,1,urbana,19,mujer,mediana,1,98.53982685212124,15.0,0.0
2023,1,urbana,19,mujer,promedio,1,98.53982685212124,15.0,0.0
2023,1,urbana,20,mujer,mediana,4,432.04069331079495,19.0,0.08679517433765523
2023,1,urbana,20,mujer,promedio,4,432.04069331079495,18.326790634585446,0.04510364090745275
2023,1,urbana,21,hombre,mediana,2,691.7415576454027,18.0,0.0
2023,1,urbana,21,hombre,promedio,2,691.7415576454027,16.551031760379566,0.06401005909125315
2023,1,urbana,21,mujer,mediana,5,776.8159636112665,17.0,0.053764023457383306
2023,1,urbana,21,mujer,promedio,5,776.8159636112665,17.632706965194,0.043757261986776964
2023,1,urbana,22,hombre,mediana,2,728.1188177523106,22.0,0.0
2023,1,urbana,22,hombre,promedio,2,728.1188177523106,22.000000000000004,1.1591925117445052e-16
2023,1,urbana,22,mujer,mediana,6,696.4273412793842,19.0,0.0201184550406848
2023,1,urbana,22,mujer,promedio,6,696.4273412793842,18.739764566053157,0.036261554961181816
2023,1,urbana,23,hombre,mediana,7,2483.258050270089,20.0,0.058642965610043084
2023,1,urbana,23,hombre,promedio,7,2483.258050270089,20.723877768134464,0.027310314652040837
2023,1,urbana,23,mujer,mediana,12,1651.493468371147,20.0,0.049728290030447195
2023,1,urbana,23,mujer,promedio,12,1651.493468371147,19.520778999762637,0.03028125153402347
2023,1,urbana,24,hombre,mediana,2,540.8871860173392,16.0,0.333818535466867
2023,1,urbana,24,hombre,promedio,2,540.8871860173392,19.054961591955415,0.14014975946539734
2023,1,urbana,24,mujer,mediana,11,1323.0073009289176,17.0,0.03608040459454272
2023,1,urbana,24,mujer,promedio,11,1323.0073009289176,18.36108819724414,0.03882675531938672
2023,1,urbana,25,hombre,mediana,3,1154.7778698823295,21.0,0.08390049473902117
2023,1,urbana,25,hombre,promedio,3,1154.7778698823295,20.656272769105698,0.03911548212291369
2023,1,urbana,25,mujer,mediana,18,2423.9028018639187,19.0,0.05523549427591839
2023,1,urbana,25,mujer,promedio,18,2423.9028018639187,19.590196238765884,0.028494090850993734
2023,1,urbana,26,hombre,mediana,5,1870.047141924812,21.0,0.08519719145551348
2023,1,urbana,26,hombre,promedio,5,1870.047141924812,22.55860261474394,0.04925605302805141
2023,1,urbana,26,mujer,mediana,10,1500.5298195967155,18.0,0.07299984527075323
2023,1,urbana,26,mujer,promedio,10,1500.5298195967155,18.462959223912666,0.05654425295984988
2023,1,urbana,27,hombre,mediana,2,682.3417530301255,19.0,0.07198268247426053
2023,1,urbana,27,hombre,promedio,2,682.3417530301255,19.818587252943477,0.03450475428837195
2023,1,urbana,27,mujer,mediana,17,2074.7702271471976,19.0,0.03750011650145665
2023,1,urbana,27,mujer,promedio,17,2074.7702271471976,18.700388758304037,0.03911507897255343
2023,1,urbana,28,hombre,mediana,3,1068.1690804730292,24.0,0.017358390013053605
2023,1,urbana,28,hombre,promedio,3,1068.1690804730292,24.203450953225815,0.033418066947322404
2023,1,urbana,28,mujer,mediana,12,1654.1040629567556,22.0,0.06138490741333393
2023,1,urbana,28,mujer,promedio,12,1654.1040629567556,20.489264277485223,0.06319264585236549
2023,2,rural,17,mujer,mediana,2,988.5919313748835,15.0,0.04620458373693523
2023,2,rural,17,mujer,promedio,2,988.5919313748835,15.429550078901139,0.022459136932377336
2023,2,rural,18,mujer,mediana,2,1096.1608890654725,15.0,0.0738993189523918
2023,2,rural,18,mujer,promedio,2,1096.1608890654725,15.535049081455423,0.03567706089867159
2023,2,rural,19,mujer,mediana,4,1655.0736355191132,17.0,0.01960752451988581
2023,2,rural,19,mujer,promedio,4,1655.0736355191132,16.827112131810367,0.020894076733693638
2023,2,rural,20,hombre,mediana,1,561.3086591560991,18.0,0.0
2023,2,rural,20,hombre,promedio,1,561.3086591560991,18.0,0.0
2023,2,rural,20,mujer,mediana,5,1876.5134672547833,19.0,0.017575281052003223
2023,2,rural,20,mujer,promedio,5,1876.5134672547833,18.79405904578977,0.014557834108001044
2023,2,rural,21,hombre,mediana,1,1057.05622764017,15.0,0.0
2023,2,rural,21,hombre,promedio,1,1057.05622764017,15.0,0.0
2023,2,rural,21,mujer,mediana,9,3556.52606980341,19.0,0.028055913144711925
2023,2,rural,21,mujer,promedio,9,3556.52606980341,18.079670952575302,0.035506187555438794
2023,2,rural,22,hombre,mediana,1,748.2932421781599,21.0,0.0
2023,2,rural,22,hombre,promedio,1,748.2932421781599,21.0,0.0
2023,2,rural,22,mujer,mediana,8,3100.7206307524993,18.0,0.09114033722106762
2023,2,rural,22,mujer,promedio,8,3100.7206307524993,18.140997394938676,0.04937476675346658
2023,2,rural,23,hombre,mediana,5,6522.074043075548,21.0,0.022884187708556714
2023,2,rural,23,hombre,promedio,5,6522.074043075548,21.329537187121353,0.015289184914467423
2023,2,rural,23,mujer,mediana,8,3271.9685497798937,19.0,0.05164725074866919
2023,2,rural,23,mujer,promedio,8,3271.9685497798937,19.09749706197176,0.026952610136105063
2023,2,rural,24,hombre,mediana,2,2814.5619909112975,17.0,0.11311566818633674
2023,2,rural,24,hombre,promedio,2,2814.5619909112975,17.982456140350873,0.053467845108565955
2023,2,rural,24,mujer,mediana,16,6880.550572929953,18.0,0.04504698176139044
2023,2,rural,24,mujer,promedio,16,6880.550572929953,17.870868383676324,0.043706541630645385
2023,2,rural,25,hombre,mediana,3,3129.944163042619,20.0,0.1497546985511341
2023,2,rural,25,hombre,promedio,3,3129.944163042619,21.032048687539483,0.06911953460760742
2023,2,rural,25,mujer,mediana,16,7148.0089433301655,18.0,0.034967246427107766
2023,2,rural,25,mujer,promedio,16,7148.0089433301655,18.623428298980595,0.023018069778165163
2023,2,rural,26,hombre,mediana,2,2330.936304826045,21.0,0.0
2023,2,rural,26,hombre,promedio,2,2330.936304826045,20.56202099697971,0.023526610472813066
2023,2,rural,26,mujer,mediana,11,4169.200260674208,19.0,0.11804307942539145
2023,2,rural,26,mujer,promedio,11,4169.200260674208,19.338514390149776,0.060254699274441464
2023,2,rural,27,hombre,mediana,5,5782.845869129787,20.0,0.044697602978708825
2023,2,rural,27,hombre,promedio,5,5782.845869129787,20.58443537580865,0.02263228191498251
2023,2,rural,27,mujer,mediana,15,5597.925364936172,20.0,0.06888026733528216
2023,2,rural,27,mujer,promedio,15,5597.925364936172,20.82459311268025,0.03797910389790691
2023,2,rural,28,mujer,mediana,17,6951.870820517659,17.0,0.051120253342041275
2023,2,rural,28,mujer,promedio,17,6951.870820517659,17.74339817769095,0.03370160669748623
2023,2,urbana,16,mujer,mediana,2,355.374110684117,16.0,0.0
2023,2,urbana,16,mujer,promedio,2,355.374110684117,15.533283470456245,0.022934841959598565
2023,2,urbana,18,mujer,mediana,4,1381.9742878461452,16.0,0.0
2023,2,urbana,18,mujer,promedio,4,1381.9742878461452,16.23886572664019,0.012944107356471314
2023,2,urbana,19,hombre,mediana,1,1045.645739574908,17.0,0.0
2023,2,urbana,19,hombre,promedio,1,1045.645739574908,17.0,0.0
2023,2,urbana,19,mujer,mediana,6,1596.7826903552755,18.0,0.06871670045042984
2023,2,urbana,19,mujer,promedio,6,1596.7826903552755,17.547956223175873,0.03153573374998212
2023,2,urbana,20,mujer,mediana,6,1460.084183806606,18.0,0.06685894912367545
2023,2,urbana,20,mujer,promedio,6,1460.084183806606,18.307393104322422,0.027069445643957666
2023,2,urbana,21,hombre,mediana,1,825.2400199586284,21.0,0.0
2023,2,urbana,21,hombre,promedio,1,825.2400199586284,21.0,0.0
2023,2,urbana,21,mujer,mediana,8,2565.2222708931463,19.0,0.019920037361231685
2023,2,urbana,21,mujer,promedio,8,2565.2222708931463,19.490168113158127,0.02070478589368526
2023,2,urbana,22,hombre,mediana,6,4084.704472204521,21.0,0.0
2023,2,urbana,22,hombre,promedio,6,4084.704472204521,20.393864157973066,0.021717344403709614
2023,2,urbana,22,mujer,mediana,12,2693.0033715114896,19.0,0.056856105265445524
2023,2,urbana,22,mujer,promedio,12,2693.0033715114896,18.82652833094577,0.027992346081158765
2023,2,urbana,23,hombre,mediana,5,2770.29431376272,21.0,0.039216062514408144
2023,2,urbana,23,hombre,promedio,5,2770.29431376272,20.77838492314746,0.031443302705532326
2023,2,urbana,23,mujer,mediana,28,7913.268849554126,18.0,0.02036821504492361
2023,2,urbana,23,mujer,promedio,28,7913.268849554126,18.411378818450032,0.019735220737606366
2023,2,urbana,24,hombre,mediana,5,4094.983696741364,20.0,0.15050097908424878
2023,2,urbana,24,hombre,promedio,5,4094.983696741364,19.16767727976235,0.07980433135738181
2023,2,urbana,24,mujer,mediana,27,6784.722377361483,19.0,0.021903942367445497
2023,2,urbana,24,mujer,promedio,27,6784.722377361483,19.11319242164033,0.01981250545485762
2023,2,urbana,25,hombre,mediana,7,5153.461905755213,19.0,0.06144303560423638
2023,2,urbana,25,hombre,promedio,7,5153.461905755213,20.052283089196553,0.038725429640026066
2023,2,urbana,25,mujer,mediana,22,6017.728791117668,21.0,0.043271817768042196
2023,2,urbana,25,mujer,promedio,22,6017.728791117668,21.289468372172912,0.0298577507477964
2023,2,urbana,26,hombre,mediana,3,2182.815052791907,22.0,0.14443086752264886
2023,2,urbana,26,hombre,promedio,3,2182.815052791907,20.978557504873297,0.06260744478432262
2023,2,urbana,26,mujer,mediana,36,10474.296237496143,20.0,0.03740951102406012
2023,2,urbana,26,mujer,promedio,36,10474.296237496143,20.720891526630737,0.02580901191380439
2023,2,urbana,27,hombre,mediana,4,3793.581352887833,26.0,0.05387548298656465
2023,2,urbana,27,hombre,promedio,4,3793.581352887833,24.864223396440067,0.038310850946319336
2023,2,urbana,27,mujer,mediana,43,11393.666653482494,21.0,0.022583992179434575
2023,2,urbana,27,mujer,promedio,43,11393.666653482494,21.28421401712648,0.02077638653644136
2023,2,urbana,28,hombre,mediana,5,3963.3560028211205,22.0,0.09168901133603242
2023,2,urbana,28,hombre,promedio,5,3963.3560028211205,23.00582858563456,0.056459891076398296
2023,2,urbana,28,mujer,mediana,25,6265.075659678443,21.0,0.051803441061757924
2023,2,urbana,28,mujer,promedio,25,6265.075659678443,20.217305614591304,0.03520954246392287
2023,3,rural,16,mujer,mediana,1,142.1212290194662,16.0,0.0
2023,3,rural,16,mujer,promedio,1,142.1212290194662,16.0,0.0
2023,3,rural,17,mujer,mediana,7,1532.0018670640015,16.0,0.0
2023,3,rural,17,mujer,promedio,7,1532.0018670640015,16.0,0.0
2023,3,rural,18,mujer,mediana,3,613.4331128823927,17.0,0.0362849066743226
2023,3,rural,18,mujer,promedio,3,613.4331128823927,17.20125885417359,0.026704216113565663
2023,3,rural,19,hombre,mediana,1,297.9583284984945,18.0,0.0
2023,3,rural,19,hombre,promedio,1,297.9583284984945,18.0,0.0
2023,3,rural,19,mujer,mediana,6,2428.9172354016778,17.0,0.04928491933374062
2023,3,rural,19,mujer,promedio,6,2428.9172354016778,17.27578589804983,0.022769163409281205
2023,3,rural,20,mujer,mediana,9,2664.109712380659,18.0,0.08238888896531567
2023,3,rural,20,mujer,promedio,9,2664.109712380659,16.868475307080136,0.04843710520470652
2023,3,rural,21,hombre,mediana,1,2630.0120289379033,20.0,0.0
2023,3,rural,21,hombre,promedio,1,2630.0120289379033,20.0,0.0
2023,3,rural,21,mujer,mediana,9,2325.105363772458,19.0,0.013801557548779323
2023,3,rural,21,mujer,promedio,9,2325.105363772458,18.306160431972206,0.024176014958271496
2023,3,rural,22,hombre,mediana,3,1285.1710429652537,22.0,0.0
2023,3,rural,22,hombre,promedio,3,1285.1710429652537,21.320205800138908,0.022944999853338022
2023,3,rural,22,mujer,mediana,13,3230.219432435717,20.0,0.02348023529702395
2023,3,rural,22,mujer,promedio,13,3230.219432435717,18.58569285865672,0.038246470042784045
2023,3,rural,23,hombre,mediana,1,852.8063487329094,19.0,0.0
2023,3,rural,23,hombre,promedio,1,852.8063487329094,19.0,0.0
2023,3,rural,23,mujer,mediana,15,4367.091170160771,18.0,0.05953222527982248
2023,3,rural,23,mujer,promedio,15,4367.091170160771,17.795287903973783,0.03303059696398179
2023,3,rural,24,hombre,mediana,3,1629.4620606110398,20.0,0.21163482364994574
2023,3,rural,24,hombre,promedio,3,1629.4620606110398,19.90317286029158,0.0708881359890024
2023,3,rural,24,mujer,mediana,14,4184.722831213034,19.0,0.071472407054395
2023,3,rural,24,mujer,promedio,14,4184.722831213034,18.98302752304048,0.045527415273275876
2023,3,rural,25,hombre,mediana,5,3227.260832818037,23.0,0.028552860091639435
2023,3,rural,25,hombre,promedio,5,3227.260832818037,22.062833832375013,0.03416513429660461
2023,3,rural,25,mujer,mediana,18,5563.805144490963,18.0,0.08424846802754307
2023,3,rural,25,mujer,promedio,18,5563.805144490963,19.47821126795697,0.04062986337569725
2023,3,rural,26,hombre,mediana,3,3085.005024428465,24.0,0.14237267643592497
2023,3,rural,26,hombre,promedio,3,3085.005024428465,22.547606876491542,0.0785090452602315
2023,3,rural,26,mujer,mediana,11,2958.71237737671,17.0,0.13893655044833317
2023,3,rural,26,mujer,promedio,11,2958.71237737671,19.358111346032043,0.06480851121938876
2023,3,rural,27,hombre,mediana,3,1949.0328402295818,21.0,0.03388818267397123
2023,3,rural,27,hombre,promedio,3,1949.0328402295818,20.397996826839393,0.0416438517855653
2023,3,rural,27,mujer,mediana,17,4545.763245312748,19.0,0.06002584183916957
2023,3,rural,27,mujer,promedio,17,4545.763245312748,20.654091757886174,0.05341854735998382
2023,3,rural,28,hombre,mediana,8,5562.210589184479,20.0,0.08691137741190733
2023,3,rural,28,hombre,promedio,8,5562.210589184479,21.10417767303781,0.05852828191244474
2023,3,rural,28,mujer,mediana,21,5754.241041401699,18.0,0.09884811783773456
2023,3,rural,28,mujer,promedio,21,5754.241041401699,19.364382766640848,0.05866226661874781
2023,3,urbana,17,mujer,mediana,4,1362.421878120551,15.0,0.03785177994969544
2023,3,urbana,17,mujer,promedio,4,1362.421878120551,15.438510438364027,0.018388325140310507
2023,3,urbana,18,hombre,mediana,1,1213.049309080384,16.0,0.0
2023,3,urbana,18,hombre,promedio,1,1213.049309080384,16.0,0.0
2023,3,urbana,18,mujer,mediana,3,950.6868850054329,17.0,0.0
2023,3,urbana,18,mujer,promedio,3,950.6868850054329,16.618603326092376,0.017820662940453633
2023,3,urbana,19,hombre,mediana,2,1572.7855280881831,19.0,0.0
2023,3,urbana,19,hombre,promedio,2,1572.7855280881831,18.575315840621965,0.01888137743005284
2023,3,urbana,19,mujer,mediana,7,2813.6966893525105,17.0,0.02615494641993701
2023,3,urbana,19,mujer,promedio,7,2813.6966893525105,17.533656488430722,0.020219074053560347
2023,3,urbana,20,hombre,mediana,2,1658.7208635284342,19.0,0.0
2023,3,urbana,20,hombre,promedio,2,1658.7208635284342,18.265306122448983,0.03692311002726129
2023,3,urbana,20,mujer,mediana,7,2094.673494670758,18.0,0.08320743049391198
2023,3,urbana,20,mujer,promedio,7,2094.673494670758,17.92458043891175,0.03427934766715607
2023,3,urbana,21,hombre,mediana,3,1889.9612324063373,20.0,0.0
2023,3,urbana,21,hombre,promedio,3,1889.9612324063373,20.163376995502055,0.008475109254243638
2023,3,urbana,21,mujer,mediana,9,2792.6202060417168,18.0,0.09898402185529404
2023,3,urbana,21,mujer,promedio,9,2792.6202060417168,17.882649883182665,0.05389504046311328
2023,3,urbana,22,hombre,mediana,2,1256.9852205590246,21.0,0.0
2023,3,urbana,22,hombre,promedio,2,1256.9852205590246,20.108004447529062,0.034755234424519915
2023,3,urbana,22,mujer,mediana,9,3246.0516203734023,22.0,0.0
2023,3,urbana,22,mujer,promedio,9,3246.0516203734023,20.981627746073904,0.03150349979432097
2023,3,urbana,23,hombre,mediana,4,2111.8195180167063,20.0,0.0
2023,3,urbana,23,hombre,promedio,4,2111.8195180167063,19.752869464624336,0.011167096014898398
2023,3,urbana,23,mujer,mediana,13,4845.893953470722,18.0,0.05555391077219113
2023,3,urbana,23,mujer,promedio,13,4845.893953470722,18.760202988105682,0.043098149077105574
2023,3,urbana,24,hombre,mediana,2,1606.5127234578868,21.0,0.0
2023,3,urbana,24,hombre,promedio,2,1606.5127234578868,20.299633816274923,0.04024924304304255
2023,3,urbana,24,mujer,mediana,16,5390.774233953849,17.0,0.05292114332869341
2023,3,urbana,24,mujer,promedio,16,5390.774233953849,18.218547886657134,0.03312385037220628
2023,3,urbana,25,hombre,mediana,3,1817.2518690955878,22.0,0.0
2023,3,urbana,25,hombre,promedio,3,1817.2518690955878,21.097254575476086,0.0240947584449571
2023,3,urbana,25,mujer,mediana,17,4568.734946767424,19.0,0.06624806926790267
2023,3,urbana,25,mujer,promedio,17,4568.734946767424,20.25125480674127,0.03593673844877092
2023,3,urbana,26,hombre,mediana,6,4691.8011220890985,20.0,0.07202160400392774
2023,3,urbana,26,hombre,promedio,6,4691.8011220890985,20.723776280671288,0.05429531903226291
2023,3,urbana,26,mujer,mediana,21,6110.152742897269,20.0,0.06023946919071834
2023,3,urbana,26,mujer,promedio,21,6110.152742897269,19.6140886366336,0.04048578725677115
2023,3,urbana,27,hombre,mediana,2,2099.0317522168098,19.0,0.14962108970807483
2023,3,urbana,27,hombre,promedio,2,2099.0317522168098,20.393387664627888,0.06969907970180529
2023,3,urbana,27,mujer,mediana,21,7150.384423803304,20.0,0.04427164907701138
2023,3,urbana,27,mujer,promedio,21,7150.384423803304,20.3376842063111,0.026546343116241856
2023,3,urbana,28,hombre,mediana,13,9301.082294311065,22.0,0.04322581545126449
2023,3,urbana,28,hombre,promedio,13,9301.082294311065,22.637490780211436,0.03167196840678461
2023,3,urbana,28,mujer,mediana,28,8497.102024920236,20.0,0.08221385446792522
2023,3,urbana,28,mujer,promedio,28,8497.102024920236,20.412504871881936,0.04291308835500725
2023,4,rural,16,mujer,mediana,1,69.88517159912884,15.0,0.0
2023,4,rural,16,mujer,promedio,1,69.88517159912884,15.0,0.0
2023,4,rural,17,mujer,mediana,3,260.168940096101,17.0,0.0
2023,4,rural,17,mujer,promedio,3,260.168940096101,16.549768794921565,0.026291815002663574
2023,4,rural,18,mujer,mediana,1,117.13617542344602,18.0,0.0
2023,4,rural,18,mujer,promedio,1,117.13617542344602,18.0,0.0
2023,4,rural,19,mujer,mediana,5,465.96348816552444,19.0,0.0
2023,4,rural,19,mujer,promedio,5,465.96348816552444,18.118163633273955,0.025299338989909374
2023,4,rural,20,hombre,mediana,1,202.04018825654995,18.0,0.0
2023,4,rural,20,hombre,promedio,1,202.04018825654995,18.0,0.0
2023,4,rural,20,mujer,mediana,1,67.20629161682251,17.0,0.0
2023,4,rural,20,mujer,promedio,1,67.20629161682251,17.0,0.0
2023,4,rural,21,mujer,mediana,10,914.03744051168,19.0,0.04329960070181345
2023,4,rural,21,mujer,promedio,10,914.03744051168,18.48071004687732,0.035004214884945865
2023,4,rural,22,mujer,mediana,4,433.3581976558779,19.0,0.0188322188773605
2023,4,rural,22,mujer,promedio,4,433.3581976558779,19.2495428557473,0.035242970769125616
2023,4,rural,23,hombre,mediana,1,236.76584561314456,20.0,0.0
2023,4,rural,23,hombre,promedio,1,236.76584561314456,20.0,0.0
2023,4,rural,23,mujer,mediana,11,1060.8618900280896,18.0,0.030594221105494836
2023,4,rural,23,mujer,promedio,11,1060.8618900280896,18.367242415830567,0.038417928857181635
2023,4,rural,24,mujer,mediana,7,783.1117050464686,20.0,0.054402946509554725
2023,4,rural,24,mujer,promedio,7,783.1117050464686,18.545873977404867,0.0372524739009403
2023,4,rural,25,hombre,mediana,1,202.04018825654995,24.0,0.0
2023,4,rural,25,hombre,promedio,1,202.04018825654995,24.0,0.0
2023,4,rural,25,mujer,mediana,3,166.03098890880273,18.0,0.01958638416926967
2023,4,rural,25,mujer,promedio,3,166.03098890880273,18.62489528755965,0.06374454095386906
2023,4,rural,26,hombre,mediana,3,1090.7273957465263,22.0,0.0
2023,4,rural,26,hombre,promedio,3,1090.7273957465263,22.013730123905543,0.012919652544836681
2023,4,rural,26,mujer,mediana,9,790.391460165431,17.0,0.022152145490760777
2023,4,rural,26,mujer,promedio,9,790.391460165431,16.83894564354685,0.027534419284794588
2023,4,rural,27,hombre,mediana,6,1057.7623129064946,21.0,0.05959172356895539
2023,4,rural,27,hombre,promedio,6,1057.7623129064946,20.535500089599758,0.03229444217776173
2023,4,rural,27,mujer,mediana,4,136.23232503029354,18.0,0.13171522693707205
2023,4,rural,27,mujer,promedio,4,136.23232503029354,20.02312138728324,0.05920340887442873
2023,4,rural,28,hombre,mediana,3,1327.9941982433547,25.0,0.12965471310149085
2023,4,rural,28,hombre,promedio,3,1327.9941982433547,23.610197059317624,0.06510065729362492
2023,4,rural,28,mujer,mediana,11,812.974800794122,18.0,0.020534379337375744
2023,4,rural,28,mujer,promedio,11,812.974800794122,19.704079201612323,0.04727977332960437
2023,4,urbana,17,mujer,mediana,1,132.34536118583992,16.0,0.0
2023,4,urbana,17,mujer,promedio,1,132.34536118583992,16.0,0.0
2023,4,urbana,18,mujer,mediana,2,214.5486786611973,17.0,0.0
2023,4,urbana,18,mujer,promedio,2,214.5486786611973,17.0,0.0
2023,4,urbana,19,mujer,mediana,3,326.32171994268526,19.0,0.0
2023,4,urbana,19,mujer,promedio,3,326.32171994268526,18.060983275338234,0.04216734886904865
2023,4,urbana,20,mujer,mediana,5,444.02542926067053,18.0,0.0702186675805146
2023,4,urbana,20,mujer,promedio,5,444.02542926067053,16.959815559410305,0.06505788345215412
2023,4,urbana,21,hombre,mediana,1,454.7443432455295,21.0,0.0
2023,4,urbana,21,hombre,promedio,1,454.7443432455295,21.0,0.0
2023,4,urbana,21,mujer,mediana,7,578.2576307233718,18.0,0.018504361836865556
2023,4,urbana,21,mujer,promedio,7,578.2576307233718,17.92527319850429,0.029134736158508135
2023,4,urbana,22,hombre,mediana,3,861.224179042685,20.0,0.14751339004327785
2023,4,urbana,22,hombre,promedio,3,861.224179042685,19.203795937285342,0.06541778434652669
2023,4,urbana,22,mujer,mediana,8,896.0944531374874,20.0,0.025135461182444314
2023,4,urbana,22,mujer,promedio,8,896.0944531374874,19.51938451748807,0.018834486196253466
2023,4,urbana,23,hombre,mediana,3,706.0631953803195,22.0,0.0
2023,4,urbana,23,hombre,promedio,3,706.0631953803195,21.857008424269146,0.006793966204672946
2023,4,urbana,23,mujer,mediana,13,1525.4495304281434,18.0,0.033225180520413
2023,4,urbana,23,mujer,promedio,13,1525.4495304281434,18.731467356440348,0.03248762267931475
2023,4,urbana,24,hombre,mediana,3,638.9323443899789,20.0,0.0
2023,4,urbana,24,hombre,promedio,3,638.9323443899789,19.269038834860186,0.030692727751810284
2023,4,urbana,24,mujer,mediana,9,741.8575948898787,21.0,0.039889642117746704
2023,4,urbana,24,mujer,promedio,9,741.8575948898787,20.504699932438527,0.03740088064683777
2023,4,urbana,25,hombre,mediana,1,478.42754153319663,16.0,0.0
2023,4,urbana,25,hombre,promedio,1,478.42754153319663,16.0,0.0
2023,4,urbana,25,mujer,mediana,6,564.1612090924898,19.0,0.016796146741478297
2023,4,urbana,25,mujer,promedio,6,564.1612090924898,18.745221350467038,0.04890385469458507
2023,4,urbana,26,hombre,mediana,6,1930.9772935514177,19.0,0.13129792894900516
2023,4,urbana,26,hombre,promedio,6,1930.9772935514177,21.189837552375533,0.059569222221239185
2023,4,urbana,26,mujer,mediana,15,1870.4678114542437,19.0,0.0597036544999937
2023,4,urbana,26,mujer,promedio,15,1870.4678114542437,19.986161178872887,0.043653852348149544
2023,4,urbana,27,hombre,mediana,2,463.6162770068645,25.0,0.0
2023,4,urbana,27,hombre,promedio,2,463.6162770068645,24.09109161927997,0.029107831404163013
2023,4,urbana,27,mujer,mediana,26,2946.578748194827,19.0,0.032222689863166065
2023,4,urbana,27,mujer,promedio,26,2946.578748194827,19.50587893863998,0.025428380597892146
2023,4,urbana,28,hombre,mediana,7,2208.2487144876213,23.0,0.04565444735425382
2023,4,urbana,28,hombre,promedio,7,2208.2487144876213,23.046247846036902,0.03989712800988348
2023,4,urbana,28,mujer,mediana,21,2082.1098560933565,21.0,0.03953498040150249
2023,4,urbana,28,mujer,promedio,21,2082.1098560933565,21.430264932145786,0.030036688728694104
2023,5,rural,16,mujer,mediana,1,246.22102189219092,16.0,0.0
2023,5,rural,16,mujer,promedio,1,246.22102189219092,16.0,0.0
2023,5,rural,17,mujer,mediana,4,572.4594578718232,17.0,0.0
2023,5,rural,17,mujer,promedio,4,572.4594578718232,16.772546101457355,0.012213902496270737
2023,5,rural,18,mujer,mediana,5,1077.1747437257745,17.0,0.0
2023,5,rural,18,mujer,promedio,5,1077.1747437257745,17.224969819479707,0.011887486034894106
2023,5,rural,19,mujer,mediana,1,158.55141561239566,19.0,0.0
2023,5,rural,19,mujer,promedio,1,158.55141561239566,19.0,0.0
2023,5,rural,20,hombre,mediana,2,897.0730252836435,19.0,0.03347085391351055
2023,5,rural,20,hombre,promedio,2,897.0730252836435,19.34138393478686,0.016440039308999618
2023,5,rural,20,mujer,mediana,9,3126.8770746781456,18.0,0.09673785294072229
2023,5,rural,20,mujer,promedio,9,3126.8770746781456,17.230950224594817,0.061469925609830486
2023,5,rural,21,hombre,mediana,1,203.73334693833007,19.0,0.0
2023,5,rural,21,hombre,promedio,1,203.73334693833007,19.0,0.0
2023,5,rural,21,mujer,mediana,2,409.4348843029426,21.0,0.0
2023,5,rural,21,mujer,promedio,2,409.4348843029426,20.18931988147651,0.045277341600414
2023,5,rural,22,hombre,mediana,1,964.1010939409877,21.0,0.0
2023,5,rural,22,hombre,promedio,1,964.1010939409877,21.0,0.0
2023,5,rural,22,mujer,mediana,8,919.7318316808912,15.0,0.060305211345969986
2023,5,rural,22,mujer,promedio,8,919.7318316808912,16.26507862076399,0.04963403173110502
2023,5,rural,23,hombre,mediana,1,754.1783847321303,21.0,0.0
2023,5,rural,23,hombre,promedio,1,754.1783847321303,21.0,0.0
2023,5,rural,23,mujer,mediana,8,1569.257621248466,19.0,0.007209375199838834
2023,5,rural,23,mujer,promedio,8,1569.257621248466,18.82015421038441,0.028493717172344106
2023,5,rural,24,hombre,mediana,1,241.57634011963202,20.0,0.0
2023,5,rural,24,hombre,promedio,1,241.57634011963202,20.0,0.0
2023,5,rural,24,mujer,mediana,8,1467.8017923388086,17.0,0.1863480007192986
2023,5,rural,24,mujer,promedio,8,1467.8017923388086,19.186242390517318,0.07752946389319793
2023,5,rural,25,hombre,mediana,2,2214.4289046961358,24.0,0.0
2023,5,rural,25,hombre,promedio,2,2214.4289046961358,22.504142643184213,0.0588493648780797
2023,5,rural,25,mujer,mediana,10,1391.5137320465992,18.0,0.14396559489973987
2023,5,rural,25,mujer,promedio,10,1391.5137320465992,19.52357457815847,0.06501745921497692
2023,5,rural,26,hombre,mediana,1,665.7371764476712,20.0,0.0
2023,5,rural,26,hombre,promedio,1,665.7371764476712,20.0,0.0
2023,5,rural,26,mujer,mediana,12,2796.9179102203266,21.0,0.0961802572601794
2023,5,rural,26,mujer,promedio,12,2796.9179102203266,22.134043508489675,0.04549501327308396
2023,5,rural,27,hombre,mediana,1,665.7371764476712,18.0,0.0
2023,5,rural,27,hombre,promedio,1,665.7371764476712,18.0,0.0
2023,5,rural,27,mujer,mediana,11,2467.3430112087426,20.0,0.12187798862990569
2023,5,rural,27,mujer,promedio,11,2467.3430112087426,19.996380720482904,0.06018807887014475
2023,5,rural,28,hombre,mediana,3,1915.7202224545204,24.0,0.0
2023,5,rural,28,hombre,promedio,3,1915.7202224545204,22.245255134293362,0.06441101281365462
2023,5,rural,28,mujer,mediana,12,2696.6329956915056,19.0,0.051998081849767515
2023,5,rural,28,mujer,promedio,12,2696.6329956915056,19.33793626344087,0.04057596967520277
2023,5,urbana,16,hombre,mediana,1,484.5679752248168,16.0,0.0
2023,5,urbana,16,hombre,promedio,1,484.5679752248168,16.0,0.0
2023,5,urbana,18,mujer,mediana,3,345.19066056796265,17.0,0.0
2023,5,urbana,18,mujer,promedio,3,345.19066056796265,17.24566485637571,0.013061508738390624
2023,5,urbana,19,mujer,mediana,2,163.14806359847506,16.0,0.08825001071490317
2023,5,urbana,19,mujer,promedio,2,163.14806359847506,16.960438607970598,0.04162628703407699
2023,5,urbana,20,hombre,mediana,1,218.1941640128266,17.0,0.0
2023,5,urbana,20,hombre,promedio,1,218.1941640128266,17.0,0.0
2023,5,urbana,20,mujer,mediana,5,551.1913707897803,17.0,0.05605672795546786
2023,5,urbana,20,mujer,promedio,5,551.1913707897803,17.19613564786497,0.02315821835535236
2023,5,urbana,21,mujer,mediana,8,950.6972061829654,17.0,0.022105495596003857
2023,5,urbana,21,mujer,promedio,8,950.6972061829654,17.86903396147298,0.022934255576474525
2023,5,urbana,22,hombre,mediana,4,1443.0720933036773,20.0,0.024538559481950602
2023,5,urbana,22,hombre,promedio,4,1443.0720933036773,20.087387395950127,0.029919481889018752
2023,5,urbana,22,mujer,mediana,12,1584.143145926798,17.0,0.057657425165650034
2023,5,urbana,22,mujer,promedio,12,1584.143145926798,18.166757789966518,0.03719251706531796
2023,5,urbana,23,hombre,mediana,6,1582.5348791973177,19.0,0.06557374979322039
2023,5,urbana,23,hombre,promedio,6,1582.5348791973177,20.10382238993079,0.03354933667706377
2023,5,urbana,23,mujer,mediana,7,544.0328108395139,19.0,0.020528258378200055
2023,5,urbana,23,mujer,promedio,7,544.0328108395139,18.70045654388462,0.039073068205090704
2023,5,urbana,24,hombre,mediana,4,1354.3590731588763,18.0,0.15131989352377115
2023,5,urbana,24,hombre,promedio,4,1354.3590731588763,18.738588092355748,0.06931147007129043
2023,5,urbana,24,mujer,mediana,30,3519.972094809212,20.0,0.022931121819543855
2023,5,urbana,24,mujer,promedio,30,3519.972094809212,19.652496950945704,0.023528385595431443
2023,5,urbana,25,hombre,mediana,2,648.2020409325439,21.0,0.10296883447496304
2023,5,urbana,25,hombre,promedio,2,648.2020409325439,22.416938110749182,0.048230171161006
2023,5,urbana,25,mujer,mediana,16,2228.346097831042,19.0,0.04318071520711761
2023,5,urbana,25,mujer,promedio,16,2228.346097831042,20.088511589984808,0.035591144461433424
2023,5,urbana,26,hombre,mediana,6,1883.2416255165506,19.0,0.10572098116409485
2023,5,urbana,26,hombre,promedio,6,1883.2416255165506,19.218829636230595,0.053845654962006564
2023,5,urbana,26,mujer,mediana,23,2739.079720192385,22.0,0.04397854774626925
2023,5,urbana,26,mujer,promedio,23,2739.079720192385,21.06181893342096,0.045016623933622796
2023,5,urbana,27,hombre,mediana,4,1392.0521544135345,22.0,0.0
2023,5,urbana,27,hombre,promedio,4,1392.0521544135345,22.123502018941092,0.031823613222679265
2023,5,urbana,27,mujer,mediana,21,2868.176002698561,20.0,0.04025030074597968
2023,5,urbana,27,mujer,promedio,21,2868.176002698561,20.767344782752613,0.038891638020006315
2023,5,urbana,28,hombre,mediana,5,811.5475674091509,19.0,0.06029759953213024
2023,5,urbana,28,hombre,promedio,5,811.5475674091509,19.845996859267313,0.050300438541473695
2023,5,urbana,28,mujer,mediana,18,1865.3177256341132,21.0,0.07287535823709056
2023,5,urbana,28,mujer,promedio,18,1865.3177256341132,20.414541415510776,0.03953644203582656
2023,6,rural,16,mujer,mediana,2,336.59176439013004,15.0,0.0
2023,6,rural,16,mujer,promedio,2,336.59176439013004,14.581157230478055,0.023608460775579952
2023,6,rural,17,mujer,mediana,1,79.80894964451842,17.0,0.0
2023,6,rural,17,mujer,promedio,1,79.80894964451842,17.0,0.0
2023,6,rural,19,mujer,mediana,2,469.6402163353182,14.0,0.15649961105593388
2023,6,rural,19,mujer,promedio,2,469.6402163353182,15.186175115207373,0.07213780093280439
2023,6,rural,20,hombre,mediana,2,1009.2888328146156,18.0,0.0
2023,6,rural,20,hombre,promedio,2,1009.2888328146156,18.219401631912966,0.014358919990819384
2023,6,rural,20,mujer,mediana,1,100.11156940873057,13.0,0.0
2023,6,rural,20,mujer,promedio,1,100.11156940873057,13.0,0.0
2023,6,rural,21,hombre,mediana,1,787.8492158235576,16.0,0.0
2023,6,rural,21,hombre,promedio,1,787.8492158235576,16.0,0.0
2023,6,rural,22,mujer,mediana,4,608.9032842282362,21.0,0.049952853372275494
2023,6,rural,22,mujer,promedio,4,608.9032842282362,19.715025508492317,0.047171347891958273
2023,6,rural,23,hombre,mediana,1,531.6460377358889,23.0,0.0
2023,6,rural,23,hombre,promedio,1,531.6460377358889,23.0,0.0
2023,6,rural,23,mujer,mediana,7,985.2690806069924,19.0,0.10484696032443265
2023,6,rural,23,mujer,promedio,7,985.2690806069924,17.718858698970468,0.07431862194159139
2023,6,rural,24,hombre,mediana,1,487.51127757820177,22.0,0.0
2023,6,rural,24,hombre,promedio,1,487.51127757820177,22.0,0.0
2023,6,rural,24,mujer,mediana,5,791.4583947123929,18.0,0.06499800032599042
2023,6,rural,24,mujer,promedio,5,791.4583947123929,17.938727136473688,0.04409979388952235
2023,6,rural,25,hombre,mediana,1,261.7165805946135,22.0,0.0
2023,6,rural,25,hombre,promedio,1,261.7165805946135,22.0,0.0
2023,6,rural,25,mujer,mediana,5,977.0510683860014,16.0,0.06204957418000883
2023,6,rural,25,mujer,promedio,5,977.0510683860014,15.992498351248987,0.045896638130239996
2023,6,rural,26,hombre,mediana,3,1954.22228557906,20.0,0.05601382174854158
2023,6,rural,26,hombre,promedio,3,1954.22228557906,19.547825241884272,0.05014582791026571
2023,6,rural,26,mujer,mediana,6,1270.2723980790074,21.0,0.09416089931311968
2023,6,rural,26,mujer,promedio,6,1270.2723980790074,21.202809408628703,0.051494527176722926
2023,6,rural,27,mujer,mediana,7,1230.0271808260309,17.0,0.0667249717882389
2023,6,rural,27,mujer,promedio,7,1230.0271808260309,17.111425996990683,0.03733631285837043
2023,6,rural,28,hombre,mediana,2,857.9550736434952,20.0,0.0666603487458865
2023,6,rural,28,hombre,promedio,2,857.9550736434952,20.76066695315843,0.03210896301948774
2023,6,rural,28,mujer,mediana,9,1596.8966067552135,20.0,0.13010232537374603
2023,6,rural,28,mujer,promedio,9,1596.8966067552135,21.27033726001528,0.06747807852909911
2023,6,urbana,18,mujer,mediana,3,469.98308198434665,17.0,0.0
2023,6,urbana,18,mujer,promedio,3,469.98308198434665,17.0,0.0
2023,6,urbana,19,hombre,mediana,3,1592.301894228248,18.0,0.0
2023,6,urbana,19,hombre,promedio,3,1592.301894228248,16.950503127549634,0.04720362694839941
2023,6,urbana,19,mujer,mediana,4,696.2512129390167,18.0,0.0
2023,6,urbana,19,mujer,promedio,4,696.2512129390167,17.41693488656016,0.025172095697272176
2023,6,urbana,20,mujer,mediana,6,797.3957306608233,17.0,0.08523283765123356
2023,6,urbana,20,mujer,promedio,6,797.3957306608233,17.744928194475506,0.040024504295822355
2023,6,urbana,21,mujer,mediana,5,793.1045681075744,17.0,0.134104384815143
2023,6,urbana,21,mujer,promedio,5,793.1045681075744,18.216043223842778,0.060378249991011816
2023,6,urbana,22,hombre,mediana,2,668.1149207446911,21.0,0.0
2023,6,urbana,22,hombre,promedio,2,668.1149207446911,20.327601316046792,0.03105227308361595
2023,6,urbana,22,mujer,mediana,8,1101.316641306823,18.0,0.058136480119577984
2023,6,urbana,22,mujer,promedio,8,1101.316641306823,18.648874326570674,0.037417957526989065
2023,6,urbana,23,hombre,mediana,3,1063.975937747964,20.0,0.12454924791688889
2023,6,urbana,23,hombre,promedio,3,1063.975937747964,21.14026405967687,0.05447500865122757
2023,6,urbana,23,mujer,mediana,7,958.2819173399378,21.0,0.05940246825710844
2023,6,urbana,23,mujer,promedio,7,958.2819173399378,20.226967074032828,0.038450385284996655
2023,6,urbana,24,hombre,mediana,2,830.1751168691321,24.0,0.0
2023,6,urbana,24,hombre,promedio,2,830.1751168691321,23.458861649416253,0.02379580982721845
2023,6,urbana,24,mujer,mediana,9,1542.026743820577,18.0,0.13486833195897088
2023,6,urbana,24,mujer,promedio,9,1542.026743820577,18.73223941372609,0.06740512068063097
2023,6,urbana,25,hombre,mediana,2,587.333242157581,24.0,0.02921437867270875
2023,6,urbana,25,hombre,promedio,2,587.333242157581,24.45408946974264,0.014335947552096466
2023,6,urbana,25,mujer,mediana,8,1244.057161787647,23.0,0.032806890437389914
2023,6,urbana,25,mujer,promedio,8,1244.057161787647,22.61837578658412,0.02632090609542107
2023,6,urbana,26,hombre,mediana,1,379.3532672450162,25.0,0.0
2023,6,urbana,26,hombre,promedio,1,379.3532672450162,25.0,0.0
2023,6,urbana,26,mujer,mediana,18,2692.785763363613,19.0,0.03391687209565002
2023,6,urbana,26,mujer,promedio,18,2692.785763363613,19.509191902729253,0.03531433943574932
2023,6,urbana,27,hombre,mediana,7,2984.353158524217,21.0,0.04362801644732395
2023,6,urbana,27,hombre,promedio,7,2984.353158524217,20.4554667756269,0.04188988681258523
2023,6,urbana,27,mujer,mediana,8,1232.1587156098212,20.0,0.03714135752955394
2023,6,urbana,27,mujer,promedio,8,1232.1587156098212,20.14061300483112,0.046595892191619026
2023,6,urbana,28,hombre,mediana,3,943.2254197500894,24.0,0.050297925077942056
2023,6,urbana,28,hombre,promedio,3,943.2254197500894,25.18808358078179,0.030721318561393745
2023,6,urbana,28,mujer,mediana,17,2398.917151089315,20.0,0.019970967348149436
2023,6,urbana,28,mujer,promedio,17,2398.917151089315,19.79490237541589,0.02861635276304261
2023,7,rural,17,mujer,mediana,3,2544.9763535948996,17.0,0.0
2023,7,rural,17,mujer,promedio,3,2544.9763535948996,16.288574168326328,0.0371792838550704
2023,7,rural,18,mujer,mediana,1,321.0069264715925,14.0,0.0
2023,7,rural,18,mujer,promedio,1,321.0069264715925,14.0,0.0
2023,7,rural,19,hombre,mediana,1,2058.2488363330267,18.0,0.0
2023,7,rural,19,hombre,promedio,1,2058.2488363330267,18.0,0.0
2023,7,rural,19,mujer,mediana,1,185.64041573135617,16.0,0.0
2023,7,rural,19,mujer,promedio,1,185.64041573135617,16.0,0.0
2023,7,rural,20,hombre,mediana,1,430.3758545068135,20.0,0.0
2023,7,rural,20,hombre,promedio,1,430.3758545068135,20.0,0.0
2023,7,rural,20,mujer,mediana,6,2538.198529118774,19.0,0.05902679093254273
2023,7,rural,20,mujer,promedio,6,2538.198529118774,17.311339732354757,0.07211587819888618
2023,7,rural,21,mujer,mediana,5,1754.1904477680935,17.0,0.02648097754047167
2023,7,rural,21,mujer,promedio,5,1754.1904477680935,17.642612918993475,0.02499528921777239
2023,7,rural,22,hombre,mediana,2,1798.7799545828095,21.0,0.0
2023,7,rural,22,hombre,promedio,2,1798.7799545828095,21.0,0.0
2023,7,rural,22,mujer,mediana,1,373.44338129323734,16.0,0.0
2023,7,rural,22,mujer,promedio,1,373.44338129323734,16.0,0.0
2023,7,rural,23,hombre,mediana,1,670.613109281358,18.0,0.0
2023,7,rural,23,hombre,promedio,1,670.613109281358,18.0,0.0
2023,7,rural,23,mujer,mediana,6,2834.7260495382193,21.0,0.05247101216968166
2023,7,rural,23,mujer,promedio,6,2834.7260495382193,18.998716697648764,0.050928971885264795
2023,7,rural,24,mujer,mediana,10,3135.887789328999,20.0,0.049895738182435964
2023,7,rural,24,mujer,promedio,10,3135.887789328999,19.176598858526557,0.05495262295921003
2023,7,rural,25,mujer,mediana,8,2865.615213793966,16.0,0.07936674471368042
2023,7,rural,25,mujer,promedio,8,2865.615213793966,17.095101318764268,0.053637623632363685
2023,7,rural,26,hombre,mediana,1,964.0237371456545,20.0,0.0
2023,7,rural,26,hombre,promedio,1,964.0237371456545,20.0,0.0
2023,7,rural,26,mujer,mediana,9,3849.7068675757823,18.0,0.012105778086727763
2023,7,rural,26,mujer,promedio,9,3849.7068675757823,17.827521539428336,0.01658972395242879
2023,7,rural,27,hombre,mediana,3,2697.4374753802294,20.0,0.1989794491073109
2023,7,rural,27,hombre,promedio,3,2697.4374753802294,22.146690225733742,0.08984613370177688
2023,7,rural,27,mujer,mediana,11,5738.105614236133,21.0,0.1554683344082584
2023,7,rural,27,mujer,promedio,11,5738.105614236133,21.396883294696508,0.0840880682483835
2023,7,rural,28,hombre,mediana,2,2851.644387761523,20.0,0.09806523230606341
2023,7,rural,28,hombre,promedio,2,2851.644387761523,21.088026363546827,0.04650280240334912
2023,7,rural,28,mujer,mediana,6,2606.2808173871354,15.0,0.12503109883610114
2023,7,rural,28,mujer,promedio,6,2606.2808173871354,17.251684907965124,0.08455035939605744
2023,7,urbana,16,mujer,mediana,2,1083.8616732517498,16.0,0.0
2023,7,urbana,16,mujer,promedio,2,1083.8616732517498,15.625583780802495,0.02119917109542251
2023,7,urbana,17,mujer,mediana,2,774.8862265807841,15.0,0.0
2023,7,urbana,17,mujer,promedio,2,774.8862265807841,15.0,0.0
2023,7,urbana,18,hombre,mediana,1,1012.2989495789047,17.0,0.0
2023,7,urbana,18,hombre,promedio,1,1012.2989495789047,17.0,0.0
2023,7,urbana,18,mujer,mediana,9,3269.352683563925,16.0,0.04518095590341517
2023,7,urbana,18,mujer,promedio,9,3269.352683563925,15.98581294258959,0.025199692729103444
2023,7,urbana,19,mujer,mediana,9,3535.3832731068264,16.0,0.0627578406106091
2023,7,urbana,19,mujer,promedio,9,3535.3832731068264,16.36205970680782,0.03874342616645805
2023,7,urbana,20,hombre,mediana,2,1415.034168396686,15.0,0.07823862830451549
2023,7,urbana,20,hombre,promedio,2,1415.034168396686,15.587502690157681,0.0376448828236212
2023,7,urbana,20,mujer,mediana,13,5596.876390264616,18.0,0.04364188346931197
2023,7,urbana,20,mujer,promedio,13,5596.876390264616,17.589880298896652,0.027335685394592447
2023,7,urbana,21,hombre,mediana,2,2280.1165667196624,17.0,0.16234686547502833
2023,7,urbana,21,hombre,promedio,2,2280.1165667196624,18.688685628954065,0.07383870561768187
2023,7,urbana,21,mujer,mediana,20,7664.0120107450075,17.0,0.027237309972646225
2023,7,urbana,21,mujer,promedio,20,7664.0120107450075,17.466941838983082,0.021693899744643898
2023,7,urbana,22,hombre,mediana,2,2746.6796469739757,20.0,0.03150783804038547
2023,7,urbana,22,hombre,promedio,2,2746.6796469739757,20.32677040330264,0.015500661155333481
2023,7,urbana,22,mujer,mediana,21,9696.95287241091,18.0,0.042663216609469846
2023,7,urbana,22,mujer,promedio,21,9696.95287241091,18.45657155996277,0.0268474978278233
2023,7,urbana,23,hombre,mediana,3,3430.0861860889268,21.0,0.08803481101236343
2023,7,urbana,23,hombre,promedio,3,3430.0861860889268,20.76351963072746,0.04208993574826852
2023,7,urbana,23,mujer,mediana,28,13391.618520882648,20.0,0.03434717156117241
2023,7,urbana,23,mujer,promedio,28,13391.618520882648,19.065669677066165,0.026951536392570922
2023,7,urbana,24,hombre,mediana,2,1496.568676193856,22.0,0.0
2023,7,urbana,24,hombre,promedio,2,1496.568676193856,22.0,0.0
2023,7,urbana,24,mujer,mediana,26,11199.638208493247,18.0,0.05086871750034068
2023,7,urbana,24,mujer,promedio,26,11199.638208493247,17.961167030166386,0.03871092490564614
2023,7,urbana,25,hombre,mediana,8,9967.964784023165,22.0,0.027623864128533036
2023,7,urbana,25,hombre,promedio,8,9967.964784023165,21.65145453738787,0.03748873812927793
2023,7,urbana,25,mujer,mediana,28,11925.473546572857,18.0,0.04548378364161096
2023,7,urbana,25,mujer,promedio,28,11925.473546572857,18.886559941761075,0.02821976148296723
2023,7,urbana,26,hombre,mediana,9,10945.446520175423,21.0,0.10599242715745014
2023,7,urbana,26,hombre,promedio,9,10945.446520175423,21.388467138969705,0.049005813607844506
2023,7,urbana,26,mujer,mediana,20,8642.796199903274,19.0,0.03499905213769978
2023,7,urbana,26,mujer,promedio,20,8642.796199903274,19.516919788825533,0.031267324449721225
2023,7,urbana,27,hombre,mediana,12,15050.6768779239,24.0,0.07246070119509579
2023,7,urbana,27,hombre,promedio,12,15050.6768779239,23.161986124017613,0.03619085290189279
2023,7,urbana,27,mujer,mediana,39,16661.60637130691,19.0,0.04857789778581938
2023,7,urbana,27,mujer,promedio,39,16661.60637130691,20.141637503461016,0.02671656016776926
2023,7,urbana,28,hombre,mediana,7,10827.252213880016,24.0,0.03478864425795859
2023,7,urbana,28,hombre,promedio,7,10827.252213880016,23.297059768126736,0.03359680227541575
2023,7,urbana,28,mujer,mediana,36,16424.78261032985,20.0,0.03896523156815896
2023,7,urbana,28,mujer,promedio,36,16424.78261032985,20.95889175453626,0.02817552712076929
2023,8,rural,16,mujer,mediana,4,412.1327811158112,13.0,0.03449770454815521
2023,8,rural,16,mujer,promedio,4,412.1327811158112,13.644464673826057,0.027103358315545792
2023,8,rural,17,mujer,mediana,1,121.79116369918712,13.0,0.0
2023,8,rural,17,mujer,promedio,1,121.79116369918712,13.0,0.0
2023,8,rural,18,mujer,mediana,1,202.54820412992157,16.0,0.0
2023,8,rural,18,mujer,promedio,1,202.54820412992157,16.0,0.0
2023,8,rural,19,mujer,mediana,3,380.3866739357114,15.0,0.0
2023,8,rural,19,mujer,promedio,3,380.3866739357114,14.53220854602057,0.02075125278104524
2023,8,rural,20,hombre,mediana,1,352.80001129529086,19.0,0.0
2023,8,rural,20,hombre,promedio,1,352.80001129529086,19.0,0.0
2023,8,rural,20,mujer,mediana,7,720.2802583340025,17.0,0.06100956873294052
2023,8,rural,20,mujer,promedio,7,720.2802583340025,16.859739081647398,0.030758562259987417
2023,8,rural,21,mujer,mediana,6,782.99289492919,16.0,0.1535406406744762
2023,8,rural,21,mujer,promedio,6,782.99289492919,16.931435430433673,0.07612781651587942
2023,8,rural,22,hombre,mediana,5,1507.9250779120293,19.0,0.06738244050381824
2023,8,rural,22,hombre,promedio,5,1507.9250779120293,19.585759357521866,0.04056596234984266
2023,8,rural,22,mujer,mediana,4,482.1993199409548,17.0,0.08051602533138606
2023,8,rural,22,mujer,promedio,4,482.1993199409548,16.801225072176894,0.032442339066923544
2023,8,rural,23,hombre,mediana,2,691.30919985877,20.0,0.0
2023,8,rural,23,hombre,promedio,2,691.30919985877,19.048961252627343,0.03703150489121495
2023,8,rural,23,mujer,mediana,9,1018.0075638261453,17.0,0.020018736664594285
2023,8,rural,23,mujer,promedio,9,1018.0075638261453,16.144030073783448,0.027922729533135494
2023,8,rural,24,hombre,mediana,3,1226.7018908443276,23.0,0.0
2023,8,rural,24,hombre,promedio,3,1226.7018908443276,22.12554068965324,0.038903172993272624
2023,8,rural,24,mujer,mediana,9,1146.2850439249894,17.0,0.030349565817129272
2023,8,rural,24,mujer,promedio,9,1146.2850439249894,16.466046141462723,0.03981323987870391
2023,8,rural,25,hombre,mediana,5,1434.4832445822149,18.0,0.01730455141978143
2023,8,rural,25,hombre,promedio,5,1434.4832445822149,19.43430560800854,0.058456270198679154
2023,8,rural,25,mujer,mediana,8,935.2530397150771,15.0,0.06494713693794767
2023,8,rural,25,mujer,promedio,8,935.2530397150771,16.740177860079136,0.10144201322814748
2023,8,rural,26,mujer,mediana,10,1236.514822353,19.0,0.04710044767887474
2023,8,rural,26,mujer,promedio,10,1236.514822353,18.97797410698709,0.040963339699170175
2023,8,rural,27,hombre,mediana,2,570.4997628232716,17.0,0.21257295462604126
2023,8,rural,27,hombre,promedio,2,570.4997628232716,19.134328358208954,0.09443080940681005
2023,8,rural,27,mujer,mediana,8,917.1866924317835,18.0,0.10264818318196789
2023,8,rural,27,mujer,promedio,8,917.1866924317835,17.584030268550432,0.06947312904375823
2023,8,rural,28,hombre,mediana,2,368.9545368274322,21.0,0.0
2023,8,rural,28,hombre,promedio,2,368.9545368274322,21.0,0.0
2023,8,rural,28,mujer,mediana,12,1333.454916739582,18.0,0.031194688196049907
2023,8,rural,28,mujer,promedio,12,1333.454916739582,18.01075087451873,0.028614566002354555
2023,8,urbana,16,mujer,mediana,1,146.9733606318007,16.0,0.0
2023,8,urbana,16,mujer,promedio,1,146.9733606318007,16.0,0.0
2023,8,urbana,17,mujer,mediana,4,644.7134555821806,16.0,0.0
2023,8,urbana,17,mujer,promedio,4,644.7134555821806,15.332365193687549,0.038723262898127275
2023,8,urbana,18,mujer,mediana,2,191.90296211541758,15.0,0.09416802951883635
2023,8,urbana,18,mujer,promedio,2,191.90296211541758,15.965399185792274,0.044236928445846736
2023,8,urbana,19,hombre,mediana,2,893.271807784361,18.0,0.03884673988445682
2023,8,urbana,19,hombre,promedio,2,893.271807784361,18.447266128471387,0.018952437533305215
2023,8,urbana,19,mujer,mediana,4,537.3901797535665,18.0,0.06786003465416225
2023,8,urbana,19,mujer,promedio,4,537.3901797535665,17.248546886892285,0.04418957212619624
2023,8,urbana,20,mujer,mediana,9,1115.3115081049298,18.0,0.061578997025790984
2023,8,urbana,20,mujer,promedio,9,1115.3115081049298,17.363506452014466,0.03164970634312422
2023,8,urbana,21,hombre,mediana,2,732.240451202583,17.0,0.08291972932233264
2023,8,urbana,21,hombre,promedio,2,732.240451202583,17.943103157078493,0.03928070262259956
2023,8,urbana,21,mujer,mediana,14,1582.4777440929502,17.0,0.04954800385796193
2023,8,urbana,21,mujer,promedio,14,1582.4777440929502,17.301008178897764,0.031153294230365433
2023,8,urbana,22,hombre,mediana,1,287.0123845694856,20.0,0.0
2023,8,urbana,22,hombre,promedio,1,287.0123845694856,20.0,0.0
2023,8,urbana,22,mujer,mediana,15,1905.32268302428,17.0,0.04326002078383771
2023,8,urbana,22,mujer,promedio,15,1905.32268302428,17.614256366170128,0.029380055554609243
2023,8,urbana,23,hombre,mediana,1,151.74325452335736,18.0,0.0
2023,8,urbana,23,hombre,promedio,1,151.74325452335736,18.0,0.0
2023,8,urbana,23,mujer,mediana,15,1558.525423051821,17.0,0.06054788941332772
2023,8,urbana,23,mujer,promedio,15,1558.525423051821,17.691144521022885,0.03326748726993973
2023,8,urbana,24,hombre,mediana,2,672.772157357027,23.0,0.0
2023,8,urbana,24,hombre,promedio,2,672.772157357027,21.78156996587031,0.04819991133802481
2023,8,urbana,24,mujer,mediana,18,2476.1021292621544,17.0,0.07545212669092871
2023,8,urbana,24,mujer,promedio,18,2476.1021292621544,17.54020636045669,0.03653088279889484
2023,8,urbana,25,hombre,mediana,3,1013.1000157443086,19.0,0.0855179731509908
2023,8,urbana,25,hombre,promedio,3,1013.1000157443086,18.781455072977664,0.034664307250897586
2023,8,urbana,25,mujer,mediana,16,2106.433648490376,17.0,0.06288274153736857
2023,8,urbana,25,mujer,promedio,16,2106.433648490376,18.441487873720853,0.03800878386287276
2023,8,urbana,26,hombre,mediana,5,1822.62801098645,19.0,0.07534631514716499
2023,8,urbana,26,hombre,promedio,5,1822.62801098645,19.44978700760951,0.047660121106748575
2023,8,urbana,26,mujer,mediana,21,2669.6484413357944,18.0,0.04423838536159697
2023,8,urbana,26,mujer,promedio,21,2669.6484413357944,17.806086656132848,0.025459442740500226
2023,8,urbana,27,hombre,mediana,4,1404.8591616174067,17.0,0.10960449587458922
2023,8,urbana,27,hombre,promedio,4,1404.8591616174067,19.344332277926057,0.08635795592672793
2023,8,urbana,27,mujer,mediana,23,3134.0844344547536,20.0,0.06245609636870143
2023,8,urbana,27,mujer,promedio,23,3134.0844344547536,20.074763729934883,0.03819825711531346
2023,8,urbana,28,hombre,mediana,2,731.947776016159,25.0,0.0
2023,8,urbana,28,hombre,promedio,2,731.947776016159,23.888041116913644,0.04142985199107713
2023,8,urbana,28,mujer,mediana,26,3017.4047453075627,19.0,0.04972524222644587
2023,8,urbana,28,mujer,promedio,26,3017.4047453075627,19.29178286621135,0.03191768999462011
2023,9,rural,16,mujer,mediana,3,75.34257345351227,15.0,0.04354976092113335
2023,9,rural,16,mujer,promedio,3,75.34257345351227,14.291558494859407,0.046754108391631924
2023,9,rural,17,hombre,mediana,2,45.4215565163732,16.0,0.0
2023,9,rural,17,hombre,promedio,2,45.4215565163732,16.0,0.0
2023,9,rural,17,mujer,mediana,6,181.36308396692115,15.0,0.07263239580605078
2023,9,rural,17,mujer,promedio,6,181.36308396692115,15.367741875006448,0.03979930177638479
2023,9,rural,18,mujer,mediana,9,302.4875643748002,17.0,0.0
2023,9,rural,18,mujer,promedio,9,302.4875643748002,15.949762151956943,0.019565611087511404
2023,9,rural,19,hombre,mediana,1,96.14841104614062,17.0,0.0
2023,9,rural,19,hombre,promedio,1,96.14841104614062,17.0,0.0
2023,9,rural,19,mujer,mediana,8,232.34597136435906,17.0,0.0
2023,9,rural,19,mujer,promedio,8,232.34597136435906,16.42387838848873,0.011120515122152801
2023,9,rural,20,mujer,mediana,8,217.8951332280352,19.0,0.020052958597734538
2023,9,rural,20,mujer,promedio,8,217.8951332280352,18.082628617416592,0.03748751037187054
2023,9,rural,21,hombre,mediana,4,199.2548517869954,17.0,0.051862583471459396
2023,9,rural,21,hombre,promedio,4,199.2548517869954,17.926684817857016,0.03454280565324597
2023,9,rural,21,mujer,mediana,15,464.76930705145355,18.0,0.026908982563755263
2023,9,rural,21,mujer,promedio,15,464.76930705145355,17.55976338897302,0.02778299075778882
2023,9,rural,22,hombre,mediana,3,405.2326806238833,20.0,0.02898501191572477
2023,9,rural,22,hombre,promedio,3,405.2326806238833,19.902469865361965,0.0319016480944078
2023,9,rural,22,mujer,mediana,7,202.26248693020528,17.0,0.07718468360570378
2023,9,rural,22,mujer,promedio,7,202.26248693020528,17.85135676088305,0.02927530165115745
2023,9,rural,23,hombre,mediana,2,368.5062565563613,15.0,0.0
2023,9,rural,23,hombre,promedio,2,368.5062565563613,15.0,0.0
2023,9,rural,23,mujer,mediana,10,373.47418728729986,15.0,0.09470241946631058
2023,9,rural,23,mujer,promedio,10,373.47418728729986,15.885625670292168,0.05399095404282402
2023,9,rural,24,hombre,mediana,3,243.65465404265433,20.0,0.032948057288875565
2023,9,rural,24,hombre,promedio,3,243.65465404265433,19.850603225402164,0.03601297126255241
2023,9,rural,24,mujer,mediana,20,564.1207573620022,16.0,0.04981302921141464
2023,9,rural,24,mujer,promedio,20,564.1207573620022,16.860862711327844,0.03690273557965501
2023,9,rural,25,hombre,mediana,1,41.07046643177105,21.0,0.0
2023,9,rural,25,hombre,promedio,1,41.07046643177105,21.0,0.0
2023,9,rural,25,mujer,mediana,13,421.51476730478663,18.0,0.017811178465766162
2023,9,rural,25,mujer,promedio,13,421.51476730478663,18.563425848926464,0.0329249920081202
2023,9,rural,26,hombre,mediana,5,409.56948909270943,19.0,0.04715784523153904
2023,9,rural,26,hombre,promedio,5,409.56948909270943,18.715253986463324,0.02963557112985273
2023,9,rural,26,mujer,mediana,12,337.86242391699983,18.0,0.02361455631568216
2023,9,rural,26,mujer,promedio,12,337.86242391699983,18.74288148336911,0.05105051800807949
2023,9,rural,27,hombre,mediana,5,479.68643784334193,21.0,0.06910276952243892
2023,9,rural,27,hombre,promedio,5,479.68643784334193,21.31360668859926,0.058589573431611676
2023,9,rural,27,mujer,mediana,12,479.7638998062577,17.0,0.04145738245432231
2023,9,rural,27,mujer,promedio,12,479.7638998062577,17.156781955757033,0.028892902578608826
2023,9,rural,28,hombre,mediana,4,407.82487633932107,21.0,0.12351624968582427
2023,9,rural,28,hombre,promedio,4,407.82487633932107,21.147552706997157,0.05827746903928775
2023,9,rural,28,mujer,mediana,10,279.62871397897965,15.0,0.07932411814256378
2023,9,rural,28,mujer,promedio,10,279.62871397897965,15.82896639628756,0.05414574686945349
2023,9,urbana,16,mujer,mediana,1,26.528815549390693,16.0,0.0
2023,9,urbana,16,mujer,promedio,1,26.528815549390693,16.0,0.0
2023,9,urbana,18,mujer,mediana,1,99.0721133493764,18.0,0.0
2023,9,urbana,18,mujer,promedio,1,99.0721133493764,18.0,0.0
2023,9,urbana,19,mujer,mediana,5,317.7326465699416,18.0,0.01859208476088834
2023,9,urbana,19,mujer,promedio,5,317.7326465699416,17.953369055437737,0.008155126955493173
2023,9,urbana,20,hombre,mediana,1,429.2870615742341,17.0,0.0
2023,9,urbana,20,hombre,promedio,1,429.2870615742341,17.0,0.0
2023,9,urbana,20,mujer,mediana,5,153.28589873679516,16.0,0.14774614050883414
2023,9,urbana,20,mujer,promedio,5,153.28589873679516,16.662854315293874,0.058062605728200434
2023,9,urbana,21,hombre,mediana,1,429.2870615742341,20.0,0.0
2023,9,urbana,21,hombre,promedio,1,429.2870615742341,20.0,0.0
2023,9,urbana,21,mujer,mediana,8,369.26760184188834,16.0,0.0
2023,9,urbana,21,mujer,promedio,8,369.26760184188834,16.303403548427983,0.02978505853572743
2023,9,urbana,22,hombre,mediana,1,94.94850360667981,21.0,0.0
2023,9,urbana,22,hombre,promedio,1,94.94850360667981,21.0,0.0
2023,9,urbana,22,mujer,mediana,4,108.71700674625541,14.0,0.20056301057568662
2023,9,urbana,22,mujer,promedio,4,108.71700674625541,16.309407802486565,0.0924721666323745
2023,9,urbana,23,mujer,mediana,10,287.6626546502581,18.0,0.052705479493977136
2023,9,urbana,23,mujer,promedio,10,287.6626546502581,18.50204158663299,0.03331815540602401
2023,9,urbana,24,hombre,mediana,3,289.101942102184,19.0,0.1276358546621541
2023,9,urbana,24,hombre,promedio,3,289.101942102184,19.712569946772213,0.05396965033029558
2023,9,urbana,24,mujer,mediana,19,761.0076256790144,18.0,0.06787669688276712
2023,9,urbana,24,mujer,promedio,19,761.0076256790144,18.196905760875016,0.033841899990191486
2023,9,urbana,25,hombre,mediana,3,365.3797678992927,16.0,0.17813579383870837
2023,9,urbana,25,hombre,promedio,3,365.3797678992927,18.16376340870155,0.09046032274974662
2023,9,urbana,25,mujer,mediana,13,559.5501363013167,18.0,0.06055683350803309
2023,9,urbana,25,mujer,promedio,13,559.5501363013167,17.611769175893325,0.04505826050439644
2023,9,urbana,26,hombre,mediana,6,537.8546096373477,17.0,0.08037454923893039
2023,9,urbana,26,hombre,promedio,6,537.8546096373477,18.835506925716064,0.03928484111590606
2023,9,urbana,26,mujer,mediana,12,581.2660032313012,22.0,0.03789972757281274
2023,9,urbana,26,mujer,promedio,12,581.2660032313012,20.466851271133386,0.04596773167583817
2023,9,urbana,27,hombre,mediana,4,723.6949216362176,22.0,0.0
2023,9,urbana,27,hombre,promedio,4,723.6949216362176,21.78461102380764,0.01671943621045805
2023,9,urbana,27,mujer,mediana,20,670.97359487614,18.0,0.06696550516941294
2023,9,urbana,27,mujer,promedio,20,670.97359487614,18.716924036441423,0.03317941117228579
2023,9,urbana,28,hombre,mediana,3,522.0629125185555,23.0,0.0
2023,9,urbana,28,hombre,promedio,3,522.0629125185555,22.291059058338828,0.029445756112905997
2023,9,urbana,28,mujer,mediana,19,919.0629193122624,20.0,0.06522107146865182
2023,9,urbana,28,mujer,promedio,19,919.0629193122624,21.084314338836077,0.04131350982138567
